episode,return,length,mean_goal_error,success_ratio,op_delta_damage_sum,self_delta_damage_sum
1,-1567.7730820178986,1265,0.09367569308035929,0.13280632411067195,0.0,0.0
2,-1.2881579399108887,1,0.16101974248886108,0.0,0.0,0.0
3,-0.29307031631469727,1,0.03663378953933716,0.0,0.0,0.0
4,-0.5435147285461426,1,0.06793934106826782,0.0,0.0,0.0
5,-1.6360464096069336,1,0.2045058012008667,0.0,0.0,0.0
6,1.9439139366149902,1,0.007010757923126221,1.0,0.0,0.0
7,-0.48358964920043945,1,0.06044870615005493,0.0,0.0,0.0
8,-2.4225502014160156,1,0.05281877517700195,0.0,0.0,0.0
9,-0.645024299621582,1,0.08062803745269775,0.0,0.0,0.0
10,-2.298815965652466,1,0.2873519957065582,0.0,0.0,0.0
11,-0.7166178226470947,1,0.08957722783088684,0.0,0.0,0.0
12,-0.7784876823425293,1,0.09731096029281616,0.0,0.0,0.0
13,-2.7335758209228516,1,0.09169697761535645,0.0,0.0,0.0
14,-0.5350866317749023,1,0.06688582897186279,0.0,0.0,0.0
15,-0.2591395378112793,1,0.03239244222640991,0.0,0.0,0.0
16,-0.34461212158203125,1,0.043076515197753906,0.0,0.0,0.0
17,-1606.672492980957,1265,0.09545786948543292,0.1359683794466403,0.0,0.0
18,-0.5593671798706055,1,0.06992089748382568,0.0,0.0,0.0
19,-0.5660431385040283,1,0.07075539231300354,0.0,0.0,0.0
20,-0.9025683403015137,1,0.11282104253768921,0.0,0.0,0.0
21,-0.5294647216796875,1,0.06618309020996094,0.0,0.0,0.0
22,1.976240634918213,1,0.0029699206352233887,1.0,0.0,0.0
23,-0.9820976257324219,1,0.12276220321655273,0.0,0.0,0.0
24,-2.454556941986084,1,0.0568196177482605,0.0,0.0,0.0
25,-2.478771686553955,1,0.059846460819244385,0.0,0.0,0.0
26,-0.24479341506958008,1,0.03059917688369751,0.0,0.0,0.0
27,-0.5637288093566895,1,0.07046610116958618,0.0,0.0,0.0
28,-2.350520133972168,1,0.043815016746520996,0.0,0.0,0.0
29,-2.4466047286987305,1,0.05582559108734131,0.0,0.0,0.0
30,-0.8286938667297363,1,0.10358673334121704,0.0,0.0,0.0
31,-0.4858577251434326,1,0.06073221564292908,0.0,0.0,0.0
32,-2.2563228607177734,1,0.03204035758972168,0.0,0.0,0.0
33,-1157.3805046081543,1265,0.08450466446254565,0.25296442687747034,0.0,0.0
34,-0.8155868053436279,1,0.10194835066795349,0.0,0.0,0.0
35,-2.8791370391845703,1,0.10989212989807129,0.0,0.0,0.0
36,-0.9990737438201904,1,0.1248842179775238,0.0,0.0,0.0
37,-0.8810081481933594,1,0.11012601852416992,0.0,0.0,0.0
38,-1.166581153869629,1,0.1458226442337036,0.0,0.0,0.0
39,-0.5505383014678955,1,0.06881728768348694,0.0,0.0,0.0
40,-0.5783908367156982,1,0.07229885458946228,0.0,0.0,0.0
41,-0.10554361343383789,1,0.013192951679229736,1.0,0.0,0.0
42,-0.2970271110534668,1,0.03712838888168335,0.0,0.0,0.0
43,-0.09502863883972168,1,0.01187857985496521,1.0,0.0,0.0
44,-0.2668588161468506,1,0.03335735201835632,0.0,0.0,0.0
45,-0.11109685897827148,1,0.013887107372283936,1.0,0.0,0.0
46,-3.0,1,0.14296796917915344,0.0,0.0,0.0
47,-0.4290604591369629,1,0.05363255739212036,0.0,0.0,0.0
48,-2.9917168617248535,1,0.12396460771560669,0.0,0.0,0.0
49,-1204.1358675956726,1265,0.08639973948595552,0.28221343873517785,0.0,0.0
50,-0.365337610244751,1,0.04566720128059387,0.0,0.0,0.0
51,-2.2855563163757324,1,0.03569453954696655,0.0,0.0,0.0
52,1.8043341636657715,1,0.024458229541778564,1.0,0.0,0.0
53,1.8844311237335205,1,0.014446109533309937,1.0,0.0,0.0
54,-2.607205390930176,1,0.07590067386627197,0.0,0.0,0.0
55,-0.29409122467041016,1,0.03676140308380127,0.0,0.0,0.0
56,-0.09893012046813965,1,0.012366265058517456,1.0,0.0,0.0
57,1.7962937355041504,1,0.0254632830619812,1.0,0.0,0.0
58,-1.68715238571167,1,0.21089404821395874,0.0,0.0,0.0
59,-3.0,1,0.14595085382461548,0.0,0.0,0.0
60,-0.5834870338439941,1,0.07293587923049927,0.0,0.0,0.0
61,-3.0,1,0.22395765781402588,0.0,0.0,0.0
62,-0.2610464096069336,1,0.0326308012008667,0.0,0.0,0.0
63,1.9281182289123535,1,0.00898522138595581,1.0,0.0,0.0
64,-2.0067453384399414,1,0.2508431673049927,0.0,0.0,0.0
65,-1683.627834558487,1265,0.09854755929336247,0.14782608695652175,0.0,0.0
66,-0.5439751148223877,1,0.06799688935279846,0.0,0.0,0.0
67,-2.9842214584350586,1,0.12302768230438232,0.0,0.0,0.0
68,-3.0,1,0.16052564978599548,0.0,0.0,0.0
69,-1.5462963581085205,1,0.19328704476356506,0.0,0.0,0.0
70,-3.0,1,0.15265581011772156,0.0,0.0,0.0
71,-3.0,1,0.2596324384212494,0.0,0.0,0.0
72,-2.6780855655670166,1,0.08476069569587708,0.0,0.0,0.0
73,-0.5109646320343018,1,0.06387057900428772,0.0,0.0,0.0
74,-2.5800018310546875,1,0.07250022888183594,0.0,0.0,0.0
75,-0.2587764263153076,1,0.03234705328941345,0.0,0.0,0.0
76,-3.0,1,0.13752228021621704,0.0,0.0,0.0
77,-3.0,1,0.29750925302505493,0.0,0.0,0.0
78,-0.58371901512146,1,0.0729648768901825,0.0,0.0,0.0
79,-1.713341474533081,1,0.21416768431663513,0.0,0.0,0.0
80,-2.8632185459136963,1,0.10790231823921204,0.0,0.0,0.0
81,-1430.04492521286,1265,0.08300051568996293,0.19604743083003953,0.0,0.0
82,-2.908085584640503,1,0.11351069808006287,0.0,0.0,0.0
83,-2.510350227355957,1,0.06379377841949463,0.0,0.0,0.0
84,-2.7490792274475098,1,0.09363490343093872,0.0,0.0,0.0
85,-0.5037412643432617,1,0.06296765804290771,0.0,0.0,0.0
86,-0.8318252563476562,1,0.10397815704345703,0.0,0.0,0.0
87,1.7858307361602783,1,0.02677115797996521,1.0,0.0,0.0
88,-0.2681756019592285,1,0.033521950244903564,0.0,0.0,0.0
89,-3.0,1,0.2206529676914215,0.0,0.0,0.0
90,-0.140031099319458,1,0.01750388741493225,1.0,0.0,0.0
91,-0.7067103385925293,1,0.08833879232406616,0.0,0.0,0.0
92,-2.99826717376709,1,0.12478339672088623,0.0,0.0,0.0
93,-3.0,1,0.1571630835533142,0.0,0.0,0.0
94,-0.4907543659210205,1,0.061344295740127563,0.0,0.0,0.0
95,-0.33770036697387695,1,0.04221254587173462,0.0,0.0,0.0
96,-0.5449161529541016,1,0.0681145191192627,0.0,0.0,0.0
97,-1691.8724567890167,1265,0.09338771427572952,0.14861660079051384,0.0,0.0
98,-0.7931299209594727,1,0.09914124011993408,0.0,0.0,0.0
99,-0.05737018585205078,1,0.007171273231506348,1.0,0.0,0.0
100,-0.18276500701904297,1,0.02284562587738037,1.0,0.0,0.0
101,-0.6171169281005859,1,0.07713961601257324,0.0,0.0,0.0
102,-0.17447161674499512,1,0.02180895209312439,1.0,0.0,0.0
103,-0.16352200508117676,1,0.020440250635147095,1.0,0.0,0.0
104,1.7620697021484375,1,0.029741287231445312,1.0,0.0,0.0
105,-3.0,1,0.15492203831672668,0.0,0.0,0.0
106,-0.5810294151306152,1,0.0726286768913269,0.0,0.0,0.0
107,-3.0,1,0.13513368368148804,0.0,0.0,0.0
108,-0.2700529098510742,1,0.03375661373138428,0.0,0.0,0.0
109,-0.8912930488586426,1,0.11141163110733032,0.0,0.0,0.0
110,-3.0,1,0.32276245951652527,0.0,0.0,0.0
111,-0.9532885551452637,1,0.11916106939315796,0.0,0.0,0.0
112,1.9173955917358398,1,0.01032555103302002,1.0,0.0,0.0
113,-1361.9759483337402,1265,0.09644728573885832,0.2300395256916996,0.0,0.0
114,-2.2804086208343506,1,0.03505107760429382,0.0,0.0,0.0
115,-1.447516679763794,1,0.18093958497047424,0.0,0.0,0.0
116,-0.7721748352050781,1,0.09652185440063477,0.0,0.0,0.0
117,-0.5184619426727295,1,0.06480774283409119,0.0,0.0,0.0
118,1.9135303497314453,1,0.010808706283569336,1.0,0.0,0.0
119,-2.338493824005127,1,0.04231172800064087,0.0,0.0,0.0
120,-0.5120344161987305,1,0.06400430202484131,0.0,0.0,0.0
121,-1.4713101387023926,1,0.18391376733779907,0.0,0.0,0.0
122,-0.8339049816131592,1,0.1042381227016449,0.0,0.0,0.0
123,-3.0,1,0.32125189900398254,0.0,0.0,0.0
124,-0.6758317947387695,1,0.08447897434234619,0.0,0.0,0.0
125,-3.0,1,0.16205179691314697,0.0,0.0,0.0
126,-0.8794727325439453,1,0.10993409156799316,0.0,0.0,0.0
127,-0.6397073268890381,1,0.07996341586112976,0.0,0.0,0.0
128,-0.6430561542510986,1,0.08038201928138733,0.0,0.0,0.0
129,-1220.4562933444977,1265,0.08805674552446298,0.27035573122529644,0.0,0.0
130,-0.7131824493408203,1,0.08914780616760254,0.0,0.0,0.0
131,-0.5513253211975098,1,0.06891566514968872,0.0,0.0,0.0
132,1.961399793624878,1,0.004825025796890259,1.0,0.0,0.0
133,1.8456172943115234,1,0.01929783821105957,1.0,0.0,0.0
134,-2.4831511974334717,1,0.06039389967918396,0.0,0.0,0.0
135,-0.7874236106872559,1,0.09842795133590698,0.0,0.0,0.0
136,-0.2086338996887207,1,0.026079237461090088,1.0,0.0,0.0
137,-2.2705860137939453,1,0.033823251724243164,0.0,0.0,0.0
138,-2.999221086502075,1,0.1249026358127594,0.0,0.0,0.0
139,-1.0237832069396973,1,0.12797290086746216,0.0,0.0,0.0
140,-3.0,1,0.2588474154472351,0.0,0.0,0.0
141,-0.9926435947418213,1,0.12408044934272766,0.0,0.0,0.0
142,1.7934746742248535,1,0.02581566572189331,1.0,0.0,0.0
143,-2.6132941246032715,1,0.07666176557540894,0.0,0.0,0.0
144,-1.6511261463165283,1,0.20639076828956604,0.0,0.0,0.0
145,-1376.881531715393,1265,0.09867135576108699,0.22529644268774704,0.0,0.0
146,-1.8149008750915527,1,0.2268626093864441,0.0,0.0,0.0
147,1.8535361289978027,1,0.018307983875274658,1.0,0.0,0.0
148,-3.0,1,0.21087032556533813,0.0,0.0,0.0
149,-2.713141679763794,1,0.08914270997047424,0.0,0.0,0.0
150,1.9815857410430908,1,0.0023017823696136475,1.0,0.0,0.0
151,-3.0,1,0.1495688259601593,0.0,0.0,0.0
152,1.915215253829956,1,0.010598093271255493,1.0,0.0,0.0
153,-2.568333387374878,1,0.07104167342185974,0.0,0.0,0.0
154,-2.2503976821899414,1,0.031299710273742676,0.0,0.0,0.0
155,-2.3471016883850098,1,0.04338771104812622,0.0,0.0,0.0
156,-3.0,1,0.1582571566104889,0.0,0.0,0.0
157,-0.18582844734191895,1,0.023228555917739868,1.0,0.0,0.0
158,-1.7359673976898193,1,0.21699592471122742,0.0,0.0,0.0
159,-1.3144681453704834,1,0.16430851817131042,0.0,0.0,0.0
160,-2.538593053817749,1,0.06732413172721863,0.0,0.0,0.0
161,-1058.1333673000336,1265,0.09123414432107224,0.23794466403162054,0.0,0.0
162,-0.039052486419677734,1,0.004881560802459717,1.0,0.0,0.0
163,-0.9744126796722412,1,0.12180158495903015,0.0,0.0,0.0
164,-0.3392934799194336,1,0.0424116849899292,0.0,0.0,0.0
165,-0.7880518436431885,1,0.09850648045539856,0.0,0.0,0.0
166,-0.5767776966094971,1,0.07209721207618713,0.0,0.0,0.0
167,-3.0,1,0.20063605904579163,0.0,0.0,0.0
168,-2.0697951316833496,1,0.2587243914604187,0.0,0.0,0.0
169,-2.894035816192627,1,0.11175447702407837,0.0,0.0,0.0
170,-0.15610408782958984,1,0.01951301097869873,1.0,0.0,0.0
171,-3.0,1,0.14371615648269653,0.0,0.0,0.0
172,1.8871636390686035,1,0.01410454511642456,1.0,0.0,0.0
173,-0.9626865386962891,1,0.12033581733703613,0.0,0.0,0.0
174,-2.798785924911499,1,0.09984824061393738,0.0,0.0,0.0
175,-0.27114033699035645,1,0.033892542123794556,0.0,0.0,0.0
176,-0.5619137287139893,1,0.07023921608924866,0.0,0.0,0.0
177,-1770.953593492508,1265,0.09775440615156422,0.17233201581027668,0.0,0.0
178,-2.2551748752593994,1,0.03189685940742493,0.0,0.0,0.0
179,-2.9424877166748047,1,0.11781096458435059,0.0,0.0,0.0
180,-2.3463454246520996,1,0.04329317808151245,0.0,0.0,0.0
181,-2.2714948654174805,1,0.03393685817718506,0.0,0.0,0.0
182,-0.9720425605773926,1,0.12150532007217407,0.0,0.0,0.0
183,-0.6501908302307129,1,0.08127385377883911,0.0,0.0,0.0
184,-2.698613166809082,1,0.08732664585113525,0.0,0.0,0.0
185,-1.9555935859680176,1,0.2444491982460022,0.0,0.0,0.0
186,-3.0,1,0.15627649426460266,0.0,0.0,0.0
187,-1.1557776927947998,1,0.14447221159934998,0.0,0.0,0.0
188,1.893866777420044,1,0.013266652822494507,1.0,0.0,0.0
189,1.988825798034668,1,0.001396775245666504,1.0,0.0,0.0
190,-0.2808241844177246,1,0.035103023052215576,0.0,0.0,0.0
191,-1.808269739151001,1,0.22603371739387512,0.0,0.0,0.0
192,-2.9363503456115723,1,0.11704379320144653,0.0,0.0,0.0
193,-1380.46515750885,1265,0.08475823362354233,0.18023715415019761,0.0,0.0
194,-2.530748128890991,1,0.0663435161113739,0.0,0.0,0.0
195,-2.865584373474121,1,0.10819804668426514,0.0,0.0,0.0
196,-1.31398344039917,1,0.16424793004989624,0.0,0.0,0.0
197,-0.5113942623138428,1,0.06392428278923035,0.0,0.0,0.0
198,-0.3354618549346924,1,0.04193273186683655,0.0,0.0,0.0
199,1.8031187057495117,1,0.024610161781311035,1.0,0.0,0.0
200,-0.7384693622589111,1,0.09230867028236389,0.0,0.0,0.0
201,-0.9174330234527588,1,0.11467912793159485,0.0,0.0,0.0
202,-3.0,1,0.15672960877418518,0.0,0.0,0.0
203,-0.18888568878173828,1,0.023610711097717285,1.0,0.0,0.0
204,-1.2907545566558838,1,0.16134431958198547,0.0,0.0,0.0
205,-0.4043550491333008,1,0.0505443811416626,0.0,0.0,0.0
206,-2.0219364166259766,1,0.25274205207824707,0.0,0.0,0.0
207,-3.0,1,0.2492007613182068,0.0,0.0,0.0
208,-2.6777541637420654,1,0.08471927046775818,0.0,0.0,0.0
209,-1427.1050391197205,1265,0.09070660552017303,0.18893280632411066,0.0,0.0
210,-0.9702231884002686,1,0.12127789855003357,0.0,0.0,0.0
211,-2.3778228759765625,1,0.04722785949707031,0.0,0.0,0.0
212,-3.0,1,0.18099799752235413,0.0,0.0,0.0
213,-2.745006799697876,1,0.0931258499622345,0.0,0.0,0.0
214,1.8237073421478271,1,0.022036582231521606,1.0,0.0,0.0
215,-0.0296630859375,1,0.0037078857421875,1.0,0.0,0.0
216,-1.2935140132904053,1,0.16168925166130066,0.0,0.0,0.0
217,-0.08631777763366699,1,0.010789722204208374,1.0,0.0,0.0
218,-0.16806983947753906,1,0.021008729934692383,1.0,0.0,0.0
219,-1.445875883102417,1,0.18073448538780212,0.0,0.0,0.0
220,-3.0,1,0.13698917627334595,0.0,0.0,0.0
221,-0.4703516960144043,1,0.05879396200180054,0.0,0.0,0.0
222,-0.12091755867004395,1,0.015114694833755493,1.0,0.0,0.0
223,-1.000234603881836,1,0.1250293254852295,0.0,0.0,0.0
224,-0.42096829414367676,1,0.052621036767959595,0.0,0.0,0.0
225,-1499.232476234436,1265,0.11321377966243759,0.17391304347826086,0.0,0.0
226,1.9057230949401855,1,0.011784613132476807,1.0,0.0,0.0
227,-0.00189971923828125,1,0.00023746490478515625,1.0,0.0,0.0
228,-3.0,1,0.17720624804496765,0.0,0.0,0.0
229,-2.9354896545410156,1,0.11693620681762695,0.0,0.0,0.0
230,-0.8398022651672363,1,0.10497528314590454,0.0,0.0,0.0
231,-0.8355593681335449,1,0.10444492101669312,0.0,0.0,0.0
232,-1.1067116260528564,1,0.13833895325660706,0.0,0.0,0.0
233,-0.6400058269500732,1,0.08000072836875916,0.0,0.0,0.0
234,-1.1542813777923584,1,0.1442851722240448,0.0,0.0,0.0
235,-3.0,1,0.2563086748123169,0.0,0.0,0.0
236,-0.24373507499694824,1,0.03046688437461853,0.0,0.0,0.0
237,-2.3375649452209473,1,0.04219561815261841,0.0,0.0,0.0
238,-3.0,1,0.15563246607780457,0.0,0.0,0.0
239,-2.9316940307617188,1,0.11646175384521484,0.0,0.0,0.0
240,-0.4734814167022705,1,0.059185177087783813,0.0,0.0,0.0
241,-1197.4709284305573,1265,0.08604930627487394,0.2545454545454545,0.0,0.0
242,-0.99666428565979,1,0.12458303570747375,0.0,0.0,0.0
243,-2.3192694187164307,1,0.03990867733955383,0.0,0.0,0.0
244,-1.333155870437622,1,0.16664448380470276,0.0,0.0,0.0
245,-2.4368467330932617,1,0.054605841636657715,0.0,0.0,0.0
246,-0.8352551460266113,1,0.10440689325332642,0.0,0.0,0.0
247,-0.33129262924194336,1,0.04141157865524292,0.0,0.0,0.0
248,-0.8068222999572754,1,0.10085278749465942,0.0,0.0,0.0
249,1.9743030071258545,1,0.0032121241092681885,1.0,0.0,0.0
250,-1.2962779998779297,1,0.1620347499847412,0.0,0.0,0.0
251,-2.3524703979492188,1,0.044058799743652344,0.0,0.0,0.0
252,-2.6300911903381348,1,0.07876139879226685,0.0,0.0,0.0
253,1.855454444885254,1,0.01806819438934326,1.0,0.0,0.0
254,-1.5282258987426758,1,0.19102823734283447,0.0,0.0,0.0
255,-1.065014123916626,1,0.13312676548957825,0.0,0.0,0.0
256,-1.162367582321167,1,0.14529594779014587,0.0,0.0,0.0
257,-1627.4962911605835,1265,0.1076438289150419,0.16679841897233202,0.0,0.0
258,-1.0937037467956543,1,0.1367129683494568,0.0,0.0,0.0
259,-0.8432598114013672,1,0.1054074764251709,0.0,0.0,0.0
260,-0.17132163047790527,1,0.02141520380973816,1.0,0.0,0.0
261,-1.5844249725341797,1,0.19805312156677246,0.0,0.0,0.0
262,-0.8477315902709961,1,0.10596644878387451,0.0,0.0,0.0
263,-2.759164333343506,1,0.09489554166793823,0.0,0.0,0.0
264,-0.7062234878540039,1,0.08827793598175049,0.0,0.0,0.0
265,-1.9233119487762451,1,0.24041399359703064,0.0,0.0,0.0
266,-0.032774925231933594,1,0.004096865653991699,1.0,0.0,0.0
267,-2.7296903133392334,1,0.09121128916740417,0.0,0.0,0.0
268,-1.2249937057495117,1,0.15312421321868896,0.0,0.0,0.0
269,-2.269766092300415,1,0.03372076153755188,0.0,0.0,0.0
270,-0.629580020904541,1,0.07869750261306763,0.0,0.0,0.0
271,-2.3765103816986084,1,0.04706379771232605,0.0,0.0,0.0
272,-0.25969362258911133,1,0.032461702823638916,0.0,0.0,0.0
273,-1419.776231765747,1265,0.1106075871603291,0.20395256916996046,0.0,0.0
274,-1.1880617141723633,1,0.1485077142715454,0.0,0.0,0.0
275,-1.0785102844238281,1,0.13481378555297852,0.0,0.0,0.0
276,-2.2648675441741943,1,0.03310844302177429,0.0,0.0,0.0
277,-2.3457043170928955,1,0.04321303963661194,0.0,0.0,0.0
278,-2.398103952407837,1,0.049762994050979614,0.0,0.0,0.0
279,-3.0,1,0.25408926606178284,0.0,0.0,0.0
280,-1.9805798530578613,1,0.24757248163223267,0.0,0.0,0.0
281,-0.7674705982208252,1,0.09593382477760315,0.0,0.0,0.0
282,-2.385953426361084,1,0.0482441782951355,0.0,0.0,0.0
283,-0.7663612365722656,1,0.0957951545715332,0.0,0.0,0.0
284,-2.318155527114868,1,0.03976944088935852,0.0,0.0,0.0
285,-0.8204090595245361,1,0.10255113244056702,0.0,0.0,0.0
286,-0.0033435821533203125,1,0.00041794776916503906,1.0,0.0,0.0
287,-3.0,1,0.13129937648773193,0.0,0.0,0.0
288,-0.7453131675720215,1,0.09316414594650269,0.0,0.0,0.0
289,-1277.8781399726868,1265,0.08754129871549342,0.24031620553359684,0.0,0.0
290,-0.5490856170654297,1,0.06863570213317871,0.0,0.0,0.0
291,-2.8567886352539062,1,0.10709857940673828,0.0,0.0,0.0
292,-0.31958770751953125,1,0.039948463439941406,0.0,0.0,0.0
293,1.8580703735351562,1,0.01774120330810547,1.0,0.0,0.0
294,-0.5390691757202148,1,0.06738364696502686,0.0,0.0,0.0
295,-0.5425825119018555,1,0.06782281398773193,0.0,0.0,0.0
296,1.931060552597046,1,0.008617430925369263,1.0,0.0,0.0
297,1.9644513130187988,1,0.0044435858726501465,1.0,0.0,0.0
298,-3.0,1,0.1501280665397644,0.0,0.0,0.0
299,1.8896675109863281,1,0.013791561126708984,1.0,0.0,0.0
300,1.9619097709655762,1,0.0047612786293029785,1.0,0.0,0.0
301,-2.3138179779052734,1,0.03922724723815918,0.0,0.0,0.0
302,-2.991881847381592,1,0.12398523092269897,0.0,0.0,0.0
303,-0.24084019660949707,1,0.030105024576187134,0.0,0.0,0.0
304,-0.008112430572509766,1,0.0010140538215637207,1.0,0.0,0.0
305,-1393.9460411071777,1265,0.094519831493438,0.22134387351778656,0.0,0.0
306,1.9479951858520508,1,0.006500601768493652,1.0,0.0,0.0
307,1.8708620071411133,1,0.01614224910736084,1.0,0.0,0.0
308,-2.836200714111328,1,0.10452508926391602,0.0,0.0,0.0
309,-0.9993798732757568,1,0.1249224841594696,0.0,0.0,0.0
310,-2.3546557426452637,1,0.04433196783065796,0.0,0.0,0.0
311,-2.4145240783691406,1,0.05181550979614258,0.0,0.0,0.0
312,-1.2208867073059082,1,0.15261083841323853,0.0,0.0,0.0
313,-1.3816454410552979,1,0.17270568013191223,0.0,0.0,0.0
314,-0.20406103134155273,1,0.025507628917694092,1.0,0.0,0.0
315,-2.566606283187866,1,0.07082578539848328,0.0,0.0,0.0
316,-2.387660026550293,1,0.04845750331878662,0.0,0.0,0.0
317,1.8083696365356445,1,0.023953795433044434,1.0,0.0,0.0
318,-2.0289714336395264,1,0.2536214292049408,0.0,0.0,0.0
319,-3.0,1,0.14437627792358398,0.0,0.0,0.0
320,-0.019271373748779297,1,0.002408921718597412,1.0,0.0,0.0
321,-1525.0350267887115,1265,0.09401986337461962,0.16996047430830039,0.0,0.0
322,-2.5327799320220947,1,0.06659749150276184,0.0,0.0,0.0
323,-3.0,1,0.13768893480300903,0.0,0.0,0.0
324,1.8020148277282715,1,0.024748146533966064,1.0,0.0,0.0
325,-2.9705066680908203,1,0.12131333351135254,0.0,0.0,0.0
326,-0.7496986389160156,1,0.09371232986450195,0.0,0.0,0.0
327,-0.3164243698120117,1,0.039553046226501465,0.0,0.0,0.0
328,-1.2016990184783936,1,0.1502123773097992,0.0,0.0,0.0
329,1.8419089317321777,1,0.019761383533477783,1.0,0.0,0.0
330,-2.972773790359497,1,0.12159672379493713,0.0,0.0,0.0
331,-0.2876710891723633,1,0.03595888614654541,0.0,0.0,0.0
332,-1.0490550994873047,1,0.13113188743591309,0.0,0.0,0.0
333,-0.0598299503326416,1,0.0074787437915802,1.0,0.0,0.0
334,-3.0,1,0.132798433303833,0.0,0.0,0.0
335,-0.46297454833984375,1,0.05787181854248047,0.0,0.0,0.0
336,-2.2804503440856934,1,0.03505629301071167,0.0,0.0,0.0
337,-1325.4437968730927,1265,0.08627475613190723,0.23557312252964427,0.0,0.0
338,-0.24830150604248047,1,0.03103768825531006,0.0,0.0,0.0
339,-0.7116527557373047,1,0.08895659446716309,0.0,0.0,0.0
340,1.793316125869751,1,0.025835484266281128,1.0,0.0,0.0
341,-0.03562784194946289,1,0.004453480243682861,1.0,0.0,0.0
342,-3.0,1,0.15008604526519775,0.0,0.0,0.0
343,1.868286371231079,1,0.016464203596115112,1.0,0.0,0.0
344,-0.8512911796569824,1,0.1064113974571228,0.0,0.0,0.0
345,-0.42719125747680664,1,0.05339890718460083,0.0,0.0,0.0
346,-1.5198109149932861,1,0.18997636437416077,0.0,0.0,0.0
347,1.8110401630401611,1,0.02361997961997986,1.0,0.0,0.0
348,-0.8730597496032715,1,0.10913246870040894,0.0,0.0,0.0
349,-0.3462057113647461,1,0.04327571392059326,0.0,0.0,0.0
350,-2.3718056678771973,1,0.04647570848464966,0.0,0.0,0.0
351,-1.1507747173309326,1,0.14384683966636658,0.0,0.0,0.0
352,-2.4700734615325928,1,0.0587591826915741,0.0,0.0,0.0
353,-1367.6335635185242,1265,0.09301600496288345,0.216600790513834,0.0,0.0
354,-2.3063910007476807,1,0.03829887509346008,0.0,0.0,0.0
355,-0.7821478843688965,1,0.09776848554611206,0.0,0.0,0.0
356,-2.708771228790283,1,0.0885964035987854,0.0,0.0,0.0
357,1.794769287109375,1,0.025653839111328125,1.0,0.0,0.0
358,-0.7044973373413086,1,0.08806216716766357,0.0,0.0,0.0
359,-1.1680500507354736,1,0.1460062563419342,0.0,0.0,0.0
360,-0.1782233715057373,1,0.022277921438217163,1.0,0.0,0.0
361,1.9882104396820068,1,0.0014736950397491455,1.0,0.0,0.0
362,1.8340792655944824,1,0.020740091800689697,1.0,0.0,0.0
363,-0.6871664524078369,1,0.08589580655097961,0.0,0.0,0.0
364,-0.120697021484375,1,0.015087127685546875,1.0,0.0,0.0
365,-0.8403820991516113,1,0.10504776239395142,0.0,0.0,0.0
366,-2.8077640533447266,1,0.10097050666809082,0.0,0.0,0.0
367,-2.487753391265869,1,0.06096917390823364,0.0,0.0,0.0
368,-2.3899197578430176,1,0.0487399697303772,0.0,0.0,0.0
369,-1432.3237392902374,1265,0.08939104278097039,0.22292490118577074,0.0,0.0
370,-2.4930803775787354,1,0.06163504719734192,0.0,0.0,0.0
371,-0.5632545948028564,1,0.07040682435035706,0.0,0.0,0.0
372,-2.4712352752685547,1,0.058904409408569336,0.0,0.0,0.0
373,-0.3655562400817871,1,0.04569453001022339,0.0,0.0,0.0
374,-2.6650466918945312,1,0.0831308364868164,0.0,0.0,0.0
375,-2.493849039077759,1,0.06173112988471985,0.0,0.0,0.0
376,-0.7975726127624512,1,0.0996965765953064,0.0,0.0,0.0
377,1.913440227508545,1,0.010819971561431885,1.0,0.0,0.0
378,-2.3744773864746094,1,0.04680967330932617,0.0,0.0,0.0
379,-1.2462198734283447,1,0.1557774841785431,0.0,0.0,0.0
380,-0.43265581130981445,1,0.05408197641372681,0.0,0.0,0.0
381,-3.0,1,0.13722297549247742,0.0,0.0,0.0
382,-2.659156084060669,1,0.08239451050758362,0.0,0.0,0.0
383,-0.729867696762085,1,0.09123346209526062,0.0,0.0,0.0
384,-1.2407097816467285,1,0.15508872270584106,0.0,0.0,0.0
385,-1937.658855676651,1265,0.10380085087105219,0.09090909090909091,0.0,0.0
386,-2.349008560180664,1,0.04362607002258301,0.0,0.0,0.0
387,-1.008798599243164,1,0.1260998249053955,0.0,0.0,0.0
388,1.8497686386108398,1,0.01877892017364502,1.0,0.0,0.0
389,-1.6405208110809326,1,0.20506510138511658,0.0,0.0,0.0
390,-0.46343278884887695,1,0.05792909860610962,0.0,0.0,0.0
391,-0.8007962703704834,1,0.10009953379631042,0.0,0.0,0.0
392,-2.723578453063965,1,0.0904473066329956,0.0,0.0,0.0
393,-2.9080159664154053,1,0.11350199580192566,0.0,0.0,0.0
394,-2.4515719413757324,1,0.05644649267196655,0.0,0.0,0.0
395,-2.557305097579956,1,0.0696631371974945,0.0,0.0,0.0
396,-0.11861276626586914,1,0.014826595783233643,1.0,0.0,0.0
397,-1.1364798545837402,1,0.14205998182296753,0.0,0.0,0.0
398,-2.3200998306274414,1,0.040012478828430176,0.0,0.0,0.0
399,-0.9803318977355957,1,0.12254148721694946,0.0,0.0,0.0
400,-0.5325202941894531,1,0.06656503677368164,0.0,0.0,0.0
401,-1395.8868362903595,1265,0.09213176963357586,0.19288537549407114,0.0,0.0
402,1.8173129558563232,1,0.022835880517959595,1.0,0.0,0.0
403,1.7604689598083496,1,0.0299413800239563,1.0,0.0,0.0
404,-0.3728601932525635,1,0.046607524156570435,0.0,0.0,0.0
405,-0.051555633544921875,1,0.006444454193115234,1.0,0.0,0.0
406,-0.07841253280639648,1,0.00980156660079956,1.0,0.0,0.0
407,1.7893168926239014,1,0.02633538842201233,1.0,0.0,0.0
408,1.9096903800964355,1,0.011288702487945557,1.0,0.0,0.0
409,-0.36727213859558105,1,0.04590901732444763,0.0,0.0,0.0
410,-2.5800845623016357,1,0.07251057028770447,0.0,0.0,0.0
411,-1.3150973320007324,1,0.16438716650009155,0.0,0.0,0.0
412,-1.5978288650512695,1,0.1997286081314087,0.0,0.0,0.0
413,-2.5423789024353027,1,0.06779736280441284,0.0,0.0,0.0
414,-2.627631664276123,1,0.07845395803451538,0.0,0.0,0.0
415,-2.9364707469940186,1,0.11705884337425232,0.0,0.0,0.0
416,-3.0,1,0.2114635705947876,0.0,0.0,0.0
417,-1730.8249781131744,1265,0.1113955455570824,0.13122529644268774,0.0,0.0
418,-1.584625244140625,1,0.19807815551757812,0.0,0.0,0.0
419,-3.0,1,0.18374037742614746,0.0,0.0,0.0
420,-2.3113088607788086,1,0.038913607597351074,0.0,0.0,0.0
421,-2.3755621910095215,1,0.046945273876190186,0.0,0.0,0.0
422,-0.5279724597930908,1,0.06599655747413635,0.0,0.0,0.0
423,-2.5071403980255127,1,0.06339254975318909,0.0,0.0,0.0
424,-0.12156558036804199,1,0.015195697546005249,1.0,0.0,0.0
425,-1.3192780017852783,1,0.1649097502231598,0.0,0.0,0.0
426,1.9191956520080566,1,0.01010054349899292,1.0,0.0,0.0
427,-0.013812780380249023,1,0.001726597547531128,1.0,0.0,0.0
428,-2.599003791809082,1,0.07487547397613525,0.0,0.0,0.0
429,1.9609198570251465,1,0.0048850178718566895,1.0,0.0,0.0
430,1.9083256721496582,1,0.011459290981292725,1.0,0.0,0.0
431,-2.6849167346954346,1,0.08561459183692932,0.0,0.0,0.0
432,1.7902085781097412,1,0.02622392773628235,1.0,0.0,0.0
433,-1333.288897037506,1265,0.08025430129921955,0.22924901185770752,0.0,0.0
434,-0.4804668426513672,1,0.0600583553314209,0.0,0.0,0.0
435,-0.590785026550293,1,0.07384812831878662,0.0,0.0,0.0
436,-0.24552202224731445,1,0.030690252780914307,0.0,0.0,0.0
437,-1.0453100204467773,1,0.13066375255584717,0.0,0.0,0.0
438,1.977492332458496,1,0.0028134584426879883,1.0,0.0,0.0
439,-1.8232362270355225,1,0.2279045283794403,0.0,0.0,0.0
440,-0.6936349868774414,1,0.08670437335968018,0.0,0.0,0.0
441,-0.1092064380645752,1,0.0136508047580719,1.0,0.0,0.0
442,-0.13147735595703125,1,0.016434669494628906,1.0,0.0,0.0
443,-0.574007511138916,1,0.0717509388923645,0.0,0.0,0.0
444,1.8339593410491943,1,0.020755082368850708,1.0,0.0,0.0
445,1.8595058917999268,1,0.017561763525009155,1.0,0.0,0.0
446,-0.8281753063201904,1,0.1035219132900238,0.0,0.0,0.0
447,-0.662055253982544,1,0.082756906747818,0.0,0.0,0.0
448,-0.0005197525024414062,1,6.496906280517578e-05,1.0,0.0,0.0
449,-1320.2247333526611,1265,0.09718833370171046,0.22845849802371543,0.0,0.0
450,-0.6463019847869873,1,0.08078774809837341,0.0,0.0,0.0
451,-2.5301363468170166,1,0.3162670433521271,0.0,0.0,0.0
452,-3.0,1,0.15680089592933655,0.0,0.0,0.0
453,1.8171334266662598,1,0.02285832166671753,1.0,0.0,0.0
454,-2.5470075607299805,1,0.06837594509124756,0.0,0.0,0.0
455,-1.2091064453125,1,0.1511383056640625,0.0,0.0,0.0
456,-1.5006663799285889,1,0.1875832974910736,0.0,0.0,0.0
457,-0.7281699180603027,1,0.09102123975753784,0.0,0.0,0.0
458,-2.2654991149902344,1,0.0331873893737793,0.0,0.0,0.0
459,-0.3802318572998047,1,0.047528982162475586,0.0,0.0,0.0
460,-2.749903917312622,1,0.09373798966407776,0.0,0.0,0.0
461,-3.0,1,0.19185614585876465,0.0,0.0,0.0
462,-2.6260743141174316,1,0.07825928926467896,0.0,0.0,0.0
463,-0.37843894958496094,1,0.04730486869812012,0.0,0.0,0.0
464,-3.0,1,0.13031604886054993,0.0,0.0,0.0
465,-1515.7140226364136,1265,0.08998015796242967,0.16996047430830039,0.0,0.0
466,-1.0025880336761475,1,0.12532350420951843,0.0,0.0,0.0
467,-0.31445741653442383,1,0.03930717706680298,0.0,0.0,0.0
468,-2.940476655960083,1,0.11755958199501038,0.0,0.0,0.0
469,-0.7710607051849365,1,0.09638258814811707,0.0,0.0,0.0
470,1.9771106243133545,1,0.0028611719608306885,1.0,0.0,0.0
471,-0.06857514381408691,1,0.008571892976760864,1.0,0.0,0.0
472,-2.1061196327209473,1,0.2632649540901184,0.0,0.0,0.0
473,-0.3671741485595703,1,0.04589676856994629,0.0,0.0,0.0
474,-0.06580734252929688,1,0.00822591781616211,1.0,0.0,0.0
475,-3.0,1,0.2571380138397217,0.0,0.0,0.0
476,-0.9632072448730469,1,0.12040090560913086,0.0,0.0,0.0
477,-2.8596079349517822,1,0.10745099186897278,0.0,0.0,0.0
478,-2.2915115356445312,1,0.036438941955566406,0.0,0.0,0.0
479,-0.7134950160980225,1,0.08918687701225281,0.0,0.0,0.0
480,-1.2858545780181885,1,0.16073182225227356,0.0,0.0,0.0
481,-1384.1537804603577,1265,0.11270800176345312,0.16442687747035573,0.0,0.0
482,-1.6200716495513916,1,0.20250895619392395,0.0,0.0,0.0
483,-1.6958556175231934,1,0.21198195219039917,0.0,0.0,0.0
484,-0.7592740058898926,1,0.09490925073623657,0.0,0.0,0.0
485,-2.4272050857543945,1,0.053400635719299316,0.0,0.0,0.0
486,-0.9890542030334473,1,0.12363177537918091,0.0,0.0,0.0
487,-0.07436990737915039,1,0.009296238422393799,1.0,0.0,0.0
488,-0.9007573127746582,1,0.11259466409683228,0.0,0.0,0.0
489,1.8467292785644531,1,0.01915884017944336,1.0,0.0,0.0
490,-0.5086371898651123,1,0.06357964873313904,0.0,0.0,0.0
491,1.7668049335479736,1,0.029149383306503296,1.0,0.0,0.0
492,1.7659022808074951,1,0.02926221489906311,1.0,0.0,0.0
493,-0.7725684642791748,1,0.09657105803489685,0.0,0.0,0.0
494,-1.9023230075836182,1,0.23779037594795227,0.0,0.0,0.0
495,-3.0,1,0.1647557020187378,0.0,0.0,0.0
496,-1.0072290897369385,1,0.1259036362171173,0.0,0.0,0.0
497,-1479.2532181739807,1265,0.11128711794676045,0.1857707509881423,0.0,0.0
498,-1.276503086090088,1,0.159562885761261,0.0,0.0,0.0
499,-0.9762451648712158,1,0.12203064560890198,0.0,0.0,0.0
500,1.9187192916870117,1,0.010160088539123535,1.0,0.0,0.0
501,1.955601453781128,1,0.005549818277359009,1.0,0.0,0.0
502,-0.5871613025665283,1,0.07339516282081604,0.0,0.0,0.0
503,-2.9536542892456055,1,0.11920678615570068,0.0,0.0,0.0
504,-0.5926089286804199,1,0.07407611608505249,0.0,0.0,0.0
505,-0.9896669387817383,1,0.12370836734771729,0.0,0.0,0.0
506,-0.8415403366088867,1,0.10519254207611084,0.0,0.0,0.0
507,-0.3496096134185791,1,0.04370120167732239,0.0,0.0,0.0
508,-3.0,1,0.16195029020309448,0.0,0.0,0.0
509,-2.1733460426330566,1,0.2716682553291321,0.0,0.0,0.0
510,-3.0,1,0.2399967908859253,0.0,0.0,0.0
511,-0.18509793281555176,1,0.02313724160194397,1.0,0.0,0.0
512,-0.5035152435302734,1,0.06293940544128418,0.0,0.0,0.0
513,-1768.8343758583069,1265,0.11692714144589873,0.10434782608695652,0.0,0.0
514,-3.0,1,0.15448126196861267,0.0,0.0,0.0
515,-0.32216644287109375,1,0.04027080535888672,0.0,0.0,0.0
516,-0.24145269393920898,1,0.030181586742401123,0.0,0.0,0.0
517,-0.3782522678375244,1,0.04728153347969055,0.0,0.0,0.0
518,-0.5220348834991455,1,0.06525436043739319,0.0,0.0,0.0
519,-0.5697734355926514,1,0.07122167944908142,0.0,0.0,0.0
520,-0.18717527389526367,1,0.02339690923690796,1.0,0.0,0.0
521,-0.5678918361663818,1,0.07098647952079773,0.0,0.0,0.0
522,-0.8693962097167969,1,0.10867452621459961,0.0,0.0,0.0
523,-1.6597239971160889,1,0.2074654996395111,0.0,0.0,0.0
524,-0.47841739654541016,1,0.05980217456817627,0.0,0.0,0.0
525,-0.38228607177734375,1,0.04778575897216797,0.0,0.0,0.0
526,-1.1816694736480713,1,0.1477086842060089,0.0,0.0,0.0
527,1.9962420463562012,1,0.0004697442054748535,1.0,0.0,0.0
528,-3.0,1,0.1571062207221985,0.0,0.0,0.0
529,-1716.5684905052185,1265,0.0843642468744587,0.11541501976284585,0.0,0.0
530,-0.5350964069366455,1,0.06688705086708069,0.0,0.0,0.0
531,-2.7632460594177246,1,0.09540575742721558,0.0,0.0,0.0
532,-0.808403730392456,1,0.101050466299057,0.0,0.0,0.0
533,-2.776956558227539,1,0.09711956977844238,0.0,0.0,0.0
534,-3.0,1,0.1919119954109192,0.0,0.0,0.0
535,-0.8997139930725098,1,0.11246424913406372,0.0,0.0,0.0
536,-0.5563888549804688,1,0.0695486068725586,0.0,0.0,0.0
537,-1.2455580234527588,1,0.15569475293159485,0.0,0.0,0.0
538,-2.968007802963257,1,0.1210009753704071,0.0,0.0,0.0
539,-0.8776984214782715,1,0.10971230268478394,0.0,0.0,0.0
540,-2.341628313064575,1,0.0427035391330719,0.0,0.0,0.0
541,-0.4712502956390381,1,0.05890628695487976,0.0,0.0,0.0
542,-0.022655487060546875,1,0.0028319358825683594,1.0,0.0,0.0
543,-2.4262442588806152,1,0.053280532360076904,0.0,0.0,0.0
544,-1.208244800567627,1,0.15103060007095337,0.0,0.0,0.0
545,-1736.5679478645325,1265,0.10859505484697847,0.11620553359683794,0.0,0.0
546,-2.6985116004943848,1,0.0873139500617981,0.0,0.0,0.0
547,-2.6801064014434814,1,0.08501330018043518,0.0,0.0,0.0
548,-2.4541234970092773,1,0.05676543712615967,0.0,0.0,0.0
549,-1.5354936122894287,1,0.1919367015361786,0.0,0.0,0.0
550,-3.0,1,0.240790456533432,0.0,0.0,0.0
551,-0.34097957611083984,1,0.04262244701385498,0.0,0.0,0.0
552,-0.9917168617248535,1,0.12396460771560669,0.0,0.0,0.0
553,-1.3925740718841553,1,0.1740717589855194,0.0,0.0,0.0
554,-3.0,1,0.2176719307899475,0.0,0.0,0.0
555,-1.2780430316925049,1,0.1597553789615631,0.0,0.0,0.0
556,-2.166999578475952,1,0.270874947309494,0.0,0.0,0.0
557,-0.22608423233032227,1,0.028260529041290283,1.0,0.0,0.0
558,-2.555708885192871,1,0.06946361064910889,0.0,0.0,0.0
559,-2.118809700012207,1,0.2648512125015259,0.0,0.0,0.0
560,-3.0,1,0.1577765941619873,0.0,0.0,0.0
561,-1631.9549469947815,1265,0.09025908842859533,0.14624505928853754,0.0,0.0
562,-2.705996036529541,1,0.08824950456619263,0.0,0.0,0.0
563,-1.0683443546295166,1,0.13354304432868958,0.0,0.0,0.0
564,-1.6041018962860107,1,0.20051273703575134,0.0,0.0,0.0
565,-2.8296704292297363,1,0.10370880365371704,0.0,0.0,0.0
566,-2.3113460540771484,1,0.038918256759643555,0.0,0.0,0.0
567,-1.2711780071258545,1,0.1588972508907318,0.0,0.0,0.0
568,-0.0027074813842773438,1,0.00033843517303466797,1.0,0.0,0.0
569,-0.558366060256958,1,0.06979575753211975,0.0,0.0,0.0
570,-1.147770643234253,1,0.14347133040428162,0.0,0.0,0.0
571,-3.0,1,0.1522006094455719,0.0,0.0,0.0
572,-3.0,1,0.1311267614364624,0.0,0.0,0.0
573,-0.0349271297454834,1,0.004365891218185425,1.0,0.0,0.0
574,-2.7784245014190674,1,0.09730306267738342,0.0,0.0,0.0
575,-0.42090463638305664,1,0.05261307954788208,0.0,0.0,0.0
576,-0.3949313163757324,1,0.04936641454696655,0.0,0.0,0.0
577,-1503.3868262767792,1265,0.0973907647867919,0.21976284584980238,0.0,0.0
578,-2.340090274810791,1,0.04251128435134888,0.0,0.0,0.0
579,-1.8187963962554932,1,0.22734954953193665,0.0,0.0,0.0
580,-1.3003158569335938,1,0.16253948211669922,0.0,0.0,0.0
581,-0.6962871551513672,1,0.0870358943939209,0.0,0.0,0.0
582,-2.573809862136841,1,0.0717262327671051,0.0,0.0,0.0
583,1.928495168685913,1,0.008938103914260864,1.0,0.0,0.0
584,1.8859460353851318,1,0.01425674557685852,1.0,0.0,0.0
585,-1.773209810256958,1,0.22165122628211975,0.0,0.0,0.0
586,-0.19083261489868164,1,0.023854076862335205,1.0,0.0,0.0
587,-2.671603202819824,1,0.08395040035247803,0.0,0.0,0.0
588,-3.0,1,0.13853228092193604,0.0,0.0,0.0
589,-0.001491546630859375,1,0.00018644332885742188,1.0,0.0,0.0
590,-0.07932662963867188,1,0.009915828704833984,1.0,0.0,0.0
591,-3.0,1,0.20031777024269104,0.0,0.0,0.0
592,-0.5888011455535889,1,0.07360014319419861,0.0,0.0,0.0
593,-1601.3927209377289,1265,0.09551819263710806,0.19130434782608696,0.0,0.0
594,-2.484670400619507,1,0.060583800077438354,0.0,0.0,0.0
595,-3.0,1,0.15480086207389832,0.0,0.0,0.0
596,-0.16980290412902832,1,0.02122536301612854,1.0,0.0,0.0
597,-0.3098278045654297,1,0.03872847557067871,0.0,0.0,0.0
598,-0.2635345458984375,1,0.03294181823730469,0.0,0.0,0.0
599,-2.7319633960723877,1,0.09149542450904846,0.0,0.0,0.0
600,-2.870927333831787,1,0.10886591672897339,0.0,0.0,0.0
601,-3.0,1,0.16409236192703247,0.0,0.0,0.0
602,-1.3557889461517334,1,0.16947361826896667,0.0,0.0,0.0
603,1.8064510822296143,1,0.024193614721298218,1.0,0.0,0.0
604,-0.15665435791015625,1,0.01958179473876953,1.0,0.0,0.0
605,-0.17336678504943848,1,0.02167084813117981,1.0,0.0,0.0
606,1.8232409954071045,1,0.02209487557411194,1.0,0.0,0.0
607,-1.4171979427337646,1,0.17714974284172058,0.0,0.0,0.0
608,-0.02875685691833496,1,0.00359460711479187,1.0,0.0,0.0
609,-1581.3257417678833,1265,0.08743500763719732,0.17707509881422925,0.0,0.0
610,-1.2923333644866943,1,0.1615416705608368,0.0,0.0,0.0
611,-2.9101901054382324,1,0.11377376317977905,0.0,0.0,0.0
612,-3.0,1,0.15010946989059448,0.0,0.0,0.0
613,-0.4945814609527588,1,0.06182268261909485,0.0,0.0,0.0
614,-3.0,1,0.2073971927165985,0.0,0.0,0.0
615,-0.9243438243865967,1,0.11554297804832458,0.0,0.0,0.0
616,-2.400770664215088,1,0.050096333026885986,0.0,0.0,0.0
617,1.786280632019043,1,0.02671492099761963,1.0,0.0,0.0
618,-2.646458148956299,1,0.08080726861953735,0.0,0.0,0.0
619,-3.0,1,0.15313172340393066,0.0,0.0,0.0
620,-2.563389778137207,1,0.07042372226715088,0.0,0.0,0.0
621,-2.8399016857147217,1,0.10498771071434021,0.0,0.0,0.0
622,-0.49444580078125,1,0.06180572509765625,0.0,0.0,0.0
623,-0.8651578426361084,1,0.10814473032951355,0.0,0.0,0.0
624,-0.11288809776306152,1,0.01411101222038269,1.0,0.0,0.0
625,-1665.3547613620758,1265,0.09735815722951775,0.16600790513833993,0.0,0.0
626,-0.14235210418701172,1,0.017794013023376465,1.0,0.0,0.0
627,-1.1207671165466309,1,0.14009588956832886,0.0,0.0,0.0
628,-2.3700509071350098,1,0.04625636339187622,0.0,0.0,0.0
629,-3.0,1,0.19530391693115234,0.0,0.0,0.0
630,-0.5079634189605713,1,0.06349542737007141,0.0,0.0,0.0
631,1.9982562065124512,1,0.00021797418594360352,1.0,0.0,0.0
632,-2.687368392944336,1,0.08592104911804199,0.0,0.0,0.0
633,-0.32652974128723145,1,0.04081621766090393,0.0,0.0,0.0
634,-2.5134217739105225,1,0.06417772173881531,0.0,0.0,0.0
635,-2.8446009159088135,1,0.10557511448860168,0.0,0.0,0.0
636,-0.006547212600708008,1,0.000818401575088501,1.0,0.0,0.0
637,-2.542071580886841,1,0.0677589476108551,0.0,0.0,0.0
638,-1.0335097312927246,1,0.12918871641159058,0.0,0.0,0.0
639,1.8984026908874512,1,0.012699663639068604,1.0,0.0,0.0
640,-2.629843235015869,1,0.07873040437698364,0.0,0.0,0.0
641,-1704.9511148929596,1265,0.09942934595549059,0.14782608695652175,0.0,0.0
642,1.848482370376587,1,0.018939703702926636,1.0,0.0,0.0
643,-0.352766752243042,1,0.04409584403038025,0.0,0.0,0.0
644,-0.4482543468475342,1,0.05603179335594177,0.0,0.0,0.0
645,-0.7370607852935791,1,0.09213259816169739,0.0,0.0,0.0
646,-0.38010358810424805,1,0.047512948513031006,0.0,0.0,0.0
647,-2.4698703289031982,1,0.05873379111289978,0.0,0.0,0.0
648,-2.483098268508911,1,0.06038728356361389,0.0,0.0,0.0
649,-1.6619961261749268,1,0.20774951577186584,0.0,0.0,0.0
650,-0.6511092185974121,1,0.08138865232467651,0.0,0.0,0.0
651,-0.8391730785369873,1,0.10489663481712341,0.0,0.0,0.0
652,-0.0831153392791748,1,0.01038941740989685,1.0,0.0,0.0
653,-0.5755047798156738,1,0.07193809747695923,0.0,0.0,0.0
654,-2.2946112155914307,1,0.03682640194892883,0.0,0.0,0.0
655,1.760082483291626,1,0.029989689588546753,1.0,0.0,0.0
656,-1.8725230693817139,1,0.23406538367271423,0.0,0.0,0.0
657,-1152.275069952011,1265,0.08412695185469073,0.2426877470355731,0.0,0.0
658,-2.443131446838379,1,0.05539143085479736,0.0,0.0,0.0
659,-2.401498556137085,1,0.05018731951713562,0.0,0.0,0.0
660,1.9450442790985107,1,0.006869465112686157,1.0,0.0,0.0
661,-2.574535846710205,1,0.07181698083877563,0.0,0.0,0.0
662,-0.4265861511230469,1,0.05332326889038086,0.0,0.0,0.0
663,-3.0,1,0.14929336309432983,0.0,0.0,0.0
664,-0.16135430335998535,1,0.02016928791999817,1.0,0.0,0.0
665,-1.6721773147583008,1,0.2090221643447876,0.0,0.0,0.0
666,-1.958484172821045,1,0.24481052160263062,0.0,0.0,0.0
667,-0.3898770809173584,1,0.0487346351146698,0.0,0.0,0.0
668,-3.0,1,0.15344098210334778,0.0,0.0,0.0
669,1.939284324645996,1,0.007589459419250488,1.0,0.0,0.0
670,-0.7488667964935303,1,0.09360834956169128,0.0,0.0,0.0
671,-1.6314311027526855,1,0.2039288878440857,0.0,0.0,0.0
672,-0.7038507461547852,1,0.08798134326934814,0.0,0.0,0.0
673,-1551.467549085617,1265,0.10621150595397347,0.1826086956521739,0.0,0.0
674,-0.17213082313537598,1,0.021516352891921997,1.0,0.0,0.0
675,-2.6455907821655273,1,0.08069884777069092,0.0,0.0,0.0
676,-1.3056626319885254,1,0.16320782899856567,0.0,0.0,0.0
677,-3.0,1,0.239134281873703,0.0,0.0,0.0
678,-0.1591353416442871,1,0.01989191770553589,1.0,0.0,0.0
679,-0.6218461990356445,1,0.07773077487945557,0.0,0.0,0.0
680,-3.0,1,0.14458689093589783,0.0,0.0,0.0
681,-0.03943943977355957,1,0.004929929971694946,1.0,0.0,0.0
682,-0.1744096279144287,1,0.02180120348930359,1.0,0.0,0.0
683,-3.0,1,0.13497081398963928,0.0,0.0,0.0
684,-0.26160144805908203,1,0.032700181007385254,0.0,0.0,0.0
685,-0.24751996994018555,1,0.030939996242523193,0.0,0.0,0.0
686,-2.3085861206054688,1,0.038573265075683594,0.0,0.0,0.0
687,-3.0,1,0.21083036065101624,0.0,0.0,0.0
688,-1.4265532493591309,1,0.17831915616989136,0.0,0.0,0.0
689,-1508.6178088188171,1265,0.10077640755845624,0.19209486166007905,0.0,0.0
690,-0.6051716804504395,1,0.07564646005630493,0.0,0.0,0.0
691,-2.961848020553589,1,0.12023100256919861,0.0,0.0,0.0
692,-0.4681587219238281,1,0.058519840240478516,0.0,0.0,0.0
693,-2.4095299243927,1,0.3011912405490875,0.0,0.0,0.0
694,-1.3704094886779785,1,0.17130118608474731,0.0,0.0,0.0
695,-0.9881157875061035,1,0.12351447343826294,0.0,0.0,0.0
696,-1.520745038986206,1,0.19009312987327576,0.0,0.0,0.0
697,-0.8458766937255859,1,0.10573458671569824,0.0,0.0,0.0
698,-2.525322675704956,1,0.0656653344631195,0.0,0.0,0.0
699,1.9209165573120117,1,0.009885430335998535,1.0,0.0,0.0
700,-0.31699657440185547,1,0.039624571800231934,0.0,0.0,0.0
701,-0.4619441032409668,1,0.05774301290512085,0.0,0.0,0.0
702,1.8754754066467285,1,0.015565574169158936,1.0,0.0,0.0
703,-0.28803157806396484,1,0.036003947257995605,0.0,0.0,0.0
704,-2.906466007232666,1,0.11330825090408325,0.0,0.0,0.0
705,-1723.0237710475922,1265,0.12425299578975783,0.13517786561264822,0.0,0.0
706,-0.7624528408050537,1,0.09530660510063171,0.0,0.0,0.0
707,-1.482832431793213,1,0.1853540539741516,0.0,0.0,0.0
708,-1.965811014175415,1,0.24572637677192688,0.0,0.0,0.0
709,-3.0,1,0.1455599069595337,0.0,0.0,0.0
710,-2.4281835556030273,1,0.05352294445037842,0.0,0.0,0.0
711,-1.041208028793335,1,0.13015100359916687,0.0,0.0,0.0
712,-2.3975276947021484,1,0.049690961837768555,0.0,0.0,0.0
713,-0.30695533752441406,1,0.03836941719055176,0.0,0.0,0.0
714,-3.0,1,0.14215153455734253,0.0,0.0,0.0
715,-1.0428028106689453,1,0.13035035133361816,0.0,0.0,0.0
716,-1.4688844680786133,1,0.18361055850982666,0.0,0.0,0.0
717,-2.7644784450531006,1,0.09555980563163757,0.0,0.0,0.0
718,-3.0,1,0.30482378602027893,0.0,0.0,0.0
719,-2.3999643325805664,1,0.0499955415725708,0.0,0.0,0.0
720,-0.48200130462646484,1,0.060250163078308105,0.0,0.0,0.0
721,-1375.8001871109009,1265,0.09609403157893848,0.2339920948616601,0.0,0.0
722,-0.7470524311065674,1,0.09338155388832092,0.0,0.0,0.0
723,-2.5028505325317383,1,0.06285631656646729,0.0,0.0,0.0
724,-2.2754461765289307,1,0.03443077206611633,0.0,0.0,0.0
725,-1.1779584884643555,1,0.14724481105804443,0.0,0.0,0.0
726,-3.0,1,0.2438722848892212,0.0,0.0,0.0
727,-1.4596936702728271,1,0.1824617087841034,0.0,0.0,0.0
728,-2.4510207176208496,1,0.0563775897026062,0.0,0.0,0.0
729,-0.03957033157348633,1,0.004946291446685791,1.0,0.0,0.0
730,-1.9558978080749512,1,0.2444872260093689,0.0,0.0,0.0
731,-0.6778895854949951,1,0.08473619818687439,0.0,0.0,0.0
732,1.9331340789794922,1,0.008358240127563477,1.0,0.0,0.0
733,-0.6674063205718994,1,0.08342579007148743,0.0,0.0,0.0
734,-0.5014657974243164,1,0.06268322467803955,0.0,0.0,0.0
735,-1.4736130237579346,1,0.18420162796974182,0.0,0.0,0.0
736,1.843660593032837,1,0.019542425870895386,1.0,0.0,0.0
737,-1585.026778459549,1265,0.098846143389879,0.2015810276679842,0.0,0.0
738,-3.0,1,0.14019376039505005,0.0,0.0,0.0
739,1.7639100551605225,1,0.029511243104934692,1.0,0.0,0.0
740,-1.0883941650390625,1,0.1360492706298828,0.0,0.0,0.0
741,-3.0,1,0.1478804647922516,0.0,0.0,0.0
742,-0.15575885772705078,1,0.019469857215881348,1.0,0.0,0.0
743,-2.9780681133270264,1,0.1222585141658783,0.0,0.0,0.0
744,-1.1674833297729492,1,0.14593541622161865,0.0,0.0,0.0
745,-1.147782325744629,1,0.1434727907180786,0.0,0.0,0.0
746,-0.2124943733215332,1,0.02656179666519165,1.0,0.0,0.0
747,-1.5085182189941406,1,0.18856477737426758,0.0,0.0,0.0
748,-1.0677251815795898,1,0.13346564769744873,0.0,0.0,0.0
749,-0.2837221622467041,1,0.03546527028083801,0.0,0.0,0.0
750,-2.280954122543335,1,0.03511926531791687,0.0,0.0,0.0
751,-3.0,1,0.1621887981891632,0.0,0.0,0.0
752,-0.8454532623291016,1,0.1056816577911377,0.0,0.0,0.0
753,-1627.0540518760681,1265,0.09791893035526804,0.1565217391304348,0.0,0.0
754,-2.9596903324127197,1,0.11996129155158997,0.0,0.0,0.0
755,-0.6428885459899902,1,0.08036106824874878,0.0,0.0,0.0
756,-0.43888092041015625,1,0.05486011505126953,0.0,0.0,0.0
757,-0.01819014549255371,1,0.002273768186569214,1.0,0.0,0.0
758,1.7854986190795898,1,0.02681267261505127,1.0,0.0,0.0
759,-0.2208566665649414,1,0.027607083320617676,1.0,0.0,0.0
760,-0.5359985828399658,1,0.06699982285499573,0.0,0.0,0.0
761,-2.1485788822174072,1,0.2685723602771759,0.0,0.0,0.0
762,-2.8698182106018066,1,0.10872727632522583,0.0,0.0,0.0
763,-0.26677799224853516,1,0.033347249031066895,0.0,0.0,0.0
764,-2.590862512588501,1,0.07385781407356262,0.0,0.0,0.0
765,-2.6842048168182373,1,0.08552560210227966,0.0,0.0,0.0
766,-2.4364748001098633,1,0.05455935001373291,0.0,0.0,0.0
767,-1.2445094585418701,1,0.15556368231773376,0.0,0.0,0.0
768,-1.4345207214355469,1,0.17931509017944336,0.0,0.0,0.0
769,-1477.0507278442383,1265,0.10632095188491429,0.16521739130434782,0.0,0.0
770,-3.0,1,0.2406192421913147,0.0,0.0,0.0
771,-0.6952505111694336,1,0.0869063138961792,0.0,0.0,0.0
772,-3.0,1,0.15245124697685242,0.0,0.0,0.0
773,-0.36591005325317383,1,0.04573875665664673,0.0,0.0,0.0
774,-1.0219600200653076,1,0.12774500250816345,0.0,0.0,0.0
775,-0.8440690040588379,1,0.10550862550735474,0.0,0.0,0.0
776,-0.9212076663970947,1,0.11515095829963684,0.0,0.0,0.0
777,1.9193370342254639,1,0.010082870721817017,1.0,0.0,0.0
778,-0.320589542388916,1,0.0400736927986145,0.0,0.0,0.0
779,-0.39766979217529297,1,0.04970872402191162,0.0,0.0,0.0
780,-0.7833957672119141,1,0.09792447090148926,0.0,0.0,0.0
781,-2.7830400466918945,1,0.09788000583648682,0.0,0.0,0.0
782,-1.6324539184570312,1,0.2040567398071289,0.0,0.0,0.0
783,-0.26445484161376953,1,0.03305685520172119,0.0,0.0,0.0
784,1.93776535987854,1,0.007779330015182495,1.0,0.0,0.0
785,-1561.7600955963135,1265,0.10968349458200659,0.1549407114624506,0.0,0.0
786,-0.5078184604644775,1,0.06347730755805969,0.0,0.0,0.0
787,-3.0,1,0.13312259316444397,0.0,0.0,0.0
788,-2.6857473850250244,1,0.08571842312812805,0.0,0.0,0.0
789,-1.309295654296875,1,0.16366195678710938,0.0,0.0,0.0
790,-1.8411123752593994,1,0.23013904690742493,0.0,0.0,0.0
791,-0.7578377723693848,1,0.0947297215461731,0.0,0.0,0.0
792,-1.0424633026123047,1,0.13030791282653809,0.0,0.0,0.0
793,-2.609304428100586,1,0.07616305351257324,0.0,0.0,0.0
794,-2.5930516719818115,1,0.07413145899772644,0.0,0.0,0.0
795,-0.7456986904144287,1,0.09321233630180359,0.0,0.0,0.0
796,-2.6923506259918213,1,0.08654382824897766,0.0,0.0,0.0
797,-0.13443446159362793,1,0.01680430769920349,1.0,0.0,0.0
798,-0.8997299671173096,1,0.1124662458896637,0.0,0.0,0.0
799,-3.0,1,0.21743172407150269,0.0,0.0,0.0
800,-1.0356295108795166,1,0.12945368885993958,0.0,0.0,0.0
801,-1828.2269082069397,1265,0.10557732103841579,0.06086956521739131,0.0,0.0
802,-2.248051881790161,1,0.03100648522377014,0.0,0.0,0.0
803,1.9243896007537842,1,0.009451299905776978,1.0,0.0,0.0
804,-1.906726360321045,1,0.23834079504013062,0.0,0.0,0.0
805,-0.9123806953430176,1,0.1140475869178772,0.0,0.0,0.0
806,-3.0,1,0.2807876467704773,0.0,0.0,0.0
807,-3.0,1,0.14528685808181763,0.0,0.0,0.0
808,-2.6376967430114746,1,0.07971209287643433,0.0,0.0,0.0
809,-1.3870718479156494,1,0.17338398098945618,0.0,0.0,0.0
810,-0.3177659511566162,1,0.039720743894577026,0.0,0.0,0.0
811,-2.4239933490753174,1,0.05299916863441467,0.0,0.0,0.0
812,-0.6936781406402588,1,0.08670976758003235,0.0,0.0,0.0
813,-2.510880470275879,1,0.06386005878448486,0.0,0.0,0.0
814,-2.710634231567383,1,0.08882927894592285,0.0,0.0,0.0
815,-0.33352184295654297,1,0.04169023036956787,0.0,0.0,0.0
816,-3.0,1,0.3027533292770386,0.0,0.0,0.0
817,-1362.780692577362,1265,0.09388109099252422,0.2189723320158103,0.0,0.0
818,-3.0,1,0.1592961847782135,0.0,0.0,0.0
819,-3.0,1,0.18585613369941711,0.0,0.0,0.0
820,-1.2536396980285645,1,0.15670496225357056,0.0,0.0,0.0
821,-2.2999696731567383,1,0.037496209144592285,0.0,0.0,0.0
822,-0.8605403900146484,1,0.10756754875183105,0.0,0.0,0.0
823,-0.16250920295715332,1,0.020313650369644165,1.0,0.0,0.0
824,-0.8494131565093994,1,0.10617664456367493,0.0,0.0,0.0
825,-0.22683215141296387,1,0.028354018926620483,1.0,0.0,0.0
826,-3.0,1,0.12912750244140625,0.0,0.0,0.0
827,-0.7749879360198975,1,0.09687349200248718,0.0,0.0,0.0
828,-0.42414307594299316,1,0.053017884492874146,0.0,0.0,0.0
829,-1.3129029273986816,1,0.1641128659248352,0.0,0.0,0.0
830,-2.9749650955200195,1,0.12187063694000244,0.0,0.0,0.0
831,-0.4108262062072754,1,0.051353275775909424,0.0,0.0,0.0
832,-1.5033533573150635,1,0.18791916966438293,0.0,0.0,0.0
833,-1535.8107101917267,1265,0.0967907876129678,0.1984189723320158,0.0,0.0
834,-1.1697828769683838,1,0.14622285962104797,0.0,0.0,0.0
835,-0.06762504577636719,1,0.008453130722045898,1.0,0.0,0.0
836,1.927414894104004,1,0.009073138236999512,1.0,0.0,0.0
837,-0.10274457931518555,1,0.012843072414398193,1.0,0.0,0.0
838,-0.20702075958251953,1,0.02587759494781494,1.0,0.0,0.0
839,-1.1533184051513672,1,0.1441648006439209,0.0,0.0,0.0
840,-1.3405497074127197,1,0.16756871342658997,0.0,0.0,0.0
841,-2.3442277908325195,1,0.04302847385406494,0.0,0.0,0.0
842,-0.4263925552368164,1,0.05329906940460205,0.0,0.0,0.0
843,-2.7255353927612305,1,0.09069192409515381,0.0,0.0,0.0
844,-0.3950316905975342,1,0.04937896132469177,0.0,0.0,0.0
845,-1.9435975551605225,1,0.2429496943950653,0.0,0.0,0.0
846,-3.0,1,0.23627737164497375,0.0,0.0,0.0
847,-1.4170873165130615,1,0.1771359145641327,0.0,0.0,0.0
848,-2.2533721923828125,1,0.03167152404785156,0.0,0.0,0.0
849,-1922.1583712100983,1265,0.12621256310949214,0.04901185770750988,0.0,0.0
850,-0.6557803153991699,1,0.08197253942489624,0.0,0.0,0.0
851,-1.3924050331115723,1,0.17405062913894653,0.0,0.0,0.0
852,-1.5625638961791992,1,0.1953204870223999,0.0,0.0,0.0
853,-2.1588809490203857,1,0.2698601186275482,0.0,0.0,0.0
854,1.874138355255127,1,0.01573270559310913,1.0,0.0,0.0
855,-0.7518861293792725,1,0.09398576617240906,0.0,0.0,0.0
856,-3.0,1,0.1496579647064209,0.0,0.0,0.0
857,-0.27755165100097656,1,0.03469395637512207,0.0,0.0,0.0
858,-2.3194379806518555,1,0.28992974758148193,0.0,0.0,0.0
859,-1.6422436237335205,1,0.20528045296669006,0.0,0.0,0.0
860,-2.2166829109191895,1,0.2770853638648987,0.0,0.0,0.0
861,-1.6773273944854736,1,0.2096659243106842,0.0,0.0,0.0
862,-0.3028907775878906,1,0.03786134719848633,0.0,0.0,0.0
863,-0.9301562309265137,1,0.11626952886581421,0.0,0.0,0.0
864,-2.6415202617645264,1,0.0801900327205658,0.0,0.0,0.0
865,-1714.0701370239258,1265,0.11063844007936863,0.1707509881422925,0.0,0.0
866,-3.0,1,0.22288310527801514,0.0,0.0,0.0
867,-0.24988579750061035,1,0.031235724687576294,0.0,0.0,0.0
868,-3.0,1,0.13180962204933167,0.0,0.0,0.0
869,-0.7693257331848145,1,0.0961657166481018,0.0,0.0,0.0
870,-0.39827680587768555,1,0.04978460073471069,0.0,0.0,0.0
871,-0.14629650115966797,1,0.018287062644958496,1.0,0.0,0.0
872,-0.36744213104248047,1,0.04593026638031006,0.0,0.0,0.0
873,-2.4370241165161133,1,0.05462801456451416,0.0,0.0,0.0
874,-2.2917563915252686,1,0.03646954894065857,0.0,0.0,0.0
875,-3.0,1,0.15170016884803772,0.0,0.0,0.0
876,-1.0160024166107178,1,0.12700030207633972,0.0,0.0,0.0
877,-1.7685267925262451,1,0.22106584906578064,0.0,0.0,0.0
878,-3.0,1,0.1352449655532837,0.0,0.0,0.0
879,1.7990338802337646,1,0.02512076497077942,1.0,0.0,0.0
880,-0.12019085884094238,1,0.015023857355117798,1.0,0.0,0.0
881,-1203.000048160553,1265,0.07641065009969025,0.2316205533596838,0.0,0.0
882,-3.0,1,0.14857757091522217,0.0,0.0,0.0
883,1.8462271690368652,1,0.019221603870391846,1.0,0.0,0.0
884,-0.6286437511444092,1,0.07858046889305115,0.0,0.0,0.0
885,-2.52500581741333,1,0.06562572717666626,0.0,0.0,0.0
886,-0.5845928192138672,1,0.0730741024017334,0.0,0.0,0.0
887,-0.8745057582855225,1,0.10931321978569031,0.0,0.0,0.0
888,-2.885042428970337,1,0.11063030362129211,0.0,0.0,0.0
889,-2.50635027885437,1,0.06329378485679626,0.0,0.0,0.0
890,-0.350949764251709,1,0.04386872053146362,0.0,0.0,0.0
891,-0.3250699043273926,1,0.04063373804092407,0.0,0.0,0.0
892,-1.5553514957427979,1,0.19441893696784973,0.0,0.0,0.0
893,-1.1228017807006836,1,0.14035022258758545,0.0,0.0,0.0
894,-0.28983521461486816,1,0.03622940182685852,0.0,0.0,0.0
895,-2.562142848968506,1,0.07026785612106323,0.0,0.0,0.0
896,-2.6024904251098633,1,0.07531130313873291,0.0,0.0,0.0
897,-1424.765106678009,1265,0.09806515979672609,0.18498023715415018,0.0,0.0
898,-0.7088258266448975,1,0.08860322833061218,0.0,0.0,0.0
899,-3.0,1,0.15592315793037415,0.0,0.0,0.0
900,-0.32143092155456543,1,0.04017886519432068,0.0,0.0,0.0
901,-2.569451093673706,1,0.32118138670921326,0.0,0.0,0.0
902,-0.4550797939300537,1,0.056884974241256714,0.0,0.0,0.0
903,-1.7067170143127441,1,0.21333962678909302,0.0,0.0,0.0
904,-0.01619100570678711,1,0.0020238757133483887,1.0,0.0,0.0
905,-0.29381561279296875,1,0.036726951599121094,0.0,0.0,0.0
906,-2.8609836101531982,1,0.10762295126914978,0.0,0.0,0.0
907,-3.0,1,0.1411522924900055,0.0,0.0,0.0
908,-1.2288906574249268,1,0.15361133217811584,0.0,0.0,0.0
909,-0.7791445255279541,1,0.09739306569099426,0.0,0.0,0.0
910,1.8513426780700684,1,0.018582165241241455,1.0,0.0,0.0
911,1.95316743850708,1,0.00585407018661499,1.0,0.0,0.0
912,-2.7904961109161377,1,0.09881201386451721,0.0,0.0,0.0
913,-1365.258101940155,1265,0.11010812106339828,0.27035573122529644,0.0,0.0
914,-3.0,1,0.14466413855552673,0.0,0.0,0.0
915,-2.195484161376953,1,0.27443552017211914,0.0,0.0,0.0
916,-0.011909246444702148,1,0.0014886558055877686,1.0,0.0,0.0
917,-2.790835380554199,1,0.0988544225692749,0.0,0.0,0.0
918,-0.2894294261932373,1,0.03617867827415466,0.0,0.0,0.0
919,-0.8604512214660645,1,0.10755640268325806,0.0,0.0,0.0
920,-2.8604750633239746,1,0.10755938291549683,0.0,0.0,0.0
921,-2.462308645248413,1,0.057788580656051636,0.0,0.0,0.0
922,-0.17063236236572266,1,0.021329045295715332,1.0,0.0,0.0
923,-0.2109825611114502,1,0.026372820138931274,1.0,0.0,0.0
924,-3.0,1,0.2155860960483551,0.0,0.0,0.0
925,-0.17011713981628418,1,0.021264642477035522,1.0,0.0,0.0
926,-1.556448221206665,1,0.19455602765083313,0.0,0.0,0.0
927,-0.3021407127380371,1,0.03776758909225464,0.0,0.0,0.0
928,-1.0645489692687988,1,0.13306862115859985,0.0,0.0,0.0
929,-1552.2331149578094,1265,0.09584480903365396,0.17312252964426877,0.0,0.0
930,-2.261719226837158,1,0.032714903354644775,0.0,0.0,0.0
931,-0.22675180435180664,1,0.02834397554397583,1.0,0.0,0.0
932,-0.82920241355896,1,0.10365030169487,0.0,0.0,0.0
933,-2.8130578994750977,1,0.10163223743438721,0.0,0.0,0.0
934,1.8034954071044922,1,0.024563074111938477,1.0,0.0,0.0
935,1.8086349964141846,1,0.02392062544822693,1.0,0.0,0.0
936,-0.018592357635498047,1,0.002324044704437256,1.0,0.0,0.0
937,-0.5877294540405273,1,0.07346618175506592,0.0,0.0,0.0
938,-2.4430861473083496,1,0.0553857684135437,0.0,0.0,0.0
939,-2.7520294189453125,1,0.09400367736816406,0.0,0.0,0.0
940,-0.6104941368103027,1,0.07631176710128784,0.0,0.0,0.0
941,1.9495422840118408,1,0.0063072144985198975,1.0,0.0,0.0
942,-0.5198581218719482,1,0.06498226523399353,0.0,0.0,0.0
943,-2.7211594581604004,1,0.09014493227005005,0.0,0.0,0.0
944,-2.4971251487731934,1,0.06214064359664917,0.0,0.0,0.0
945,-1374.6590869426727,1265,0.08305392524470454,0.20316205533596837,0.0,0.0
946,-3.0,1,0.13810428977012634,0.0,0.0,0.0
947,-0.9316449165344238,1,0.11645561456680298,0.0,0.0,0.0
948,-3.0,1,0.18896609544754028,0.0,0.0,0.0
949,-1.0052618980407715,1,0.12565773725509644,0.0,0.0,0.0
950,1.8946726322174072,1,0.013165920972824097,1.0,0.0,0.0
951,-0.2858150005340576,1,0.0357268750667572,0.0,0.0,0.0
952,-2.37699818611145,1,0.047124773263931274,0.0,0.0,0.0
953,-0.1039421558380127,1,0.012992769479751587,1.0,0.0,0.0
954,-1.1203746795654297,1,0.1400468349456787,0.0,0.0,0.0
955,1.9598636627197266,1,0.00501704216003418,1.0,0.0,0.0
956,-2.420231580734253,1,0.052528947591781616,0.0,0.0,0.0
957,-2.6598904132843018,1,0.08248630166053772,0.0,0.0,0.0
958,-2.774440288543701,1,0.09680503606796265,0.0,0.0,0.0
959,-0.19696474075317383,1,0.02462059259414673,1.0,0.0,0.0
960,-1.9849119186401367,1,0.2481139898300171,0.0,0.0,0.0
961,-1565.3313946723938,1265,0.10024218083370344,0.19130434782608696,0.0,0.0
962,-0.7037696838378906,1,0.08797121047973633,0.0,0.0,0.0
963,-0.5515346527099609,1,0.06894183158874512,0.0,0.0,0.0
964,-0.18845510482788086,1,0.023556888103485107,1.0,0.0,0.0
965,-2.270038604736328,1,0.033754825592041016,0.0,0.0,0.0
966,-2.417619228363037,1,0.05220240354537964,0.0,0.0,0.0
967,-3.0,1,0.13141360878944397,0.0,0.0,0.0
968,-0.5278022289276123,1,0.06597527861595154,0.0,0.0,0.0
969,-2.465210199356079,1,0.05815127491950989,0.0,0.0,0.0
970,-2.677391529083252,1,0.0846739411354065,0.0,0.0,0.0
971,-0.69474196434021,1,0.08684274554252625,0.0,0.0,0.0
972,-2.3527631759643555,1,0.044095396995544434,0.0,0.0,0.0
973,-3.0,1,0.1430622637271881,0.0,0.0,0.0
974,-1.0590341091156006,1,0.13237926363945007,0.0,0.0,0.0
975,-2.5228090286254883,1,0.06535112857818604,0.0,0.0,0.0
976,-0.35428810119628906,1,0.04428601264953613,0.0,0.0,0.0
977,-1204.3379225730896,1265,0.08725134704423987,0.28142292490118576,0.0,0.0
978,-2.812528133392334,1,0.10156601667404175,0.0,0.0,0.0
979,-3.0,1,0.1516997516155243,0.0,0.0,0.0
980,-1.6073696613311768,1,0.2009212076663971,0.0,0.0,0.0
981,-0.6506147384643555,1,0.08132684230804443,0.0,0.0,0.0
982,-2.7910702228546143,1,0.09888377785682678,0.0,0.0,0.0
983,-1.2094521522521973,1,0.15118151903152466,0.0,0.0,0.0
984,1.969573736190796,1,0.0038032829761505127,1.0,0.0,0.0
985,-0.7914180755615234,1,0.09892725944519043,0.0,0.0,0.0
986,-0.1671159267425537,1,0.020889490842819214,1.0,0.0,0.0
987,-2.57309889793396,1,0.071637362241745,0.0,0.0,0.0
988,-0.24485278129577637,1,0.030606597661972046,0.0,0.0,0.0
989,-2.713031530380249,1,0.08912894129753113,0.0,0.0,0.0
990,-0.11152386665344238,1,0.013940483331680298,1.0,0.0,0.0
991,-0.7137892246246338,1,0.08922365307807922,0.0,0.0,0.0
992,-2.7418406009674072,1,0.0927300751209259,0.0,0.0,0.0
993,-1674.4681684970856,1265,0.08905160867649575,0.16521739130434782,0.0,0.0
994,-2.4594438076019287,1,0.05743047595024109,0.0,0.0,0.0
995,-0.035836219787597656,1,0.004479527473449707,1.0,0.0,0.0
996,-3.0,1,0.12569639086723328,0.0,0.0,0.0
997,1.9678282737731934,1,0.00402146577835083,1.0,0.0,0.0
998,-1.3096978664398193,1,0.16371223330497742,0.0,0.0,0.0
999,-1.290003776550293,1,0.16125047206878662,0.0,0.0,0.0
1000,-2.7172293663024902,1,0.08965367078781128,0.0,0.0,0.0
1001,-0.8726298809051514,1,0.10907873511314392,0.0,0.0,0.0
1002,-3.0,1,0.21525657176971436,0.0,0.0,0.0
1003,-2.8410377502441406,1,0.10512971878051758,0.0,0.0,0.0
1004,-2.4384756088256836,1,0.05480945110321045,0.0,0.0,0.0
1005,-2.267153024673462,1,0.03339412808418274,0.0,0.0,0.0
1006,-2.2873504161834717,1,0.03591880202293396,0.0,0.0,0.0
1007,-3.0,1,0.13964590430259705,0.0,0.0,0.0
1008,-0.48259711265563965,1,0.060324639081954956,0.0,0.0,0.0
1009,-1489.1970400810242,1265,0.09768087557653193,0.16521739130434782,0.0,0.0
1010,-0.7603206634521484,1,0.09504008293151855,0.0,0.0,0.0
1011,-3.0,1,0.15250110626220703,0.0,0.0,0.0
1012,-0.059644460678100586,1,0.007455557584762573,1.0,0.0,0.0
1013,-0.948685884475708,1,0.1185857355594635,0.0,0.0,0.0
1014,1.763902187347412,1,0.029512226581573486,1.0,0.0,0.0
1015,-0.9572775363922119,1,0.11965969204902649,0.0,0.0,0.0
1016,-2.300203323364258,1,0.03752541542053223,0.0,0.0,0.0
1017,-0.43677663803100586,1,0.05459707975387573,0.0,0.0,0.0
1018,-0.30145907402038574,1,0.03768238425254822,0.0,0.0,0.0
1019,-0.38254737854003906,1,0.04781842231750488,0.0,0.0,0.0
1020,-0.9565520286560059,1,0.11956900358200073,0.0,0.0,0.0
1021,-2.7720460891723633,1,0.09650576114654541,0.0,0.0,0.0
1022,1.7601990699768066,1,0.02997511625289917,1.0,0.0,0.0
1023,-2.4983162879943848,1,0.062289535999298096,0.0,0.0,0.0
1024,-2.924269199371338,1,0.11553364992141724,0.0,0.0,0.0
1025,-1698.4098463058472,1265,0.10956136223826955,0.15019762845849802,0.0,0.0
1026,-3.0,1,0.1297008991241455,0.0,0.0,0.0
1027,-2.4556214809417725,1,0.05695268511772156,0.0,0.0,0.0
1028,-0.14368677139282227,1,0.017960846424102783,1.0,0.0,0.0
1029,-2.285165309906006,1,0.03564566373825073,0.0,0.0,0.0
1030,-2.531836986541748,1,0.0664796233177185,0.0,0.0,0.0
1031,-0.24716663360595703,1,0.03089582920074463,0.0,0.0,0.0
1032,-1.4230320453643799,1,0.17787900567054749,0.0,0.0,0.0
1033,-1.3036701679229736,1,0.1629587709903717,0.0,0.0,0.0
1034,-2.4018144607543945,1,0.050226807594299316,0.0,0.0,0.0
1035,-0.5482456684112549,1,0.06853070855140686,0.0,0.0,0.0
1036,-3.0,1,0.18657010793685913,0.0,0.0,0.0
1037,-2.6463429927825928,1,0.0807928740978241,0.0,0.0,0.0
1038,-2.3568928241729736,1,0.044611603021621704,0.0,0.0,0.0
1039,-3.0,1,0.1893441081047058,0.0,0.0,0.0
1040,-2.2913479804992676,1,0.03641849756240845,0.0,0.0,0.0
1041,-1711.1583065986633,1265,0.10528611943655805,0.1707509881422925,0.0,0.0
1042,-2.7663674354553223,1,0.09579592943191528,0.0,0.0,0.0
1043,-2.757479429244995,1,0.09468492865562439,0.0,0.0,0.0
1044,-3.0,1,0.1484197974205017,0.0,0.0,0.0
1045,-1.0167160034179688,1,0.1270895004272461,0.0,0.0,0.0
1046,-0.43115949630737305,1,0.05389493703842163,0.0,0.0,0.0
1047,-2.1065335273742676,1,0.26331669092178345,0.0,0.0,0.0
1048,-0.8522932529449463,1,0.10653665661811829,0.0,0.0,0.0
1049,-0.628577709197998,1,0.07857221364974976,0.0,0.0,0.0
1050,-2.393864631652832,1,0.049233078956604004,0.0,0.0,0.0
1051,-3.0,1,0.16901323199272156,0.0,0.0,0.0
1052,-0.43210887908935547,1,0.054013609886169434,0.0,0.0,0.0
1053,-0.8489727973937988,1,0.10612159967422485,0.0,0.0,0.0
1054,-1.6513407230377197,1,0.20641759037971497,0.0,0.0,0.0
1055,-1.4632246494293213,1,0.18290308117866516,0.0,0.0,0.0
1056,-0.17323780059814453,1,0.021654725074768066,1.0,0.0,0.0
1057,-1551.5775408744812,1265,0.1021322351199365,0.13122529644268774,0.0,0.0
1058,-1.763930082321167,1,0.22049126029014587,0.0,0.0,0.0
1059,-0.7088751792907715,1,0.08860939741134644,0.0,0.0,0.0
1060,-1.7151575088500977,1,0.2143946886062622,0.0,0.0,0.0
1061,-3.0,1,0.2874906361103058,0.0,0.0,0.0
1062,-0.2671082019805908,1,0.03338852524757385,0.0,0.0,0.0
1063,1.9014530181884766,1,0.01231837272644043,1.0,0.0,0.0
1064,-3.0,1,0.12512758374214172,0.0,0.0,0.0
1065,-3.0,1,0.15225571393966675,0.0,0.0,0.0
1066,-3.0,1,0.165258526802063,0.0,0.0,0.0
1067,-1.010195255279541,1,0.12627440690994263,0.0,0.0,0.0
1068,-0.38866424560546875,1,0.048583030700683594,0.0,0.0,0.0
1069,-0.25296664237976074,1,0.03162083029747009,0.0,0.0,0.0
1070,-0.34315013885498047,1,0.04289376735687256,0.0,0.0,0.0
1071,1.9803094863891602,1,0.0024613142013549805,1.0,0.0,0.0
1072,-2.982515811920166,1,0.12281447649002075,0.0,0.0,0.0
1073,-1420.3113408088684,1265,0.10191871219944106,0.2189723320158103,0.0,0.0
1074,1.803476333618164,1,0.024565458297729492,1.0,0.0,0.0
1075,-1.0911169052124023,1,0.1363896131515503,0.0,0.0,0.0
1076,-0.08126044273376465,1,0.010157555341720581,1.0,0.0,0.0
1077,1.8805880546569824,1,0.014926493167877197,1.0,0.0,0.0
1078,-0.2951216697692871,1,0.03689020872116089,0.0,0.0,0.0
1079,1.9692673683166504,1,0.003841578960418701,1.0,0.0,0.0
1080,-2.834620475769043,1,0.10432755947113037,0.0,0.0,0.0
1081,-2.3206586837768555,1,0.040082335472106934,0.0,0.0,0.0
1082,-2.194394111633301,1,0.2742992639541626,0.0,0.0,0.0
1083,-0.25324392318725586,1,0.03165549039840698,0.0,0.0,0.0
1084,-3.0,1,0.17686957120895386,0.0,0.0,0.0
1085,-0.17441701889038086,1,0.021802127361297607,1.0,0.0,0.0
1086,-0.35001373291015625,1,0.04375171661376953,0.0,0.0,0.0
1087,-3.0,1,0.2329259216785431,0.0,0.0,0.0
1088,-2.285918712615967,1,0.03573983907699585,0.0,0.0,0.0
1089,-1828.7177820205688,1265,0.09497760444761737,0.08379446640316206,0.0,0.0
1090,-2.3747940063476562,1,0.04684925079345703,0.0,0.0,0.0
1091,-0.44324493408203125,1,0.055405616760253906,0.0,0.0,0.0
1092,-0.4431478977203369,1,0.055393487215042114,0.0,0.0,0.0
1093,-2.694814443588257,1,0.0868518054485321,0.0,0.0,0.0
1094,-2.327343225479126,1,0.04091790318489075,0.0,0.0,0.0
1095,-2.441545009613037,1,0.05519312620162964,0.0,0.0,0.0
1096,-2.4297499656677246,1,0.053718745708465576,0.0,0.0,0.0
1097,-3.0,1,0.14482378959655762,0.0,0.0,0.0
1098,-0.9436924457550049,1,0.11796155571937561,0.0,0.0,0.0
1099,-2.891643524169922,1,0.11145544052124023,0.0,0.0,0.0
1100,-3.0,1,0.1819891333580017,0.0,0.0,0.0
1101,-0.49144458770751953,1,0.06143057346343994,0.0,0.0,0.0
1102,-2.018939733505249,1,0.25236746668815613,0.0,0.0,0.0
1103,-3.0,1,0.20008859038352966,0.0,0.0,0.0
1104,-3.0,1,0.1323736011981964,0.0,0.0,0.0
1105,-1747.0757122039795,1265,0.11727204049528824,0.1391304347826087,0.0,0.0
1106,-3.0,1,0.12879112362861633,0.0,0.0,0.0
1107,1.9034368991851807,1,0.012070387601852417,1.0,0.0,0.0
1108,-1.5136055946350098,1,0.18920069932937622,0.0,0.0,0.0
1109,-3.0,1,0.2337329089641571,0.0,0.0,0.0
1110,-3.0,1,0.26354527473449707,0.0,0.0,0.0
1111,-1.095045804977417,1,0.13688072562217712,0.0,0.0,0.0
1112,-1.1434824466705322,1,0.14293530583381653,0.0,0.0,0.0
1113,-0.6170744895935059,1,0.07713431119918823,0.0,0.0,0.0
1114,-2.2568016052246094,1,0.03210020065307617,0.0,0.0,0.0
1115,-0.41160058975219727,1,0.05145007371902466,0.0,0.0,0.0
1116,-2.115144968032837,1,0.2643931210041046,0.0,0.0,0.0
1117,1.7915980815887451,1,0.02605023980140686,1.0,0.0,0.0
1118,-2.5316872596740723,1,0.06646090745925903,0.0,0.0,0.0
1119,-0.03696393966674805,1,0.004620492458343506,1.0,0.0,0.0
1120,-0.8764638900756836,1,0.10955798625946045,0.0,0.0,0.0
1121,-1854.973072528839,1265,0.12074795841228349,0.09407114624505929,0.0,0.0
1122,-0.6379430294036865,1,0.07974287867546082,0.0,0.0,0.0
1123,-0.7882318496704102,1,0.09852898120880127,0.0,0.0,0.0
1124,-2.997743844985962,1,0.12471798062324524,0.0,0.0,0.0
1125,-0.4842257499694824,1,0.0605282187461853,0.0,0.0,0.0
1126,-1.579401969909668,1,0.1974252462387085,0.0,0.0,0.0
1127,1.7892239093780518,1,0.02634701132774353,1.0,0.0,0.0
1128,-1.187117576599121,1,0.14838969707489014,0.0,0.0,0.0
1129,-2.2738752365112305,1,0.03423440456390381,0.0,0.0,0.0
1130,-0.8410854339599609,1,0.10513567924499512,0.0,0.0,0.0
1131,-1.0361852645874023,1,0.1295231580734253,0.0,0.0,0.0
1132,-3.0,1,0.19170695543289185,0.0,0.0,0.0
1133,-0.5579054355621338,1,0.06973817944526672,0.0,0.0,0.0
1134,-0.6601357460021973,1,0.08251696825027466,0.0,0.0,0.0
1135,-1.8671975135803223,1,0.23339968919754028,0.0,0.0,0.0
1136,-2.582066535949707,1,0.07275831699371338,0.0,0.0,0.0
1137,-1293.3727972507477,1265,0.09254339370331745,0.258498023715415,0.0,0.0
1138,-2.5065860748291016,1,0.0633232593536377,0.0,0.0,0.0
1139,-0.8830423355102539,1,0.11038029193878174,0.0,0.0,0.0
1140,-0.16346502304077148,1,0.020433127880096436,1.0,0.0,0.0
1141,1.9558820724487305,1,0.005514740943908691,1.0,0.0,0.0
1142,-2.329376459121704,1,0.04117205739021301,0.0,0.0,0.0
1143,-0.40346288681030273,1,0.05043286085128784,0.0,0.0,0.0
1144,1.8294024467468262,1,0.02132469415664673,1.0,0.0,0.0
1145,-0.892871618270874,1,0.11160895228385925,0.0,0.0,0.0
1146,-0.4917869567871094,1,0.06147336959838867,0.0,0.0,0.0
1147,1.86653470993042,1,0.01668316125869751,1.0,0.0,0.0
1148,-0.7394118309020996,1,0.09242647886276245,0.0,0.0,0.0
1149,-1.8792140483856201,1,0.23490175604820251,0.0,0.0,0.0
1150,-0.837928056716919,1,0.10474100708961487,0.0,0.0,0.0
1151,1.8928170204162598,1,0.01339787244796753,1.0,0.0,0.0
1152,-3.0,1,0.13166147470474243,0.0,0.0,0.0
1153,-1341.066999912262,1265,0.1061220930734642,0.21027667984189724,0.0,0.0
1154,-2.0481228828430176,1,0.2560153603553772,0.0,0.0,0.0
1155,-3.0,1,0.15941795706748962,0.0,0.0,0.0
1156,-0.024293899536132812,1,0.0030367374420166016,1.0,0.0,0.0
1157,1.8863165378570557,1,0.014210432767868042,1.0,0.0,0.0
1158,-3.0,1,0.14538651704788208,0.0,0.0,0.0
1159,-0.6994419097900391,1,0.08743023872375488,0.0,0.0,0.0
1160,1.790761947631836,1,0.026154756546020508,1.0,0.0,0.0
1161,-1.89565110206604,1,0.236956387758255,0.0,0.0,0.0
1162,-1.3317675590515137,1,0.1664709448814392,0.0,0.0,0.0
1163,-1.14277982711792,1,0.14284747838974,0.0,0.0,0.0
1164,-2.3197782039642334,1,0.039972275495529175,0.0,0.0,0.0
1165,-3.0,1,0.15578830242156982,0.0,0.0,0.0
1166,-2.056201219558716,1,0.2570251524448395,0.0,0.0,0.0
1167,-0.337249755859375,1,0.042156219482421875,0.0,0.0,0.0
1168,-0.40400004386901855,1,0.05050000548362732,0.0,0.0,0.0
1169,-1539.5065295696259,1265,0.095764430685948,0.14387351778656127,0.0,0.0
1170,-2.943880796432495,1,0.11798509955406189,0.0,0.0,0.0
1171,-3.0,1,0.19220086932182312,0.0,0.0,0.0
1172,-1.2506372928619385,1,0.1563296616077423,0.0,0.0,0.0
1173,-1.0182111263275146,1,0.12727639079093933,0.0,0.0,0.0
1174,-2.5555496215820312,1,0.0694437026977539,0.0,0.0,0.0
1175,-3.0,1,0.13817152380943298,0.0,0.0,0.0
1176,-0.6463212966918945,1,0.08079016208648682,0.0,0.0,0.0
1177,-2.860811471939087,1,0.10760143399238586,0.0,0.0,0.0
1178,-2.9756100177764893,1,0.12195125222206116,0.0,0.0,0.0
1179,-2.9108004570007324,1,0.11385005712509155,0.0,0.0,0.0
1180,-0.07676124572753906,1,0.009595155715942383,1.0,0.0,0.0
1181,-0.25389981269836426,1,0.03173747658729553,0.0,0.0,0.0
1182,-0.30258631706237793,1,0.03782328963279724,0.0,0.0,0.0
1183,-1.7024719715118408,1,0.2128089964389801,0.0,0.0,0.0
1184,-2.5893306732177734,1,0.07366633415222168,0.0,0.0,0.0
1185,-1806.2356774806976,1265,0.11119420714529135,0.09407114624505929,0.0,0.0
1186,-2.5261502265930176,1,0.0657687783241272,0.0,0.0,0.0
1187,-2.419485092163086,1,0.05243563652038574,0.0,0.0,0.0
1188,-1.2943964004516602,1,0.16179955005645752,0.0,0.0,0.0
1189,-0.9683003425598145,1,0.1210375428199768,0.0,0.0,0.0
1190,-3.0,1,0.14944308996200562,0.0,0.0,0.0
1191,-3.0,1,0.1441051959991455,0.0,0.0,0.0
1192,1.9292373657226562,1,0.008845329284667969,1.0,0.0,0.0
1193,-0.9606099128723145,1,0.1200762391090393,0.0,0.0,0.0
1194,-0.4381265640258789,1,0.05476582050323486,0.0,0.0,0.0
1195,-2.861736297607422,1,0.10771703720092773,0.0,0.0,0.0
1196,-2.596263885498047,1,0.07453298568725586,0.0,0.0,0.0
1197,-0.0645589828491211,1,0.008069872856140137,1.0,0.0,0.0
1198,-1.1216943264007568,1,0.1402117908000946,0.0,0.0,0.0
1199,-2.963268756866455,1,0.12040859460830688,0.0,0.0,0.0
1200,-1.2551350593566895,1,0.15689188241958618,0.0,0.0,0.0
1201,-1423.4847366809845,1265,0.09097178698528426,0.2300395256916996,0.0,0.0
1202,-2.6370859146118164,1,0.32963573932647705,0.0,0.0,0.0
1203,-1.321622371673584,1,0.165202796459198,0.0,0.0,0.0
1204,-3.0,1,0.1402437388896942,0.0,0.0,0.0
1205,-2.7639851570129395,1,0.09549814462661743,0.0,0.0,0.0
1206,-1.1182587146759033,1,0.13978233933448792,0.0,0.0,0.0
1207,-3.0,1,0.18389025330543518,0.0,0.0,0.0
1208,-1.1283409595489502,1,0.14104261994361877,0.0,0.0,0.0
1209,-1.436934232711792,1,0.179616779088974,0.0,0.0,0.0
1210,-0.7486090660095215,1,0.09357613325119019,0.0,0.0,0.0
1211,-0.44570350646972656,1,0.05571293830871582,0.0,0.0,0.0
1212,-2.483607769012451,1,0.060450971126556396,0.0,0.0,0.0
1213,-0.7598044872283936,1,0.0949755609035492,0.0,0.0,0.0
1214,-1.3026301860809326,1,0.16282877326011658,0.0,0.0,0.0
1215,-0.9657433032989502,1,0.12071791291236877,0.0,0.0,0.0
1216,-1.0892488956451416,1,0.1361561119556427,0.0,0.0,0.0
1217,-1663.876983165741,1265,0.10535077747148959,0.16521739130434782,0.0,0.0
1218,-0.9502472877502441,1,0.11878091096878052,0.0,0.0,0.0
1219,-2.3438892364501953,1,0.042986154556274414,0.0,0.0,0.0
1220,-0.845510721206665,1,0.10568884015083313,0.0,0.0,0.0
1221,-2.9580748081207275,1,0.11975935101509094,0.0,0.0,0.0
1222,-2.768765687942505,1,0.09609571099281311,0.0,0.0,0.0
1223,-3.0,1,0.14188912510871887,0.0,0.0,0.0
1224,-0.644709587097168,1,0.080588698387146,0.0,0.0,0.0
1225,-0.8204441070556641,1,0.10255551338195801,0.0,0.0,0.0
1226,-0.590430498123169,1,0.07380381226539612,0.0,0.0,0.0
1227,-0.25696563720703125,1,0.032120704650878906,0.0,0.0,0.0
1228,1.8178191184997559,1,0.022772610187530518,1.0,0.0,0.0
1229,1.9603796005249023,1,0.004952549934387207,1.0,0.0,0.0
1230,-0.9497900009155273,1,0.11872375011444092,0.0,0.0,0.0
1231,-0.9373502731323242,1,0.11716878414154053,0.0,0.0,0.0
1232,1.9697928428649902,1,0.0037758946418762207,1.0,0.0,0.0
1233,-1616.7901175022125,1265,0.11192754589521837,0.1359683794466403,0.0,0.0
1234,1.9728317260742188,1,0.0033960342407226562,1.0,0.0,0.0
1235,1.8268554210662842,1,0.021643072366714478,1.0,0.0,0.0
1236,-1.0164668560028076,1,0.12705835700035095,0.0,0.0,0.0
1237,-1.0006675720214844,1,0.12508344650268555,0.0,0.0,0.0
1238,-2.049365520477295,1,0.25617069005966187,0.0,0.0,0.0
1239,-1.4027535915374756,1,0.17534419894218445,0.0,0.0,0.0
1240,-2.4658896923065186,1,0.05823621153831482,0.0,0.0,0.0
1241,-2.6401376724243164,1,0.08001720905303955,0.0,0.0,0.0
1242,1.9013733863830566,1,0.01232832670211792,1.0,0.0,0.0
1243,-2.790654182434082,1,0.09883177280426025,0.0,0.0,0.0
1244,-0.8953955173492432,1,0.1119244396686554,0.0,0.0,0.0
1245,-3.0,1,0.16577470302581787,0.0,0.0,0.0
1246,-0.5622735023498535,1,0.07028418779373169,0.0,0.0,0.0
1247,-0.8372094631195068,1,0.10465118288993835,0.0,0.0,0.0
1248,-1.663301706314087,1,0.20791271328926086,0.0,0.0,0.0
1249,-1747.3033154010773,1265,0.10596846660135292,0.15889328063241107,0.0,0.0
1250,-3.0,1,0.15005600452423096,0.0,0.0,0.0
1251,1.8662171363830566,1,0.01672285795211792,1.0,0.0,0.0
1252,-2.1778900623321533,1,0.27223625779151917,0.0,0.0,0.0
1253,-0.6911301612854004,1,0.08639127016067505,0.0,0.0,0.0
1254,-0.7888507843017578,1,0.09860634803771973,0.0,0.0,0.0
1255,-2.8988194465637207,1,0.11235243082046509,0.0,0.0,0.0
1256,-0.7057180404663086,1,0.08821475505828857,0.0,0.0,0.0
1257,1.8992838859558105,1,0.012589514255523682,1.0,0.0,0.0
1258,-2.2635440826416016,1,0.032943010330200195,0.0,0.0,0.0
1259,1.857942819595337,1,0.017757147550582886,1.0,0.0,0.0
1260,-1.4779961109161377,1,0.1847495138645172,0.0,0.0,0.0
1261,-3.0,1,0.12644866108894348,0.0,0.0,0.0
1262,-0.6302182674407959,1,0.07877728343009949,0.0,0.0,0.0
1263,-1.017570972442627,1,0.12719637155532837,0.0,0.0,0.0
1264,-2.283954381942749,1,0.03549429774284363,0.0,0.0,0.0
1265,-1336.0192430019379,1265,0.08853018187251487,0.1707509881422925,0.0,0.0
1266,-2.244211196899414,1,0.030526399612426758,0.0,0.0,0.0
1267,-0.5872616767883301,1,0.07340770959854126,0.0,0.0,0.0
1268,-0.15941524505615234,1,0.019926905632019043,1.0,0.0,0.0
1269,-0.4561030864715576,1,0.0570128858089447,0.0,0.0,0.0
1270,-0.8331594467163086,1,0.10414493083953857,0.0,0.0,0.0
1271,-0.5614104270935059,1,0.07017630338668823,0.0,0.0,0.0
1272,-0.5693674087524414,1,0.07117092609405518,0.0,0.0,0.0
1273,-3.0,1,0.20813506841659546,0.0,0.0,0.0
1274,-3.0,1,0.15203601121902466,0.0,0.0,0.0
1275,-0.6433568000793457,1,0.08041960000991821,0.0,0.0,0.0
1276,-0.9620828628540039,1,0.12026035785675049,0.0,0.0,0.0
1277,-0.21626710891723633,1,0.02703338861465454,1.0,0.0,0.0
1278,-0.32434868812561035,1,0.040543586015701294,0.0,0.0,0.0
1279,-0.8958327770233154,1,0.11197909712791443,0.0,0.0,0.0
1280,-2.550943374633789,1,0.31886792182922363,0.0,0.0,0.0
1281,-1683.8098983764648,1265,0.1076535195701207,0.09565217391304348,0.0,0.0
1282,-1.2424688339233398,1,0.15530860424041748,0.0,0.0,0.0
1283,-1.7338507175445557,1,0.21673133969306946,0.0,0.0,0.0
1284,-0.4306187629699707,1,0.05382734537124634,0.0,0.0,0.0
1285,1.7622344493865967,1,0.029720693826675415,1.0,0.0,0.0
1286,-1.254913091659546,1,0.15686413645744324,0.0,0.0,0.0
1287,-2.381965398788452,1,0.04774567484855652,0.0,0.0,0.0
1288,-0.543574333190918,1,0.06794679164886475,0.0,0.0,0.0
1289,-2.776684284210205,1,0.09708553552627563,0.0,0.0,0.0
1290,1.8875794410705566,1,0.01405256986618042,1.0,0.0,0.0
1291,-1.9974346160888672,1,0.2496793270111084,0.0,0.0,0.0
1292,1.838559627532959,1,0.020180046558380127,1.0,0.0,0.0
1293,-1.8810420036315918,1,0.23513025045394897,0.0,0.0,0.0
1294,-3.0,1,0.15516886115074158,0.0,0.0,0.0
1295,1.9226977825164795,1,0.009662777185440063,1.0,0.0,0.0
1296,-1.163750410079956,1,0.1454688012599945,0.0,0.0,0.0
1297,-1040.358677148819,1265,0.08870360775898568,0.22608695652173913,0.0,0.0
1298,-0.6649646759033203,1,0.08312058448791504,0.0,0.0,0.0
1299,-1.3435049057006836,1,0.16793811321258545,0.0,0.0,0.0
1300,-0.4416162967681885,1,0.05520203709602356,0.0,0.0,0.0
1301,-0.5566444396972656,1,0.0695805549621582,0.0,0.0,0.0
1302,-2.453737258911133,1,0.0567171573638916,0.0,0.0,0.0
1303,1.8981881141662598,1,0.01272648572921753,1.0,0.0,0.0
1304,1.8120789527893066,1,0.02349013090133667,1.0,0.0,0.0
1305,-2.3382043838500977,1,0.04227554798126221,0.0,0.0,0.0
1306,-0.8361036777496338,1,0.10451295971870422,0.0,0.0,0.0
1307,-1.5193276405334473,1,0.1899159550666809,0.0,0.0,0.0
1308,-1.39585542678833,1,0.17448192834854126,0.0,0.0,0.0
1309,-3.0,1,0.2842436134815216,0.0,0.0,0.0
1310,-2.3854451179504395,1,0.04818063974380493,0.0,0.0,0.0
1311,-0.4570937156677246,1,0.057136714458465576,0.0,0.0,0.0
1312,-1.0084803104400635,1,0.12606003880500793,0.0,0.0,0.0
1313,-1245.4014308452606,1265,0.10930431650090124,0.21818181818181817,0.0,0.0
1314,-1.2729480266571045,1,0.15911850333213806,0.0,0.0,0.0
1315,-1.077244758605957,1,0.13465559482574463,0.0,0.0,0.0
1316,1.7945590019226074,1,0.025680124759674072,1.0,0.0,0.0
1317,-0.33061742782592773,1,0.04132717847824097,0.0,0.0,0.0
1318,-0.11938929557800293,1,0.014923661947250366,1.0,0.0,0.0
1319,-0.2785301208496094,1,0.03481626510620117,0.0,0.0,0.0
1320,-0.36040520668029785,1,0.04505065083503723,0.0,0.0,0.0
1321,1.9660110473632812,1,0.004248619079589844,1.0,0.0,0.0
1322,1.7838621139526367,1,0.02701723575592041,1.0,0.0,0.0
1323,-0.3210017681121826,1,0.04012522101402283,0.0,0.0,0.0
1324,-0.37359619140625,1,0.04669952392578125,0.0,0.0,0.0
1325,-3.0,1,0.1581072211265564,0.0,0.0,0.0
1326,-0.7554926872253418,1,0.09443658590316772,0.0,0.0,0.0
1327,-0.4182562828063965,1,0.05228203535079956,0.0,0.0,0.0
1328,-0.057820796966552734,1,0.007227599620819092,1.0,0.0,0.0
1329,-1265.023209810257,1265,0.08206032973975533,0.22213438735177865,0.0,0.0
1330,-0.3330092430114746,1,0.041626155376434326,0.0,0.0,0.0
1331,-2.33250093460083,1,0.04156261682510376,0.0,0.0,0.0
1332,-2.650254249572754,1,0.08128178119659424,0.0,0.0,0.0
1333,-0.5134327411651611,1,0.06417909264564514,0.0,0.0,0.0
1334,-0.9758861064910889,1,0.12198576331138611,0.0,0.0,0.0
1335,-1.3502094745635986,1,0.16877618432044983,0.0,0.0,0.0
1336,-1.2475559711456299,1,0.15594449639320374,0.0,0.0,0.0
1337,-0.6221423149108887,1,0.07776778936386108,0.0,0.0,0.0
1338,-0.0952768325805664,1,0.0119096040725708,1.0,0.0,0.0
1339,-0.29538750648498535,1,0.03692343831062317,0.0,0.0,0.0
1340,-1.2861449718475342,1,0.16076812148094177,0.0,0.0,0.0
1341,-0.9884734153747559,1,0.12355917692184448,0.0,0.0,0.0
1342,-2.600278854370117,1,0.07503485679626465,0.0,0.0,0.0
1343,-1.0172433853149414,1,0.12715542316436768,0.0,0.0,0.0
1344,-0.2754697799682617,1,0.034433722496032715,0.0,0.0,0.0
1345,-1630.7353932857513,1265,0.11173517850076728,0.16126482213438736,0.0,0.0
1346,-0.7676777839660645,1,0.09595972299575806,0.0,0.0,0.0
1347,-3.0,1,0.22672685980796814,0.0,0.0,0.0
1348,1.9705910682678223,1,0.003676116466522217,1.0,0.0,0.0
1349,-3.0,1,0.14663547277450562,0.0,0.0,0.0
1350,-3.0,1,0.1513339877128601,0.0,0.0,0.0
1351,-0.9430656433105469,1,0.11788320541381836,0.0,0.0,0.0
1352,-3.0,1,0.1428738236427307,0.0,0.0,0.0
1353,-3.0,1,0.172674298286438,0.0,0.0,0.0
1354,-3.0,1,0.20858639478683472,0.0,0.0,0.0
1355,1.832292079925537,1,0.02096349000930786,1.0,0.0,0.0
1356,-0.20927190780639648,1,0.02615898847579956,1.0,0.0,0.0
1357,-2.7315168380737305,1,0.09143960475921631,0.0,0.0,0.0
1358,-1.530383825302124,1,0.1912979781627655,0.0,0.0,0.0
1359,-0.8722634315490723,1,0.10903292894363403,0.0,0.0,0.0
1360,1.8164100646972656,1,0.022948741912841797,1.0,0.0,0.0
1361,-1778.7640357017517,1265,0.09477758315712095,0.11936758893280633,0.0,0.0
1362,-1.3032188415527344,1,0.1629023551940918,0.0,0.0,0.0
1363,-2.4927265644073486,1,0.06159082055091858,0.0,0.0,0.0
1364,-3.0,1,0.13996294140815735,0.0,0.0,0.0
1365,-0.5962276458740234,1,0.07452845573425293,0.0,0.0,0.0
1366,-0.5460848808288574,1,0.06826061010360718,0.0,0.0,0.0
1367,-0.9555420875549316,1,0.11944276094436646,0.0,0.0,0.0
1368,-0.5384478569030762,1,0.06730598211288452,0.0,0.0,0.0
1369,-2.3947501182556152,1,0.049343764781951904,0.0,0.0,0.0
1370,-3.0,1,0.1581953763961792,0.0,0.0,0.0
1371,-3.0,1,0.15119022130966187,0.0,0.0,0.0
1372,-0.4284520149230957,1,0.05355650186538696,0.0,0.0,0.0
1373,-0.5419514179229736,1,0.0677439272403717,0.0,0.0,0.0
1374,-2.9480109214782715,1,0.11850136518478394,0.0,0.0,0.0
1375,-0.5627703666687012,1,0.07034629583358765,0.0,0.0,0.0
1376,-3.0,1,0.15105172991752625,0.0,0.0,0.0
1377,-1271.3941984176636,1265,0.09004153507971481,0.22055335968379447,0.0,0.0
1378,1.9498100280761719,1,0.006273746490478516,1.0,0.0,0.0
1379,-0.1407918930053711,1,0.017598986625671387,1.0,0.0,0.0
1380,-2.2949252128601074,1,0.03686565160751343,0.0,0.0,0.0
1381,-0.5459389686584473,1,0.06824237108230591,0.0,0.0,0.0
1382,-0.07655525207519531,1,0.009569406509399414,1.0,0.0,0.0
1383,-0.5111970901489258,1,0.06389963626861572,0.0,0.0,0.0
1384,-3.0,1,0.14309874176979065,0.0,0.0,0.0
1385,1.8321280479431152,1,0.020983994007110596,1.0,0.0,0.0
1386,-0.5573923587799072,1,0.0696740448474884,0.0,0.0,0.0
1387,-0.23222923278808594,1,0.029028654098510742,1.0,0.0,0.0
1388,-0.6747729778289795,1,0.08434662222862244,0.0,0.0,0.0
1389,1.769784927368164,1,0.028776884078979492,1.0,0.0,0.0
1390,-0.5359036922454834,1,0.06698796153068542,0.0,0.0,0.0
1391,-3.0,1,0.17895373702049255,0.0,0.0,0.0
1392,1.7920396327972412,1,0.02599504590034485,1.0,0.0,0.0
1393,-1614.4816648960114,1265,0.10083347283333187,0.14624505928853754,0.0,0.0
1394,-0.21917176246643066,1,0.027396470308303833,1.0,0.0,0.0
1395,-1.67330002784729,1,0.20916250348091125,0.0,0.0,0.0
1396,-2.3657636642456055,1,0.045720458030700684,0.0,0.0,0.0
1397,-1.688377857208252,1,0.2110472321510315,0.0,0.0,0.0
1398,-0.69693922996521,1,0.08711740374565125,0.0,0.0,0.0
1399,-3.0,1,0.13244763016700745,0.0,0.0,0.0
1400,-0.009654521942138672,1,0.001206815242767334,1.0,0.0,0.0
1401,-3.0,1,0.22979655861854553,0.0,0.0,0.0
1402,-2.5013036727905273,1,0.06266295909881592,0.0,0.0,0.0
1403,-3.0,1,0.1711772382259369,0.0,0.0,0.0
1404,-1.1075212955474854,1,0.13844016194343567,0.0,0.0,0.0
1405,-3.0,1,0.12638166546821594,0.0,0.0,0.0
1406,-0.15248489379882812,1,0.019060611724853516,1.0,0.0,0.0
1407,-0.7169158458709717,1,0.08961448073387146,0.0,0.0,0.0
1408,-1.0430822372436523,1,0.13038527965545654,0.0,0.0,0.0
1409,-1569.081425666809,1265,0.10571735190308612,0.18972332015810275,0.0,0.0
1410,-2.742337226867676,1,0.09279215335845947,0.0,0.0,0.0
1411,-1.523533582687378,1,0.19044169783592224,0.0,0.0,0.0
1412,-1.2629945278167725,1,0.15787431597709656,0.0,0.0,0.0
1413,-0.9294085502624512,1,0.1161760687828064,0.0,0.0,0.0
1414,-0.6929779052734375,1,0.08662223815917969,0.0,0.0,0.0
1415,-2.576781749725342,1,0.07209771871566772,0.0,0.0,0.0
1416,-1.4337949752807617,1,0.17922437191009521,0.0,0.0,0.0
1417,-0.9950854778289795,1,0.12438568472862244,0.0,0.0,0.0
1418,-3.0,1,0.19979000091552734,0.0,0.0,0.0
1419,-0.7931723594665527,1,0.09914654493331909,0.0,0.0,0.0
1420,-2.0883209705352783,1,0.2610401213169098,0.0,0.0,0.0
1421,-0.19106101989746094,1,0.023882627487182617,1.0,0.0,0.0
1422,-2.2701010704040527,1,0.03376263380050659,0.0,0.0,0.0
1423,-0.9466056823730469,1,0.11832571029663086,0.0,0.0,0.0
1424,-3.0,1,0.26284435391426086,0.0,0.0,0.0
1425,-1049.3828785419464,1265,0.08066392451406938,0.2940711462450593,0.0,0.0
1426,-0.7991161346435547,1,0.09988951683044434,0.0,0.0,0.0
1427,-2.7687718868255615,1,0.09609648585319519,0.0,0.0,0.0
1428,-1.0511245727539062,1,0.13139057159423828,0.0,0.0,0.0
1429,-1.9380662441253662,1,0.24225828051567078,0.0,0.0,0.0
1430,-2.1870412826538086,1,0.2733801603317261,0.0,0.0,0.0
1431,-0.5109951496124268,1,0.06387439370155334,0.0,0.0,0.0
1432,-0.8660974502563477,1,0.10826218128204346,0.0,0.0,0.0
1433,-2.8788228034973145,1,0.1098528504371643,0.0,0.0,0.0
1434,-2.8465664386749268,1,0.10582080483436584,0.0,0.0,0.0
1435,-1.6574110984802246,1,0.20717638731002808,0.0,0.0,0.0
1436,-1.1968464851379395,1,0.14960581064224243,0.0,0.0,0.0
1437,-3.0,1,0.12812945246696472,0.0,0.0,0.0
1438,-0.7099151611328125,1,0.08873939514160156,0.0,0.0,0.0
1439,1.8766858577728271,1,0.015414267778396606,1.0,0.0,0.0
1440,-1.9964911937713623,1,0.2495613992214203,0.0,0.0,0.0
1441,-1630.677932024002,1265,0.11519014927238344,0.15889328063241107,0.0,0.0
1442,-0.3539009094238281,1,0.044237613677978516,0.0,0.0,0.0
1443,-0.29697585105895996,1,0.037121981382369995,0.0,0.0,0.0
1444,-3.0,1,0.17231541872024536,0.0,0.0,0.0
1445,-0.8968877792358398,1,0.11211097240447998,0.0,0.0,0.0
1446,-2.6268863677978516,1,0.07836079597473145,0.0,0.0,0.0
1447,-0.42778682708740234,1,0.05347335338592529,0.0,0.0,0.0
1448,-0.3982706069946289,1,0.04978382587432861,0.0,0.0,0.0
1449,1.762528419494629,1,0.029683947563171387,1.0,0.0,0.0
1450,-3.0,1,0.16844967007637024,0.0,0.0,0.0
1451,-0.9241771697998047,1,0.11552214622497559,0.0,0.0,0.0
1452,-2.3351948261260986,1,0.04189935326576233,0.0,0.0,0.0
1453,-1.3579895496368408,1,0.1697486937046051,0.0,0.0,0.0
1454,-0.10603952407836914,1,0.013254940509796143,1.0,0.0,0.0
1455,-0.019265174865722656,1,0.002408146858215332,1.0,0.0,0.0
1456,-2.00583553314209,1,0.25072944164276123,0.0,0.0,0.0
1457,-1744.556812763214,1265,0.10785219648138808,0.09249011857707509,0.0,0.0
1458,-3.0,1,0.1283704936504364,0.0,0.0,0.0
1459,-2.1232059001922607,1,0.2654007375240326,0.0,0.0,0.0
1460,-1.050926685333252,1,0.1313658356666565,0.0,0.0,0.0
1461,-0.9814314842224121,1,0.12267893552780151,0.0,0.0,0.0
1462,-2.996755361557007,1,0.12459442019462585,0.0,0.0,0.0
1463,-3.0,1,0.18058571219444275,0.0,0.0,0.0
1464,-0.5780069828033447,1,0.07225087285041809,0.0,0.0,0.0
1465,-2.420820713043213,1,0.05260258913040161,0.0,0.0,0.0
1466,-1.9872851371765137,1,0.2484106421470642,0.0,0.0,0.0
1467,-0.2885918617248535,1,0.03607398271560669,0.0,0.0,0.0
1468,-2.4256956577301025,1,0.05321195721626282,0.0,0.0,0.0
1469,-3.0,1,0.15807664394378662,0.0,0.0,0.0
1470,-1.5623478889465332,1,0.19529348611831665,0.0,0.0,0.0
1471,-3.0,1,0.15251100063323975,0.0,0.0,0.0
1472,-1.119899034500122,1,0.13998737931251526,0.0,0.0,0.0
1473,-1615.882557630539,1265,0.10188124321194977,0.14071146245059288,0.0,0.0
1474,-2.8716843128204346,1,0.10896053910255432,0.0,0.0,0.0
1475,-0.3736305236816406,1,0.04670381546020508,0.0,0.0,0.0
1476,-0.3012394905090332,1,0.03765493631362915,0.0,0.0,0.0
1477,-0.23003935813903809,1,0.02875491976737976,1.0,0.0,0.0
1478,-3.0,1,0.1300017535686493,0.0,0.0,0.0
1479,-0.5425138473510742,1,0.06781423091888428,0.0,0.0,0.0
1480,-1.4360709190368652,1,0.17950886487960815,0.0,0.0,0.0
1481,-1.846830129623413,1,0.23085376620292664,0.0,0.0,0.0
1482,-0.36337900161743164,1,0.045422375202178955,0.0,0.0,0.0
1483,-2.4861583709716797,1,0.06076979637145996,0.0,0.0,0.0
1484,-0.30097460746765137,1,0.03762182593345642,0.0,0.0,0.0
1485,-0.6875274181365967,1,0.08594092726707458,0.0,0.0,0.0
1486,-2.8720242977142334,1,0.10900303721427917,0.0,0.0,0.0
1487,-0.5058693885803223,1,0.06323367357254028,0.0,0.0,0.0
1488,-0.17858505249023438,1,0.022323131561279297,1.0,0.0,0.0
1489,-1224.9453830718994,1265,0.0795525566391323,0.17391304347826086,0.0,0.0
1490,-2.8968520164489746,1,0.11210650205612183,0.0,0.0,0.0
1491,-1.1896452903747559,1,0.14870566129684448,0.0,0.0,0.0
1492,-0.6060190200805664,1,0.0757523775100708,0.0,0.0,0.0
1493,-1.5500030517578125,1,0.19375038146972656,0.0,0.0,0.0
1494,-2.6841752529144287,1,0.08552190661430359,0.0,0.0,0.0
1495,-3.0,1,0.1404426097869873,0.0,0.0,0.0
1496,-1.3766624927520752,1,0.1720828115940094,0.0,0.0,0.0
1497,-0.7306497097015381,1,0.09133121371269226,0.0,0.0,0.0
1498,-3.0,1,0.16552263498306274,0.0,0.0,0.0
1499,-0.3274991512298584,1,0.0409373939037323,0.0,0.0,0.0
1500,1.906029224395752,1,0.011746346950531006,1.0,0.0,0.0
1501,-0.1138460636138916,1,0.01423075795173645,1.0,0.0,0.0
1502,-2.7683486938476562,1,0.09604358673095703,0.0,0.0,0.0
1503,-0.3282794952392578,1,0.04103493690490723,0.0,0.0,0.0
1504,-0.6348047256469727,1,0.07935059070587158,0.0,0.0,0.0
1505,-1591.6681997776031,1265,0.10805175403361264,0.11541501976284585,0.0,0.0
1506,1.9105257987976074,1,0.011184275150299072,1.0,0.0,0.0
1507,-2.87480092048645,1,0.10935011506080627,0.0,0.0,0.0
1508,1.9688012599945068,1,0.0038998425006866455,1.0,0.0,0.0
1509,-3.0,1,0.20226562023162842,0.0,0.0,0.0
1510,-2.886960506439209,1,0.11087006330490112,0.0,0.0,0.0
1511,-1.5907776355743408,1,0.1988472044467926,0.0,0.0,0.0
1512,-1.0926551818847656,1,0.1365818977355957,0.0,0.0,0.0
1513,-0.8717598915100098,1,0.10896998643875122,0.0,0.0,0.0
1514,-1.536290168762207,1,0.19203627109527588,0.0,0.0,0.0
1515,-0.6910452842712402,1,0.08638066053390503,0.0,0.0,0.0
1516,-0.8812849521636963,1,0.11016061902046204,0.0,0.0,0.0
1517,-1.375566005706787,1,0.1719457507133484,0.0,0.0,0.0
1518,-0.8397133350372314,1,0.10496416687965393,0.0,0.0,0.0
1519,-1.6252946853637695,1,0.2031618356704712,0.0,0.0,0.0
1520,-0.6994867324829102,1,0.08743584156036377,0.0,0.0,0.0
1521,-1770.0196459293365,1265,0.10137468611769997,0.12964426877470356,0.0,0.0
1522,-1.3000712394714355,1,0.16250890493392944,0.0,0.0,0.0
1523,-1.2202224731445312,1,0.1525278091430664,0.0,0.0,0.0
1524,-1.0355455875396729,1,0.1294431984424591,0.0,0.0,0.0
1525,1.949500560760498,1,0.006312429904937744,1.0,0.0,0.0
1526,-0.11091113090515137,1,0.013863891363143921,1.0,0.0,0.0
1527,-2.479151725769043,1,0.05989396572113037,0.0,0.0,0.0
1528,-2.8810155391693115,1,0.11012694239616394,0.0,0.0,0.0
1529,-2.2762694358825684,1,0.034533679485321045,0.0,0.0,0.0
1530,-0.29616832733154297,1,0.03702104091644287,0.0,0.0,0.0
1531,-0.6254634857177734,1,0.07818293571472168,0.0,0.0,0.0
1532,-3.0,1,0.15182197093963623,0.0,0.0,0.0
1533,-2.5064024925231934,1,0.06330031156539917,0.0,0.0,0.0
1534,-0.7520697116851807,1,0.09400871396064758,0.0,0.0,0.0
1535,-2.8768844604492188,1,0.10961055755615234,0.0,0.0,0.0
1536,-0.20938682556152344,1,0.02617335319519043,1.0,0.0,0.0
1537,-1477.2892422676086,1265,0.09922810425400262,0.19367588932806323,0.0,0.0
1538,-2.904416084289551,1,0.11305201053619385,0.0,0.0,0.0
1539,-3.0,1,0.14054155349731445,0.0,0.0,0.0
1540,-0.7065329551696777,1,0.08831661939620972,0.0,0.0,0.0
1541,1.8300018310546875,1,0.021249771118164062,1.0,0.0,0.0
1542,-3.0,1,0.12740078568458557,0.0,0.0,0.0
1543,-2.681439161300659,1,0.0851798951625824,0.0,0.0,0.0
1544,-0.31999635696411133,1,0.039999544620513916,0.0,0.0,0.0
1545,-3.0,1,0.20051711797714233,0.0,0.0,0.0
1546,-2.769717216491699,1,0.0962146520614624,0.0,0.0,0.0
1547,-1.1046288013458252,1,0.13807860016822815,0.0,0.0,0.0
1548,-0.18954181671142578,1,0.023692727088928223,1.0,0.0,0.0
1549,-2.470834970474243,1,0.058854371309280396,0.0,0.0,0.0
1550,-0.9352331161499023,1,0.11690413951873779,0.0,0.0,0.0
1551,-1.2683570384979248,1,0.1585446298122406,0.0,0.0,0.0
1552,-2.486541748046875,1,0.060817718505859375,0.0,0.0,0.0
1553,-1515.2788407802582,1265,0.09595617378653273,0.15731225296442689,0.0,0.0
1554,1.9751625061035156,1,0.003104686737060547,1.0,0.0,0.0
1555,-0.850128173828125,1,0.10626602172851562,0.0,0.0,0.0
1556,-2.8199679851531982,1,0.10249599814414978,0.0,0.0,0.0
1557,-2.512632369995117,1,0.06407904624938965,0.0,0.0,0.0
1558,-2.564185857772827,1,0.0705232322216034,0.0,0.0,0.0
1559,1.8926329612731934,1,0.01342087984085083,1.0,0.0,0.0
1560,-0.7080471515655518,1,0.08850589394569397,0.0,0.0,0.0
1561,-2.7831931114196777,1,0.09789913892745972,0.0,0.0,0.0
1562,-2.2491655349731445,1,0.031145691871643066,0.0,0.0,0.0
1563,-1.5148687362670898,1,0.18935859203338623,0.0,0.0,0.0
1564,-2.4325015544891357,1,0.05406269431114197,0.0,0.0,0.0
1565,1.8629920482635498,1,0.017125993967056274,1.0,0.0,0.0
1566,-2.279932737350464,1,0.03499159216880798,0.0,0.0,0.0
1567,-0.9914507865905762,1,0.12393134832382202,0.0,0.0,0.0
1568,-0.7980561256408691,1,0.09975701570510864,0.0,0.0,0.0
1569,-1163.225198507309,1265,0.08098735046009772,0.2885375494071146,0.0,0.0
1570,-2.8839545249938965,1,0.11049431562423706,0.0,0.0,0.0
1571,-3.0,1,0.23892533779144287,0.0,0.0,0.0
1572,-3.0,1,0.15701338648796082,0.0,0.0,0.0
1573,-0.47831106185913086,1,0.05978888273239136,0.0,0.0,0.0
1574,-0.6013212203979492,1,0.07516515254974365,0.0,0.0,0.0
1575,1.836111068725586,1,0.020486116409301758,1.0,0.0,0.0
1576,-0.21405744552612305,1,0.02675718069076538,1.0,0.0,0.0
1577,-2.518047571182251,1,0.06475594639778137,0.0,0.0,0.0
1578,-2.5991287231445312,1,0.0748910903930664,0.0,0.0,0.0
1579,1.8765408992767334,1,0.015432387590408325,1.0,0.0,0.0
1580,-2.7906126976013184,1,0.0988265872001648,0.0,0.0,0.0
1581,-1.5689892768859863,1,0.1961236596107483,0.0,0.0,0.0
1582,1.84244966506958,1,0.01969379186630249,1.0,0.0,0.0
1583,-0.8116345405578613,1,0.10145431756973267,0.0,0.0,0.0
1584,-2.470177412033081,1,0.05877217650413513,0.0,0.0,0.0
1585,-1754.7416467666626,1265,0.10824436733845194,0.16679841897233202,0.0,0.0
1586,-3.0,1,0.1454019844532013,0.0,0.0,0.0
1587,1.8786466121673584,1,0.0151691734790802,1.0,0.0,0.0
1588,1.7909014225006104,1,0.026137322187423706,1.0,0.0,0.0
1589,-3.0,1,0.12805962562561035,0.0,0.0,0.0
1590,-3.0,1,0.3212522268295288,0.0,0.0,0.0
1591,-0.031400203704833984,1,0.003925025463104248,1.0,0.0,0.0
1592,-3.0,1,0.17706626653671265,0.0,0.0,0.0
1593,-1.337693452835083,1,0.16721168160438538,0.0,0.0,0.0
1594,-1.1079943180084229,1,0.13849928975105286,0.0,0.0,0.0
1595,-2.7138710021972656,1,0.0892338752746582,0.0,0.0,0.0
1596,1.7865781784057617,1,0.026677727699279785,1.0,0.0,0.0
1597,-2.626265048980713,1,0.07828313112258911,0.0,0.0,0.0
1598,-0.10999345779418945,1,0.013749182224273682,1.0,0.0,0.0
1599,-0.056041717529296875,1,0.007005214691162109,1.0,0.0,0.0
1600,-2.6144192218780518,1,0.07680240273475647,0.0,0.0,0.0
1601,-1825.4873547554016,1265,0.1149093917471618,0.11462450592885376,0.0,0.0
1602,-0.9608666896820068,1,0.12010833621025085,0.0,0.0,0.0
1603,1.7643084526062012,1,0.029461443424224854,1.0,0.0,0.0
1604,-2.2828774452209473,1,0.03535968065261841,0.0,0.0,0.0
1605,-3.0,1,0.1286131739616394,0.0,0.0,0.0
1606,-0.8782100677490234,1,0.10977625846862793,0.0,0.0,0.0
1607,-1.1740107536315918,1,0.14675134420394897,0.0,0.0,0.0
1608,-2.3074891567230225,1,0.03843614459037781,0.0,0.0,0.0
1609,-2.437427282333374,1,0.30467841029167175,0.0,0.0,0.0
1610,-1.2452406883239746,1,0.15565508604049683,0.0,0.0,0.0
1611,-2.057793617248535,1,0.2572242021560669,0.0,0.0,0.0
1612,-3.0,1,0.23770371079444885,0.0,0.0,0.0
1613,-1.128474473953247,1,0.14105930924415588,0.0,0.0,0.0
1614,-2.9342188835144043,1,0.11677736043930054,0.0,0.0,0.0
1615,1.7766268253326416,1,0.0279216468334198,1.0,0.0,0.0
1616,-0.47298407554626465,1,0.05912300944328308,0.0,0.0,0.0
1617,-1245.8017554283142,1265,0.102768310845605,0.21027667984189724,0.0,0.0
1618,-0.0789790153503418,1,0.009872376918792725,1.0,0.0,0.0
1619,-0.8339405059814453,1,0.10424256324768066,0.0,0.0,0.0
1620,-2.619380235671997,1,0.07742252945899963,0.0,0.0,0.0
1621,-2.2967329025268555,1,0.037091612815856934,0.0,0.0,0.0
1622,-1.1214511394500732,1,0.14018139243125916,0.0,0.0,0.0
1623,1.851816177368164,1,0.018522977828979492,1.0,0.0,0.0
1624,-1.2385411262512207,1,0.1548176407814026,0.0,0.0,0.0
1625,-1.1817476749420166,1,0.14771845936775208,0.0,0.0,0.0
1626,-3.0,1,0.3048531413078308,0.0,0.0,0.0
1627,-1.9519884586334229,1,0.24399855732917786,0.0,0.0,0.0
1628,-0.5300500392913818,1,0.06625625491142273,0.0,0.0,0.0
1629,1.9578642845153809,1,0.005266964435577393,1.0,0.0,0.0
1630,-0.8090710639953613,1,0.10113388299942017,0.0,0.0,0.0
1631,-3.0,1,0.14714089035987854,0.0,0.0,0.0
1632,-0.35910964012145996,1,0.044888705015182495,0.0,0.0,0.0
1633,-1561.805201292038,1265,0.09259609141839822,0.15889328063241107,0.0,0.0
1634,-3.0,1,0.15791639685630798,0.0,0.0,0.0
1635,-0.24466395378112793,1,0.03058299422264099,0.0,0.0,0.0
1636,-0.24054479598999023,1,0.03006809949874878,0.0,0.0,0.0
1637,-2.5880017280578613,1,0.07350021600723267,0.0,0.0,0.0
1638,-1.894911289215088,1,0.236863911151886,0.0,0.0,0.0
1639,-2.948453903198242,1,0.11855673789978027,0.0,0.0,0.0
1640,-2.8544750213623047,1,0.10680937767028809,0.0,0.0,0.0
1641,-1.7561721801757812,1,0.21952152252197266,0.0,0.0,0.0
1642,1.841942548751831,1,0.019757181406021118,1.0,0.0,0.0
1643,1.8126170635223389,1,0.02342286705970764,1.0,0.0,0.0
1644,-3.0,1,0.1449020802974701,0.0,0.0,0.0
1645,-1.6784863471984863,1,0.2098107933998108,0.0,0.0,0.0
1646,-0.483961820602417,1,0.060495227575302124,0.0,0.0,0.0
1647,-2.7273921966552734,1,0.09092402458190918,0.0,0.0,0.0
1648,-2.940553903579712,1,0.11756923794746399,0.0,0.0,0.0
1649,-1561.0095753669739,1265,0.0986780741940374,0.14387351778656127,0.0,0.0
1650,-3.0,1,0.19479164481163025,0.0,0.0,0.0
1651,-3.0,1,0.19459927082061768,0.0,0.0,0.0
1652,-0.9924747943878174,1,0.12405934929847717,0.0,0.0,0.0
1653,-2.9116604328155518,1,0.11395755410194397,0.0,0.0,0.0
1654,-2.647495746612549,1,0.0809369683265686,0.0,0.0,0.0
1655,-0.2874116897583008,1,0.0359264612197876,0.0,0.0,0.0
1656,1.9926137924194336,1,0.0009232759475708008,1.0,0.0,0.0
1657,-1.6142053604125977,1,0.2017756700515747,0.0,0.0,0.0
1658,1.9670226573944092,1,0.0041221678256988525,1.0,0.0,0.0
1659,-1.1428978443145752,1,0.1428622305393219,0.0,0.0,0.0
1660,1.9363062381744385,1,0.00796172022819519,1.0,0.0,0.0
1661,-3.0,1,0.15119034051895142,0.0,0.0,0.0
1662,-1.0583491325378418,1,0.13229364156723022,0.0,0.0,0.0
1663,-0.36789703369140625,1,0.04598712921142578,0.0,0.0,0.0
1664,-0.8019535541534424,1,0.1002441942691803,0.0,0.0,0.0
1665,-1365.825144290924,1265,0.09959759568508435,0.22924901185770752,0.0,0.0
1666,-1.6859502792358398,1,0.21074378490447998,0.0,0.0,0.0
1667,-2.316399574279785,1,0.039549946784973145,0.0,0.0,0.0
1668,-0.8789236545562744,1,0.1098654568195343,0.0,0.0,0.0
1669,-0.0867769718170166,1,0.010847121477127075,1.0,0.0,0.0
1670,1.8099498748779297,1,0.02375626564025879,1.0,0.0,0.0
1671,-0.4147837162017822,1,0.05184796452522278,0.0,0.0,0.0
1672,-3.0,1,0.1942165195941925,0.0,0.0,0.0
1673,-2.3879971504211426,1,0.2984996438026428,0.0,0.0,0.0
1674,-1.1812996864318848,1,0.1476624608039856,0.0,0.0,0.0
1675,-0.909574031829834,1,0.11369675397872925,0.0,0.0,0.0
1676,1.833235263824463,1,0.02084559202194214,1.0,0.0,0.0
1677,-3.0,1,0.1251252293586731,0.0,0.0,0.0
1678,-3.0,1,0.20252326130867004,0.0,0.0,0.0
1679,-0.5675079822540283,1,0.07093849778175354,0.0,0.0,0.0
1680,-2.7886271476745605,1,0.09857839345932007,0.0,0.0,0.0
1681,-1768.47531914711,1265,0.11323708920139569,0.10434782608695652,0.0,0.0
1682,1.847992181777954,1,0.019000977277755737,1.0,0.0,0.0
1683,-0.19942235946655273,1,0.024927794933319092,1.0,0.0,0.0
1684,-0.2634584903717041,1,0.03293231129646301,0.0,0.0,0.0
1685,-0.7335681915283203,1,0.09169602394104004,0.0,0.0,0.0
1686,-1.0361964702606201,1,0.12952455878257751,0.0,0.0,0.0
1687,1.8714289665222168,1,0.0160713791847229,1.0,0.0,0.0
1688,-3.0,1,0.1276930272579193,0.0,0.0,0.0
1689,-0.4555373191833496,1,0.0569421648979187,0.0,0.0,0.0
1690,1.8098349571228027,1,0.023770630359649658,1.0,0.0,0.0
1691,-0.5717875957489014,1,0.07147344946861267,0.0,0.0,0.0
1692,-2.5583548545837402,1,0.06979435682296753,0.0,0.0,0.0
1693,-1.3238859176635742,1,0.16548573970794678,0.0,0.0,0.0
1694,-3.0,1,0.14296644926071167,0.0,0.0,0.0
1695,-1.148521900177002,1,0.14356523752212524,0.0,0.0,0.0
1696,-0.5843274593353271,1,0.0730409324169159,0.0,0.0,0.0
1697,-1268.7113783359528,1265,0.08825687525771823,0.2490118577075099,0.0,0.0
1698,-1.2037882804870605,1,0.15047353506088257,0.0,0.0,0.0
1699,-1.2486684322357178,1,0.15608355402946472,0.0,0.0,0.0
1700,-1.1391124725341797,1,0.14238905906677246,0.0,0.0,0.0
1701,-1.9469130039215088,1,0.2433641254901886,0.0,0.0,0.0
1702,-0.9409258365631104,1,0.1176157295703888,0.0,0.0,0.0
1703,-2.9009933471679688,1,0.1126241683959961,0.0,0.0,0.0
1704,-0.3939933776855469,1,0.04924917221069336,0.0,0.0,0.0
1705,1.8539328575134277,1,0.018258392810821533,1.0,0.0,0.0
1706,-1.7206878662109375,1,0.2150859832763672,0.0,0.0,0.0
1707,-0.9349353313446045,1,0.11686691641807556,0.0,0.0,0.0
1708,-0.9192914962768555,1,0.11491143703460693,0.0,0.0,0.0
1709,-1.1267261505126953,1,0.14084076881408691,0.0,0.0,0.0
1710,-0.43847155570983887,1,0.05480894446372986,0.0,0.0,0.0
1711,1.8801898956298828,1,0.014976263046264648,1.0,0.0,0.0
1712,-3.0,1,0.12804454565048218,0.0,0.0,0.0
1713,-1502.5278556346893,1265,0.0898498338908546,0.1984189723320158,0.0,0.0
1714,-2.6731553077697754,1,0.08414441347122192,0.0,0.0,0.0
1715,1.951932430267334,1,0.006008446216583252,1.0,0.0,0.0
1716,-2.60371994972229,1,0.32546499371528625,0.0,0.0,0.0
1717,-0.9586172103881836,1,0.11982715129852295,0.0,0.0,0.0
1718,-2.6384458541870117,1,0.07980573177337646,0.0,0.0,0.0
1719,-2.3568999767303467,1,0.044612497091293335,0.0,0.0,0.0
1720,-0.22042226791381836,1,0.027552783489227295,1.0,0.0,0.0
1721,-0.9078314304351807,1,0.11347892880439758,0.0,0.0,0.0
1722,-2.38838791847229,1,0.048548489809036255,0.0,0.0,0.0
1723,-0.5154218673706055,1,0.06442773342132568,0.0,0.0,0.0
1724,-0.012476444244384766,1,0.0015595555305480957,1.0,0.0,0.0
1725,-2.356398582458496,1,0.04454982280731201,0.0,0.0,0.0
1726,-1.4703619480133057,1,0.1837952435016632,0.0,0.0,0.0
1727,-0.0075719356536865234,1,0.0009464919567108154,1.0,0.0,0.0
1728,-0.9078574180603027,1,0.11348217725753784,0.0,0.0,0.0
1729,-1030.6141390800476,1265,0.09715329347391845,0.30355731225296445,0.0,0.0
1730,-2.1731607913970947,1,0.27164509892463684,0.0,0.0,0.0
1731,-0.23160600662231445,1,0.028950750827789307,1.0,0.0,0.0
1732,-1.2765412330627441,1,0.15956765413284302,0.0,0.0,0.0
1733,-0.9816112518310547,1,0.12270140647888184,0.0,0.0,0.0
1734,-0.6853196620941162,1,0.08566495776176453,0.0,0.0,0.0
1735,-0.43059778213500977,1,0.05382472276687622,0.0,0.0,0.0
1736,-2.328172206878662,1,0.041021525859832764,0.0,0.0,0.0
1737,-1.2062268257141113,1,0.15077835321426392,0.0,0.0,0.0
1738,-0.3752574920654297,1,0.04690718650817871,0.0,0.0,0.0
1739,-1.0119059085845947,1,0.12648823857307434,0.0,0.0,0.0
1740,-2.4455831050872803,1,0.055697888135910034,0.0,0.0,0.0
1741,-0.8458454608917236,1,0.10573068261146545,0.0,0.0,0.0
1742,-0.1993856430053711,1,0.024923205375671387,1.0,0.0,0.0
1743,-0.5074598789215088,1,0.0634324848651886,0.0,0.0,0.0
1744,-2.8309826850891113,1,0.10387283563613892,0.0,0.0,0.0
1745,-1232.6520907878876,1265,0.09959142933721128,0.2885375494071146,0.0,0.0
1746,-0.27814197540283203,1,0.034767746925354004,0.0,0.0,0.0
1747,-0.4670581817626953,1,0.058382272720336914,0.0,0.0,0.0
1748,-1.192600965499878,1,0.14907512068748474,0.0,0.0,0.0
1749,-1.7269189357757568,1,0.2158648669719696,0.0,0.0,0.0
1750,1.7771587371826172,1,0.02785515785217285,1.0,0.0,0.0
1751,-0.5128588676452637,1,0.06410735845565796,0.0,0.0,0.0
1752,-0.4269134998321533,1,0.053364187479019165,0.0,0.0,0.0
1753,1.812659740447998,1,0.023417532444000244,1.0,0.0,0.0
1754,-2.9554097652435303,1,0.11942622065544128,0.0,0.0,0.0
1755,-3.0,1,0.13011804223060608,0.0,0.0,0.0
1756,1.8330838680267334,1,0.020864516496658325,1.0,0.0,0.0
1757,-3.0,1,0.1428336501121521,0.0,0.0,0.0
1758,-3.0,1,0.15131819248199463,0.0,0.0,0.0
1759,-2.667118549346924,1,0.08338981866836548,0.0,0.0,0.0
1760,-2.549020767211914,1,0.06862759590148926,0.0,0.0,0.0
1761,-1462.0603885650635,1265,0.09422376341970541,0.1691699604743083,0.0,0.0
1762,-2.9520952701568604,1,0.11901190876960754,0.0,0.0,0.0
1763,1.9729838371276855,1,0.0033770203590393066,1.0,0.0,0.0
1764,-2.286190986633301,1,0.0357738733291626,0.0,0.0,0.0
1765,-2.852097749710083,1,0.10651221871376038,0.0,0.0,0.0
1766,1.8192508220672607,1,0.022593647241592407,1.0,0.0,0.0
1767,-0.14469575881958008,1,0.01808696985244751,1.0,0.0,0.0
1768,-1.5707061290740967,1,0.19633826613426208,0.0,0.0,0.0
1769,-1.0570287704467773,1,0.13212859630584717,0.0,0.0,0.0
1770,-3.0,1,0.12505635619163513,0.0,0.0,0.0
1771,1.9172122478485107,1,0.010348469018936157,1.0,0.0,0.0
1772,-1.2583372592926025,1,0.15729215741157532,0.0,0.0,0.0
1773,-3.0,1,0.28121402859687805,0.0,0.0,0.0
1774,-1.1595001220703125,1,0.14493751525878906,0.0,0.0,0.0
1775,1.8854389190673828,1,0.014320135116577148,1.0,0.0,0.0
1776,-0.18960332870483398,1,0.023700416088104248,1.0,0.0,0.0
1777,-1637.2773768901825,1265,0.10955056152324903,0.15177865612648223,0.0,0.0
1778,-3.0,1,0.2747358977794647,0.0,0.0,0.0
1779,-0.24358105659484863,1,0.03044763207435608,0.0,0.0,0.0
1780,-0.0364689826965332,1,0.00455862283706665,1.0,0.0,0.0
1781,-0.5005722045898438,1,0.06257152557373047,0.0,0.0,0.0
1782,-2.4377024173736572,1,0.05471280217170715,0.0,0.0,0.0
1783,-0.9005579948425293,1,0.11256974935531616,0.0,0.0,0.0
1784,-1.0115461349487305,1,0.1264432668685913,0.0,0.0,0.0
1785,1.998016357421875,1,0.000247955322265625,1.0,0.0,0.0
1786,-1.0453014373779297,1,0.1306626796722412,0.0,0.0,0.0
1787,-0.7463939189910889,1,0.09329923987388611,0.0,0.0,0.0
1788,-0.12183237075805664,1,0.01522904634475708,1.0,0.0,0.0
1789,-1.5627586841583252,1,0.19534483551979065,0.0,0.0,0.0
1790,-0.7932770252227783,1,0.09915962815284729,0.0,0.0,0.0
1791,-2.42022705078125,1,0.05252838134765625,0.0,0.0,0.0
1792,-1.070993423461914,1,0.13387417793273926,0.0,0.0,0.0
1793,-1272.6071093082428,1265,0.08947767622386042,0.22529644268774704,0.0,0.0
1794,-0.5398859977722168,1,0.0674857497215271,0.0,0.0,0.0
1795,1.7885699272155762,1,0.02642875909805298,1.0,0.0,0.0
1796,-1.3012421131134033,1,0.16265526413917542,0.0,0.0,0.0
1797,-1.5013632774353027,1,0.18767040967941284,0.0,0.0,0.0
1798,-0.9791641235351562,1,0.12239551544189453,0.0,0.0,0.0
1799,-0.4462294578552246,1,0.055778682231903076,0.0,0.0,0.0
1800,-3.0,1,0.18262392282485962,0.0,0.0,0.0
1801,1.9336605072021484,1,0.008292436599731445,1.0,0.0,0.0
1802,-0.7103080749511719,1,0.08878850936889648,0.0,0.0,0.0
1803,-0.18254971504211426,1,0.022818714380264282,1.0,0.0,0.0
1804,-3.0,1,0.1465429663658142,0.0,0.0,0.0
1805,-0.5799963474273682,1,0.07249954342842102,0.0,0.0,0.0
1806,-0.9986820220947266,1,0.12483525276184082,0.0,0.0,0.0
1807,-3.0,1,0.14802783727645874,0.0,0.0,0.0
1808,-3.0,1,0.20886683464050293,0.0,0.0,0.0
1809,-1470.3839497566223,1265,0.09110110604715912,0.22450592885375495,0.0,0.0
1810,-2.7271900177001953,1,0.09089875221252441,0.0,0.0,0.0
1811,-2.8339483737945557,1,0.10424354672431946,0.0,0.0,0.0
1812,-0.12354230880737305,1,0.01544278860092163,1.0,0.0,0.0
1813,-3.0,1,0.16299521923065186,0.0,0.0,0.0
1814,-2.8938870429992676,1,0.11173588037490845,0.0,0.0,0.0
1815,-2.5897023677825928,1,0.0737127959728241,0.0,0.0,0.0
1816,1.9046716690063477,1,0.011916041374206543,1.0,0.0,0.0
1817,-2.530906915664673,1,0.0663633644580841,0.0,0.0,0.0
1818,-1.9602460861206055,1,0.24503076076507568,0.0,0.0,0.0
1819,-3.0,1,0.14099279046058655,0.0,0.0,0.0
1820,-0.90767502784729,1,0.11345937848091125,0.0,0.0,0.0
1821,-3.0,1,0.13240042328834534,0.0,0.0,0.0
1822,-0.9899675846099854,1,0.12374594807624817,0.0,0.0,0.0
1823,-0.7991046905517578,1,0.09988808631896973,0.0,0.0,0.0
1824,-3.0,1,0.1400453746318817,0.0,0.0,0.0
1825,-1686.219510793686,1265,0.11149250426782449,0.12648221343873517,0.0,0.0
1826,-0.6926734447479248,1,0.0865841805934906,0.0,0.0,0.0
1827,-1.7923648357391357,1,0.22404560446739197,0.0,0.0,0.0
1828,-3.0,1,0.1440446674823761,0.0,0.0,0.0
1829,-2.9475889205932617,1,0.11844861507415771,0.0,0.0,0.0
1830,-3.0,1,0.12664011120796204,0.0,0.0,0.0
1831,-2.3803534507751465,1,0.04754418134689331,0.0,0.0,0.0
1832,-0.47077417373657227,1,0.05884677171707153,0.0,0.0,0.0
1833,-1.150731086730957,1,0.14384138584136963,0.0,0.0,0.0
1834,-1.1573970317840576,1,0.1446746289730072,0.0,0.0,0.0
1835,-0.6119222640991211,1,0.07649028301239014,0.0,0.0,0.0
1836,1.9927172660827637,1,0.000910341739654541,1.0,0.0,0.0
1837,-0.9911890029907227,1,0.12389862537384033,0.0,0.0,0.0
1838,-3.0,1,0.18581613898277283,0.0,0.0,0.0
1839,-2.8049395084381104,1,0.1006174385547638,0.0,0.0,0.0
1840,-2.48006010055542,1,0.06000751256942749,0.0,0.0,0.0
1841,-1992.7245936393738,1265,0.12544558107146161,0.048221343873517786,0.0,0.0
1842,-0.7807981967926025,1,0.09759977459907532,0.0,0.0,0.0
1843,-2.7847824096679688,1,0.0980978012084961,0.0,0.0,0.0
1844,-1.1727163791656494,1,0.14658954739570618,0.0,0.0,0.0
1845,-0.8611574172973633,1,0.10764467716217041,0.0,0.0,0.0
1846,-0.7528491020202637,1,0.09410613775253296,0.0,0.0,0.0
1847,-1.004615068435669,1,0.12557688355445862,0.0,0.0,0.0
1848,-1.5678486824035645,1,0.19598108530044556,0.0,0.0,0.0
1849,-1.104374647140503,1,0.13804683089256287,0.0,0.0,0.0
1850,-2.2258126735687256,1,0.2782265841960907,0.0,0.0,0.0
1851,-2.271145820617676,1,0.03389322757720947,0.0,0.0,0.0
1852,-3.0,1,0.2131190001964569,0.0,0.0,0.0
1853,-2.5814626216888428,1,0.07268282771110535,0.0,0.0,0.0
1854,-2.6604080200195312,1,0.0825510025024414,0.0,0.0,0.0
1855,1.996668815612793,1,0.0004163980484008789,1.0,0.0,0.0
1856,-3.0,1,0.24361255764961243,0.0,0.0,0.0
1857,-1486.0086834430695,1265,0.09664040422251102,0.19130434782608696,0.0,0.0
1858,-1.2315974235534668,1,0.15394967794418335,0.0,0.0,0.0
1859,-1.0367629528045654,1,0.12959536910057068,0.0,0.0,0.0
1860,-1.9556012153625488,1,0.2444501519203186,0.0,0.0,0.0
1861,-3.0,1,0.14472916722297668,0.0,0.0,0.0
1862,-3.0,1,0.14638382196426392,0.0,0.0,0.0
1863,-2.7232043743133545,1,0.09040054678916931,0.0,0.0,0.0
1864,-2.4270403385162354,1,0.05338004231452942,0.0,0.0,0.0
1865,-0.4851701259613037,1,0.060646265745162964,0.0,0.0,0.0
1866,-0.37359619140625,1,0.04669952392578125,0.0,0.0,0.0
1867,-3.0,1,0.19135022163391113,0.0,0.0,0.0
1868,-0.9161553382873535,1,0.11451941728591919,0.0,0.0,0.0
1869,-0.6946704387664795,1,0.08683380484580994,0.0,0.0,0.0
1870,1.9709434509277344,1,0.003632068634033203,1.0,0.0,0.0
1871,-0.36025047302246094,1,0.04503130912780762,0.0,0.0,0.0
1872,-0.5076549053192139,1,0.06345686316490173,0.0,0.0,0.0
1873,-1235.6092150211334,1265,0.08092722807948297,0.2450592885375494,0.0,0.0
1874,-3.0,1,0.20365804433822632,0.0,0.0,0.0
1875,-0.6121706962585449,1,0.07652133703231812,0.0,0.0,0.0
1876,-1.2881481647491455,1,0.1610185205936432,0.0,0.0,0.0
1877,-3.0,1,0.1261807680130005,0.0,0.0,0.0
1878,1.9725711345672607,1,0.0034286081790924072,1.0,0.0,0.0
1879,-2.5534353256225586,1,0.06917941570281982,0.0,0.0,0.0
1880,-3.0,1,0.1498146653175354,0.0,0.0,0.0
1881,1.9468848705291748,1,0.006639391183853149,1.0,0.0,0.0
1882,-3.0,1,0.14542195200920105,0.0,0.0,0.0
1883,-0.18997406959533691,1,0.023746758699417114,1.0,0.0,0.0
1884,-3.0,1,0.17771217226982117,0.0,0.0,0.0
1885,-2.5619282722473145,1,0.0702410340309143,0.0,0.0,0.0
1886,-0.5363736152648926,1,0.06704670190811157,0.0,0.0,0.0
1887,-0.5929949283599854,1,0.07412436604499817,0.0,0.0,0.0
1888,-3.0,1,0.1292010247707367,0.0,0.0,0.0
1889,-1725.337768793106,1265,0.0909498798752962,0.12727272727272726,0.0,0.0
1890,-0.7169418334960938,1,0.08961772918701172,0.0,0.0,0.0
1891,-2.4611246585845947,1,0.05764058232307434,0.0,0.0,0.0
1892,-1.120213508605957,1,0.14002668857574463,0.0,0.0,0.0
1893,-1.6411125659942627,1,0.20513907074928284,0.0,0.0,0.0
1894,-0.2023763656616211,1,0.025297045707702637,1.0,0.0,0.0
1895,1.927476406097412,1,0.009065449237823486,1.0,0.0,0.0
1896,-2.910026788711548,1,0.11375334858894348,0.0,0.0,0.0
1897,-0.8441216945648193,1,0.10551521182060242,0.0,0.0,0.0
1898,-1.0198125839233398,1,0.12747657299041748,0.0,0.0,0.0
1899,-0.6222991943359375,1,0.07778739929199219,0.0,0.0,0.0
1900,-3.0,1,0.17500659823417664,0.0,0.0,0.0
1901,-0.12162208557128906,1,0.015202760696411133,1.0,0.0,0.0
1902,-2.9955787658691406,1,0.12444734573364258,0.0,0.0,0.0
1903,-2.823596477508545,1,0.10294955968856812,0.0,0.0,0.0
1904,-2.723750352859497,1,0.09046879410743713,0.0,0.0,0.0
1905,-1066.675376176834,1265,0.08288370128205642,0.3019762845849802,0.0,0.0
1906,-1.1822376251220703,1,0.1477797031402588,0.0,0.0,0.0
1907,-0.02419757843017578,1,0.0030246973037719727,1.0,0.0,0.0
1908,-3.0,1,0.15514081716537476,0.0,0.0,0.0
1909,-2.792721748352051,1,0.09909021854400635,0.0,0.0,0.0
1910,-2.923949718475342,1,0.11549371480941772,0.0,0.0,0.0
1911,-3.0,1,0.13735798001289368,0.0,0.0,0.0
1912,-0.5005998611450195,1,0.06257498264312744,0.0,0.0,0.0
1913,-2.7165966033935547,1,0.08957457542419434,0.0,0.0,0.0
1914,-2.9829702377319336,1,0.1228712797164917,0.0,0.0,0.0
1915,-0.9344251155853271,1,0.1168031394481659,0.0,0.0,0.0
1916,-1.4725284576416016,1,0.1840660572052002,0.0,0.0,0.0
1917,-0.11566781997680664,1,0.01445847749710083,1.0,0.0,0.0
1918,-2.9394774436950684,1,0.11743468046188354,0.0,0.0,0.0
1919,-2.830512285232544,1,0.103814035654068,0.0,0.0,0.0
1920,-2.637063980102539,1,0.07963299751281738,0.0,0.0,0.0
1921,-1231.8429334163666,1265,0.08680225683766392,0.22371541501976286,0.0,0.0
1922,-2.8650944232940674,1,0.10813680291175842,0.0,0.0,0.0
1923,-3.0,1,0.19028151035308838,0.0,0.0,0.0
1924,-2.402637004852295,1,0.050329625606536865,0.0,0.0,0.0
1925,-2.975883722305298,1,0.12198546528816223,0.0,0.0,0.0
1926,-1.885481357574463,1,0.23568516969680786,0.0,0.0,0.0
1927,-2.5009560585021973,1,0.06261950731277466,0.0,0.0,0.0
1928,-2.6739420890808105,1,0.08424276113510132,0.0,0.0,0.0
1929,-1.074908971786499,1,0.13436362147331238,0.0,0.0,0.0
1930,-2.3879928588867188,1,0.048499107360839844,0.0,0.0,0.0
1931,1.9162099361419678,1,0.010473757982254028,1.0,0.0,0.0
1932,-0.991969108581543,1,0.12399613857269287,0.0,0.0,0.0
1933,-0.30866146087646484,1,0.038582682609558105,0.0,0.0,0.0
1934,1.9527459144592285,1,0.0059067606925964355,1.0,0.0,0.0
1935,-1.31233549118042,1,0.1640419363975525,0.0,0.0,0.0
1936,-2.3794493675231934,1,0.04743117094039917,0.0,0.0,0.0
1937,-1157.8998079299927,1265,0.08164708586078387,0.23794466403162054,0.0,0.0
1938,-2.476794958114624,1,0.059599369764328,0.0,0.0,0.0
1939,-0.6720783710479736,1,0.0840097963809967,0.0,0.0,0.0
1940,-1.4010405540466309,1,0.17513006925582886,0.0,0.0,0.0
1941,1.805185317993164,1,0.024351835250854492,1.0,0.0,0.0
1942,-2.7017428874969482,1,0.08771786093711853,0.0,0.0,0.0
1943,-0.45905303955078125,1,0.057381629943847656,0.0,0.0,0.0
1944,-1.2075886726379395,1,0.15094858407974243,0.0,0.0,0.0
1945,-0.1801290512084961,1,0.02251613140106201,1.0,0.0,0.0
1946,-0.29868650436401367,1,0.03733581304550171,0.0,0.0,0.0
1947,-1.0526161193847656,1,0.1315770149230957,0.0,0.0,0.0
1948,1.781545639038086,1,0.027306795120239258,1.0,0.0,0.0
1949,-1.895331859588623,1,0.23691648244857788,0.0,0.0,0.0
1950,-0.5499188899993896,1,0.0687398612499237,0.0,0.0,0.0
1951,-0.5243096351623535,1,0.06553870439529419,0.0,0.0,0.0
1952,-0.2441089153289795,1,0.030513614416122437,0.0,0.0,0.0
1953,-1813.4494323730469,1265,0.10727286388280363,0.14940711462450593,0.0,0.0
1954,-1.501800537109375,1,0.18772506713867188,0.0,0.0,0.0
1955,-0.7273874282836914,1,0.09092342853546143,0.0,0.0,0.0
1956,-0.7867870330810547,1,0.09834837913513184,0.0,0.0,0.0
1957,1.9653263092041016,1,0.004334211349487305,1.0,0.0,0.0
1958,-0.48598170280456543,1,0.06074771285057068,0.0,0.0,0.0
1959,-1.883314847946167,1,0.23541435599327087,0.0,0.0,0.0
1960,-2.2606732845306396,1,0.032584160566329956,0.0,0.0,0.0
1961,-2.5259976387023926,1,0.06574970483779907,0.0,0.0,0.0
1962,-1.3862533569335938,1,0.17328166961669922,0.0,0.0,0.0
1963,-2.240712881088257,1,0.2800891101360321,0.0,0.0,0.0
1964,-0.5316486358642578,1,0.06645607948303223,0.0,0.0,0.0
1965,-0.2780787944793701,1,0.034759849309921265,0.0,0.0,0.0
1966,-0.705327033996582,1,0.08816587924957275,0.0,0.0,0.0
1967,-0.6121852397918701,1,0.07652315497398376,0.0,0.0,0.0
1968,-0.5791921615600586,1,0.07239902019500732,0.0,0.0,0.0
1969,-1381.5186693668365,1265,0.08803300190820053,0.24110671936758893,0.0,0.0
1970,-0.3207664489746094,1,0.04009580612182617,0.0,0.0,0.0
1971,-1.0477735996246338,1,0.13097169995307922,0.0,0.0,0.0
1972,-2.7892935276031494,1,0.09866169095039368,0.0,0.0,0.0
1973,-2.2458114624023438,1,0.03072643280029297,0.0,0.0,0.0
1974,1.8984689712524414,1,0.012691378593444824,1.0,0.0,0.0
1975,-1.0102543830871582,1,0.12628179788589478,0.0,0.0,0.0
1976,-2.7372851371765137,1,0.09216064214706421,0.0,0.0,0.0
1977,-0.9102745056152344,1,0.1137843132019043,0.0,0.0,0.0
1978,-1.1829700469970703,1,0.1478712558746338,0.0,0.0,0.0
1979,-3.0,1,0.24015948176383972,0.0,0.0,0.0
1980,-3.0,1,0.143393874168396,0.0,0.0,0.0
1981,-1.83656644821167,1,0.22957080602645874,0.0,0.0,0.0
1982,-3.0,1,0.1485920548439026,0.0,0.0,0.0
1983,-3.0,1,0.174801766872406,0.0,0.0,0.0
1984,-0.9758257865905762,1,0.12197822332382202,0.0,0.0,0.0
1985,-1558.0770239830017,1265,0.10869457302357369,0.18023715415019761,0.0,0.0
1986,-1.9561712741851807,1,0.24452140927314758,0.0,0.0,0.0
1987,-1.004291296005249,1,0.12553641200065613,0.0,0.0,0.0
1988,-0.756594181060791,1,0.09457427263259888,0.0,0.0,0.0
1989,-0.2930002212524414,1,0.036625027656555176,0.0,0.0,0.0
1990,-1.1772902011871338,1,0.14716127514839172,0.0,0.0,0.0
1991,-1.057469129562378,1,0.13218364119529724,0.0,0.0,0.0
1992,-0.53505539894104,1,0.06688192486763,0.0,0.0,0.0
1993,-3.0,1,0.28433510661125183,0.0,0.0,0.0
1994,-1.7300877571105957,1,0.21626096963882446,0.0,0.0,0.0
1995,-2.8895840644836426,1,0.11119800806045532,0.0,0.0,0.0
1996,-3.0,1,0.1487288773059845,0.0,0.0,0.0
1997,-0.8656134605407715,1,0.10820168256759644,0.0,0.0,0.0
1998,-0.43468332290649414,1,0.05433541536331177,0.0,0.0,0.0
1999,-1.6996915340423584,1,0.2124614417552948,0.0,0.0,0.0
2000,1.7733349800109863,1,0.02833312749862671,1.0,0.0,0.0
2001,-1557.709228515625,1265,0.10041075254617472,0.17391304347826086,0.0,0.0
2002,-2.457759141921997,1,0.057219892740249634,0.0,0.0,0.0
2003,-3.0,1,0.18925103545188904,0.0,0.0,0.0
2004,-1.841860294342041,1,0.23023253679275513,0.0,0.0,0.0
2005,-0.8724126815795898,1,0.10905158519744873,0.0,0.0,0.0
2006,-3.0,1,0.15262529253959656,0.0,0.0,0.0
2007,-2.9300014972686768,1,0.1162501871585846,0.0,0.0,0.0
2008,-3.0,1,0.13511165976524353,0.0,0.0,0.0
2009,-2.6066226959228516,1,0.07582783699035645,0.0,0.0,0.0
2010,-0.552879810333252,1,0.0691099762916565,0.0,0.0,0.0
2011,-1.3905234336853027,1,0.17381542921066284,0.0,0.0,0.0
2012,-2.8372795581817627,1,0.10465994477272034,0.0,0.0,0.0
2013,-2.795790672302246,1,0.09947383403778076,0.0,0.0,0.0
2014,-1.0128192901611328,1,0.1266024112701416,0.0,0.0,0.0
2015,-2.79290509223938,1,0.09911313652992249,0.0,0.0,0.0
2016,-2.484586000442505,1,0.3105732500553131,0.0,0.0,0.0
2017,-1611.7862775325775,1265,0.10171270349280165,0.15573122529644268,0.0,0.0
2018,-2.9383089542388916,1,0.11728861927986145,0.0,0.0,0.0
2019,-2.3660926818847656,1,0.0457615852355957,0.0,0.0,0.0
2020,-0.35301995277404785,1,0.04412749409675598,0.0,0.0,0.0
2021,-0.8985965251922607,1,0.11232456564903259,0.0,0.0,0.0
2022,-3.0,1,0.14896193146705627,0.0,0.0,0.0
2023,-3.0,1,0.1854056417942047,0.0,0.0,0.0
2024,-0.5952064990997314,1,0.07440081238746643,0.0,0.0,0.0
2025,-0.4726996421813965,1,0.05908745527267456,0.0,0.0,0.0
2026,-3.0,1,0.15088659524917603,0.0,0.0,0.0
2027,-0.8332912921905518,1,0.10416141152381897,0.0,0.0,0.0
2028,-0.6508951187133789,1,0.08136188983917236,0.0,0.0,0.0
2029,1.9403581619262695,1,0.007455229759216309,1.0,0.0,0.0
2030,1.8185248374938965,1,0.02268439531326294,1.0,0.0,0.0
2031,-0.21240949630737305,1,0.02655118703842163,1.0,0.0,0.0
2032,-2.1482057571411133,1,0.26852571964263916,0.0,0.0,0.0
2033,-1681.2725071907043,1265,0.09472954819796113,0.1225296442687747,0.0,0.0
2034,-2.245234489440918,1,0.030654311180114746,0.0,0.0,0.0
2035,-0.6885693073272705,1,0.08607116341590881,0.0,0.0,0.0
2036,-0.5619034767150879,1,0.07023793458938599,0.0,0.0,0.0
2037,1.7746424674987793,1,0.028169691562652588,1.0,0.0,0.0
2038,-0.2845170497894287,1,0.03556463122367859,0.0,0.0,0.0
2039,-2.583517551422119,1,0.07293969392776489,0.0,0.0,0.0
2040,-3.0,1,0.14308366179466248,0.0,0.0,0.0
2041,-3.0,1,0.16153201460838318,0.0,0.0,0.0
2042,-1.2027409076690674,1,0.15034261345863342,0.0,0.0,0.0
2043,-0.9240880012512207,1,0.11551100015640259,0.0,0.0,0.0
2044,1.867006540298462,1,0.01662418246269226,1.0,0.0,0.0
2045,-0.4090745449066162,1,0.051134318113327026,0.0,0.0,0.0
2046,-0.06529116630554199,1,0.008161395788192749,1.0,0.0,0.0
2047,-0.3504366874694824,1,0.0438045859336853,0.0,0.0,0.0
2048,-0.5574302673339844,1,0.06967878341674805,0.0,0.0,0.0
2049,-1708.3264207839966,1265,0.11015381285324398,0.1233201581027668,0.0,0.0
2050,-2.4358291625976562,1,0.05447864532470703,0.0,0.0,0.0
2051,1.8239538669586182,1,0.02200576663017273,1.0,0.0,0.0
2052,-0.5665078163146973,1,0.07081347703933716,0.0,0.0,0.0
2053,-1.1738812923431396,1,0.14673516154289246,0.0,0.0,0.0
2054,-1.198136329650879,1,0.14976704120635986,0.0,0.0,0.0
2055,-0.7399632930755615,1,0.09249541163444519,0.0,0.0,0.0
2056,-0.6223616600036621,1,0.07779520750045776,0.0,0.0,0.0
2057,-0.36310434341430664,1,0.04538804292678833,0.0,0.0,0.0
2058,-1.3603973388671875,1,0.17004966735839844,0.0,0.0,0.0
2059,-1.529839038848877,1,0.19122987985610962,0.0,0.0,0.0
2060,-3.0,1,0.19331830739974976,0.0,0.0,0.0
2061,-0.023726701736450195,1,0.0029658377170562744,1.0,0.0,0.0
2062,-0.30577778816223145,1,0.03822222352027893,0.0,0.0,0.0
2063,-3.0,1,0.12972554564476013,0.0,0.0,0.0
2064,-1.5747897624969482,1,0.19684872031211853,0.0,0.0,0.0
2065,-1606.3108155727386,1265,0.11031108656419596,0.17865612648221343,0.0,0.0
2066,-0.826667308807373,1,0.10333341360092163,0.0,0.0,0.0
2067,1.8216326236724854,1,0.02229592204093933,1.0,0.0,0.0
2068,-0.49525952339172363,1,0.061907440423965454,0.0,0.0,0.0
2069,-3.0,1,0.3084251284599304,0.0,0.0,0.0
2070,-0.7376337051391602,1,0.09220421314239502,0.0,0.0,0.0
2071,-3.0,1,0.1530665159225464,0.0,0.0,0.0
2072,-3.0,1,0.13523507118225098,0.0,0.0,0.0
2073,-2.8926594257354736,1,0.1115824282169342,0.0,0.0,0.0
2074,-2.537844181060791,1,0.06723052263259888,0.0,0.0,0.0
2075,-2.6881580352783203,1,0.08601975440979004,0.0,0.0,0.0
2076,-0.8284835815429688,1,0.1035604476928711,0.0,0.0,0.0
2077,-3.0,1,0.20875906944274902,0.0,0.0,0.0
2078,-2.6105706691741943,1,0.07632133364677429,0.0,0.0,0.0
2079,-2.71854305267334,1,0.08981788158416748,0.0,0.0,0.0
2080,-3.0,1,0.16085568070411682,0.0,0.0,0.0
2081,-1906.9438388347626,1265,0.10081038135784888,0.13201581027667983,0.0,0.0
2082,-2.461188793182373,1,0.05764859914779663,0.0,0.0,0.0
2083,1.9179766178131104,1,0.010252922773361206,1.0,0.0,0.0
2084,-2.4130940437316895,1,0.05163675546646118,0.0,0.0,0.0
2085,-1.0702333450317383,1,0.13377916812896729,0.0,0.0,0.0
2086,-1.819615125656128,1,0.227451890707016,0.0,0.0,0.0
2087,-0.8059358596801758,1,0.10074198246002197,0.0,0.0,0.0
2088,-3.0,1,0.2023988962173462,0.0,0.0,0.0
2089,-2.832019567489624,1,0.104002445936203,0.0,0.0,0.0
2090,-0.16515111923217773,1,0.020643889904022217,1.0,0.0,0.0
2091,-2.6223156452178955,1,0.07778945565223694,0.0,0.0,0.0
2092,1.8854506015777588,1,0.014318674802780151,1.0,0.0,0.0
2093,-2.992279529571533,1,0.12403494119644165,0.0,0.0,0.0
2094,1.9051470756530762,1,0.011856615543365479,1.0,0.0,0.0
2095,-0.09636449813842773,1,0.012045562267303467,1.0,0.0,0.0
2096,-0.24486899375915527,1,0.03060862421989441,0.0,0.0,0.0
2097,-1540.1389601230621,1265,0.10295694892114331,0.1691699604743083,0.0,0.0
2098,-1.064859390258789,1,0.13310742378234863,0.0,0.0,0.0
2099,-3.0,1,0.2708115875720978,0.0,0.0,0.0
2100,-3.0,1,0.18901100754737854,0.0,0.0,0.0
2101,-2.3837504386901855,1,0.04796880483627319,0.0,0.0,0.0
2102,-2.577846050262451,1,0.0722307562828064,0.0,0.0,0.0
2103,-2.674264669418335,1,0.08428308367729187,0.0,0.0,0.0
2104,-2.426412343978882,1,0.05330154299736023,0.0,0.0,0.0
2105,-2.7115280628204346,1,0.08894100785255432,0.0,0.0,0.0
2106,1.9035420417785645,1,0.012057244777679443,1.0,0.0,0.0
2107,-0.1729135513305664,1,0.0216141939163208,1.0,0.0,0.0
2108,-3.0,1,0.16765877604484558,0.0,0.0,0.0
2109,-0.25709009170532227,1,0.03213626146316528,0.0,0.0,0.0
2110,1.9568572044372559,1,0.005392849445343018,1.0,0.0,0.0
2111,-3.0,1,0.15406078100204468,0.0,0.0,0.0
2112,-0.34769558906555176,1,0.04346194863319397,0.0,0.0,0.0
2113,-1464.90110039711,1265,0.11554852940819481,0.1841897233201581,0.0,0.0
2114,-1.2056050300598145,1,0.1507006287574768,0.0,0.0,0.0
2115,-2.084686517715454,1,0.26058581471443176,0.0,0.0,0.0
2116,-1.4342162609100342,1,0.17927703261375427,0.0,0.0,0.0
2117,-3.0,1,0.15215539932250977,0.0,0.0,0.0
2118,-3.0,1,0.1269865334033966,0.0,0.0,0.0
2119,-2.4770264625549316,1,0.059628307819366455,0.0,0.0,0.0
2120,-0.40771961212158203,1,0.050964951515197754,0.0,0.0,0.0
2121,-0.5658807754516602,1,0.07073509693145752,0.0,0.0,0.0
2122,-1.9277527332305908,1,0.24096909165382385,0.0,0.0,0.0
2123,-1.1546642780303955,1,0.14433303475379944,0.0,0.0,0.0
2124,-2.317476272583008,1,0.03968453407287598,0.0,0.0,0.0
2125,-2.8436248302459717,1,0.10545310378074646,0.0,0.0,0.0
2126,-0.43585848808288574,1,0.05448231101036072,0.0,0.0,0.0
2127,-0.5207500457763672,1,0.0650937557220459,0.0,0.0,0.0
2128,1.9788882732391357,1,0.0026389658451080322,1.0,0.0,0.0
2129,-1399.716457605362,1265,0.09561061215966116,0.17391304347826086,0.0,0.0
2130,-2.3462486267089844,1,0.04328107833862305,0.0,0.0,0.0
2131,-1.0585391521453857,1,0.13231739401817322,0.0,0.0,0.0
2132,1.7881662845611572,1,0.026479214429855347,1.0,0.0,0.0
2133,1.8667092323303223,1,0.016661345958709717,1.0,0.0,0.0
2134,-2.7877469062805176,1,0.0984683632850647,0.0,0.0,0.0
2135,-0.2526373863220215,1,0.031579673290252686,0.0,0.0,0.0
2136,-0.449343204498291,1,0.05616790056228638,0.0,0.0,0.0
2137,-1.782716989517212,1,0.2228396236896515,0.0,0.0,0.0
2138,-3.0,1,0.1548520028591156,0.0,0.0,0.0
2139,-0.2746615409851074,1,0.03433269262313843,0.0,0.0,0.0
2140,-0.9471430778503418,1,0.11839288473129272,0.0,0.0,0.0
2141,-1.2461919784545898,1,0.15577399730682373,0.0,0.0,0.0
2142,-0.46587085723876953,1,0.05823385715484619,0.0,0.0,0.0
2143,-2.661539077758789,1,0.08269238471984863,0.0,0.0,0.0
2144,-0.4483933448791504,1,0.0560491681098938,0.0,0.0,0.0
2145,-1611.874662399292,1265,0.11112816491617045,0.15019762845849802,0.0,0.0
2146,-0.6291043758392334,1,0.07863804697990417,0.0,0.0,0.0
2147,-3.0,1,0.13776233792304993,0.0,0.0,0.0
2148,-3.0,1,0.13855081796646118,0.0,0.0,0.0
2149,-3.0,1,0.1714668869972229,0.0,0.0,0.0
2150,-0.08952999114990234,1,0.011191248893737793,1.0,0.0,0.0
2151,-2.6132986545562744,1,0.3266623318195343,0.0,0.0,0.0
2152,-0.9813954830169678,1,0.12267443537712097,0.0,0.0,0.0
2153,-1.2838177680969238,1,0.16047722101211548,0.0,0.0,0.0
2154,-0.47353124618530273,1,0.05919140577316284,0.0,0.0,0.0
2155,-0.44126176834106445,1,0.05515772104263306,0.0,0.0,0.0
2156,-3.0,1,0.14020952582359314,0.0,0.0,0.0
2157,-1.471752643585205,1,0.18396908044815063,0.0,0.0,0.0
2158,-3.0,1,0.2624141275882721,0.0,0.0,0.0
2159,-2.8541765213012695,1,0.10677206516265869,0.0,0.0,0.0
2160,-0.2466139793395996,1,0.03082674741744995,0.0,0.0,0.0
2161,-1149.6117129325867,1265,0.10256286784123055,0.21106719367588933,0.0,0.0
2162,-3.0,1,0.1399305760860443,0.0,0.0,0.0
2163,-3.0,1,0.12581998109817505,0.0,0.0,0.0
2164,-0.8707256317138672,1,0.1088407039642334,0.0,0.0,0.0
2165,-1.7702021598815918,1,0.22127526998519897,0.0,0.0,0.0
2166,-0.9514660835266113,1,0.11893326044082642,0.0,0.0,0.0
2167,-0.8666834831237793,1,0.10833543539047241,0.0,0.0,0.0
2168,-0.380936861038208,1,0.047617107629776,0.0,0.0,0.0
2169,-0.4594542980194092,1,0.05743178725242615,0.0,0.0,0.0
2170,-0.7527899742126465,1,0.09409874677658081,0.0,0.0,0.0
2171,-3.0,1,0.2731991112232208,0.0,0.0,0.0
2172,-0.20655250549316406,1,0.025819063186645508,1.0,0.0,0.0
2173,-1.1814875602722168,1,0.1476859450340271,0.0,0.0,0.0
2174,-0.3984246253967285,1,0.049803078174591064,0.0,0.0,0.0
2175,-1.9627578258514404,1,0.24534472823143005,0.0,0.0,0.0
2176,-0.35368776321411133,1,0.044210970401763916,0.0,0.0,0.0
2177,-1707.7357742786407,1265,0.09534997296898733,0.10434782608695652,0.0,0.0
2178,-1.10190749168396,1,0.137738436460495,0.0,0.0,0.0
2179,-1.5848503112792969,1,0.1981062889099121,0.0,0.0,0.0
2180,-0.5140650272369385,1,0.06425812840461731,0.0,0.0,0.0
2181,-0.27237391471862793,1,0.03404673933982849,0.0,0.0,0.0
2182,-1.213078498840332,1,0.1516348123550415,0.0,0.0,0.0
2183,-0.6644530296325684,1,0.08305662870407104,0.0,0.0,0.0
2184,-0.8788022994995117,1,0.10985028743743896,0.0,0.0,0.0
2185,1.9228103160858154,1,0.009648710489273071,1.0,0.0,0.0
2186,-2.7565765380859375,1,0.09457206726074219,0.0,0.0,0.0
2187,-0.3161139488220215,1,0.039514243602752686,0.0,0.0,0.0
2188,-2.3126440048217773,1,0.03908050060272217,0.0,0.0,0.0
2189,-2.6440346240997314,1,0.08050432801246643,0.0,0.0,0.0
2190,-2.8370068073272705,1,0.10462585091590881,0.0,0.0,0.0
2191,-1.575751781463623,1,0.19696897268295288,0.0,0.0,0.0
2192,-3.0,1,0.1397339105606079,0.0,0.0,0.0
2193,-1516.201199054718,1265,0.10296586900360499,0.17786561264822134,0.0,0.0
2194,-0.955902099609375,1,0.11948776245117188,0.0,0.0,0.0
2195,-2.885200023651123,1,0.11065000295639038,0.0,0.0,0.0
2196,-0.9665169715881348,1,0.12081462144851685,0.0,0.0,0.0
2197,-3.0,1,0.23453941941261292,0.0,0.0,0.0
2198,-2.435171604156494,1,0.05439645051956177,0.0,0.0,0.0
2199,-0.89375901222229,1,0.11171987652778625,0.0,0.0,0.0
2200,-0.6238951683044434,1,0.07798689603805542,0.0,0.0,0.0
2201,-2.884413480758667,1,0.11055168509483337,0.0,0.0,0.0
2202,1.9419403076171875,1,0.0072574615478515625,1.0,0.0,0.0
2203,-0.3905820846557617,1,0.048822760581970215,0.0,0.0,0.0
2204,-1.1327321529388428,1,0.14159151911735535,0.0,0.0,0.0
2205,-1.7218554019927979,1,0.21523192524909973,0.0,0.0,0.0
2206,-1.1251134872436523,1,0.14063918590545654,0.0,0.0,0.0
2207,-3.0,1,0.18052682280540466,0.0,0.0,0.0
2208,-2.2795042991638184,1,0.034938037395477295,0.0,0.0,0.0
2209,-1476.5618360042572,1265,0.11712507848211899,0.20553359683794467,0.0,0.0
2210,-1.1214509010314941,1,0.14018136262893677,0.0,0.0,0.0
2211,1.917984962463379,1,0.010251879692077637,1.0,0.0,0.0
2212,-3.0,1,0.28642576932907104,0.0,0.0,0.0
2213,-0.24699115753173828,1,0.030873894691467285,0.0,0.0,0.0
2214,-0.38881587982177734,1,0.04860198497772217,0.0,0.0,0.0
2215,-3.0,1,0.17926901578903198,0.0,0.0,0.0
2216,1.8571648597717285,1,0.017854392528533936,1.0,0.0,0.0
2217,-1.7131986618041992,1,0.2141498327255249,0.0,0.0,0.0
2218,-3.0,1,0.1596241593360901,0.0,0.0,0.0
2219,-0.2397446632385254,1,0.029968082904815674,1.0,0.0,0.0
2220,-3.0,1,0.20104259252548218,0.0,0.0,0.0
2221,1.9262919425964355,1,0.009213507175445557,1.0,0.0,0.0
2222,-1.5683403015136719,1,0.19604253768920898,0.0,0.0,0.0
2223,-0.9805319309234619,1,0.12256649136543274,0.0,0.0,0.0
2224,-0.14262151718139648,1,0.01782768964767456,1.0,0.0,0.0
2225,-1642.1531829833984,1265,0.11522712497843113,0.18023715415019761,0.0,0.0
2226,-3.0,1,0.19490328431129456,0.0,0.0,0.0
2227,-3.0,1,0.19771221280097961,0.0,0.0,0.0
2228,-0.2671670913696289,1,0.03339588642120361,0.0,0.0,0.0
2229,1.8047473430633545,1,0.02440658211708069,1.0,0.0,0.0
2230,-2.594554901123047,1,0.07431936264038086,0.0,0.0,0.0
2231,-3.0,1,0.15293729305267334,0.0,0.0,0.0
2232,-0.7848472595214844,1,0.09810590744018555,0.0,0.0,0.0
2233,-2.275270938873291,1,0.03440886735916138,0.0,0.0,0.0
2234,-1.3651444911956787,1,0.17064306139945984,0.0,0.0,0.0
2235,-0.3755362033843994,1,0.04694202542304993,0.0,0.0,0.0
2236,-1.0519955158233643,1,0.13149943947792053,0.0,0.0,0.0
2237,-3.0,1,0.12843066453933716,0.0,0.0,0.0
2238,-3.0,1,0.1764395833015442,0.0,0.0,0.0
2239,-1.3294751644134521,1,0.16618439555168152,0.0,0.0,0.0
2240,-3.0,1,0.19019192457199097,0.0,0.0,0.0
2241,-1868.4499022960663,1265,0.10369839006261863,0.11225296442687747,0.0,0.0
2242,-2.7441539764404297,1,0.09301924705505371,0.0,0.0,0.0
2243,-2.6955416202545166,1,0.08694270253181458,0.0,0.0,0.0
2244,-0.5114824771881104,1,0.0639353096485138,0.0,0.0,0.0
2245,-3.0,1,0.12967687845230103,0.0,0.0,0.0
2246,-2.2398312091827393,1,0.2799789011478424,0.0,0.0,0.0
2247,-0.6096410751342773,1,0.07620513439178467,0.0,0.0,0.0
2248,-0.22029590606689453,1,0.027536988258361816,1.0,0.0,0.0
2249,-3.0,1,0.12554863095283508,0.0,0.0,0.0
2250,-1.4292073249816895,1,0.17865091562271118,0.0,0.0,0.0
2251,-3.0,1,0.2092420756816864,0.0,0.0,0.0
2252,-2.269223690032959,1,0.03365296125411987,0.0,0.0,0.0
2253,-0.8819966316223145,1,0.1102495789527893,0.0,0.0,0.0
2254,-0.7190022468566895,1,0.08987528085708618,0.0,0.0,0.0
2255,-2.9943783283233643,1,0.12429729104042053,0.0,0.0,0.0
2256,-3.0,1,0.15465453267097473,0.0,0.0,0.0
2257,-1698.6713259220123,1265,0.1111103601606467,0.1067193675889328,0.0,0.0
2258,-1.3756415843963623,1,0.1719551980495453,0.0,0.0,0.0
2259,-0.7357697486877441,1,0.09197121858596802,0.0,0.0,0.0
2260,-3.0,1,0.13049626350402832,0.0,0.0,0.0
2261,-1.447873592376709,1,0.18098419904708862,0.0,0.0,0.0
2262,-2.7708067893981934,1,0.09635084867477417,0.0,0.0,0.0
2263,-2.587311267852783,1,0.0734139084815979,0.0,0.0,0.0
2264,1.8617591857910156,1,0.017280101776123047,1.0,0.0,0.0
2265,-2.5085370540618896,1,0.0635671317577362,0.0,0.0,0.0
2266,-2.8385543823242188,1,0.10481929779052734,0.0,0.0,0.0
2267,-2.53572154045105,1,0.06696519255638123,0.0,0.0,0.0
2268,-2.301947832107544,1,0.287743479013443,0.0,0.0,0.0
2269,-0.25055360794067383,1,0.03131920099258423,0.0,0.0,0.0
2270,-1.801966667175293,1,0.22524583339691162,0.0,0.0,0.0
2271,-2.517472743988037,1,0.06468409299850464,0.0,0.0,0.0
2272,-1.1950039863586426,1,0.14937549829483032,0.0,0.0,0.0
2273,-1827.4155640602112,1265,0.13646037489058,0.08458498023715415,0.0,0.0
2274,-2.1291892528533936,1,0.2661486566066742,0.0,0.0,0.0
2275,-0.4498169422149658,1,0.05622711777687073,0.0,0.0,0.0
2276,-2.251682758331299,1,0.28146034479141235,0.0,0.0,0.0
2277,-1.875218391418457,1,0.23440229892730713,0.0,0.0,0.0
2278,-0.06773138046264648,1,0.00846642255783081,1.0,0.0,0.0
2279,-0.9935727119445801,1,0.12419658899307251,0.0,0.0,0.0
2280,-1.0254077911376953,1,0.12817597389221191,0.0,0.0,0.0
2281,-0.30868077278137207,1,0.03858509659767151,0.0,0.0,0.0
2282,-0.24057340621948242,1,0.030071675777435303,0.0,0.0,0.0
2283,-1.2739067077636719,1,0.15923833847045898,0.0,0.0,0.0
2284,-1.1067981719970703,1,0.1383497714996338,0.0,0.0,0.0
2285,1.990734577178955,1,0.0011581778526306152,1.0,0.0,0.0
2286,-2.5498337745666504,1,0.0687292218208313,0.0,0.0,0.0
2287,-0.839210033416748,1,0.1049012541770935,0.0,0.0,0.0
2288,1.870401382446289,1,0.016199827194213867,1.0,0.0,0.0
2289,-1545.1584384441376,1265,0.11133135620784383,0.19288537549407114,0.0,0.0
2290,-0.36089587211608887,1,0.04511198401451111,0.0,0.0,0.0
2291,-2.4270691871643066,1,0.30338364839553833,0.0,0.0,0.0
2292,-2.4932937622070312,1,0.061661720275878906,0.0,0.0,0.0
2293,-1.4784705638885498,1,0.18480882048606873,0.0,0.0,0.0
2294,-1.251206874847412,1,0.1564008593559265,0.0,0.0,0.0
2295,-2.7033305168151855,1,0.0879163146018982,0.0,0.0,0.0
2296,-1.089874267578125,1,0.13623428344726562,0.0,0.0,0.0
2297,-2.763773202896118,1,0.09547165036201477,0.0,0.0,0.0
2298,1.8894946575164795,1,0.013813167810440063,1.0,0.0,0.0
2299,-1.8111546039581299,1,0.22639432549476624,0.0,0.0,0.0
2300,-3.0,1,0.1412036418914795,0.0,0.0,0.0
2301,-0.006994724273681641,1,0.0008743405342102051,1.0,0.0,0.0
2302,-0.3959670066833496,1,0.0494958758354187,0.0,0.0,0.0
2303,-1.71766996383667,1,0.21470874547958374,0.0,0.0,0.0
2304,-2.8572072982788086,1,0.10715091228485107,0.0,0.0,0.0
2305,-1835.677367925644,1265,0.10139191153021199,0.07035573122529644,0.0,0.0
2306,-0.8250699043273926,1,0.10313373804092407,0.0,0.0,0.0
2307,-3.0,1,0.14277014136314392,0.0,0.0,0.0
2308,-2.2877004146575928,1,0.0359625518321991,0.0,0.0,0.0
2309,-2.3510968685150146,1,0.04388710856437683,0.0,0.0,0.0
2310,-1.7267851829528809,1,0.2158481478691101,0.0,0.0,0.0
2311,-2.7318012714385986,1,0.09147515892982483,0.0,0.0,0.0
2312,-1.7741758823394775,1,0.2217719852924347,0.0,0.0,0.0
2313,1.9408810138702393,1,0.007389873266220093,1.0,0.0,0.0
2314,-3.0,1,0.268075168132782,0.0,0.0,0.0
2315,1.9084525108337402,1,0.01144343614578247,1.0,0.0,0.0
2316,-3.0,1,0.1339097023010254,0.0,0.0,0.0
2317,-1.9132616519927979,1,0.23915770649909973,0.0,0.0,0.0
2318,-1.0954453945159912,1,0.1369306743144989,0.0,0.0,0.0
2319,-0.5036327838897705,1,0.06295409798622131,0.0,0.0,0.0
2320,-1.6803028583526611,1,0.21003785729408264,0.0,0.0,0.0
2321,-1348.0780594348907,1265,0.09799518432070616,0.183399209486166,0.0,0.0
2322,-1.0502433776855469,1,0.13128042221069336,0.0,0.0,0.0
2323,1.7928965091705322,1,0.02588793635368347,1.0,0.0,0.0
2324,-2.4552619457244873,1,0.3069077432155609,0.0,0.0,0.0
2325,-0.5624237060546875,1,0.07030296325683594,0.0,0.0,0.0
2326,-0.8734638690948486,1,0.10918298363685608,0.0,0.0,0.0
2327,-0.4228198528289795,1,0.052852481603622437,0.0,0.0,0.0
2328,-0.9789166450500488,1,0.1223645806312561,0.0,0.0,0.0
2329,-0.9761941432952881,1,0.12202426791191101,0.0,0.0,0.0
2330,-0.9258747100830078,1,0.11573433876037598,0.0,0.0,0.0
2331,-1.0346732139587402,1,0.12933415174484253,0.0,0.0,0.0
2332,-0.22782278060913086,1,0.028477847576141357,1.0,0.0,0.0
2333,-1.0448551177978516,1,0.13060688972473145,0.0,0.0,0.0
2334,-0.45415163040161133,1,0.056768953800201416,0.0,0.0,0.0
2335,-0.6197059154510498,1,0.07746323943138123,0.0,0.0,0.0
2336,-2.945556163787842,1,0.11819452047348022,0.0,0.0,0.0
2337,-1644.8170082569122,1265,0.09153496041128287,0.18102766798418973,0.0,0.0
2338,-0.49822306632995605,1,0.06227788329124451,0.0,0.0,0.0
2339,-0.05954599380493164,1,0.007443249225616455,1.0,0.0,0.0
2340,-2.374746084213257,1,0.046843260526657104,0.0,0.0,0.0
2341,-1.2236948013305664,1,0.1529618501663208,0.0,0.0,0.0
2342,-0.670051097869873,1,0.08375638723373413,0.0,0.0,0.0
2343,-2.430100679397583,1,0.3037625849246979,0.0,0.0,0.0
2344,-1.0057551860809326,1,0.12571939826011658,0.0,0.0,0.0
2345,-0.8195712566375732,1,0.10244640707969666,0.0,0.0,0.0
2346,-3.0,1,0.1483498513698578,0.0,0.0,0.0
2347,-0.3259248733520508,1,0.04074060916900635,0.0,0.0,0.0
2348,-0.1891930103302002,1,0.023649126291275024,1.0,0.0,0.0
2349,-2.778668165206909,1,0.09733352065086365,0.0,0.0,0.0
2350,-0.15466594696044922,1,0.019333243370056152,1.0,0.0,0.0
2351,1.8772404193878174,1,0.015344947576522827,1.0,0.0,0.0
2352,-0.05391979217529297,1,0.006739974021911621,1.0,0.0,0.0
2353,-1564.4734148979187,1265,0.1167235980627565,0.15019762845849802,0.0,0.0
2354,-1.0971052646636963,1,0.13713815808296204,0.0,0.0,0.0
2355,-0.39580345153808594,1,0.04947543144226074,0.0,0.0,0.0
2356,1.813871145248413,1,0.023266106843948364,1.0,0.0,0.0
2357,-0.7292232513427734,1,0.09115290641784668,0.0,0.0,0.0
2358,-2.539802074432373,1,0.31747525930404663,0.0,0.0,0.0
2359,-0.44881582260131836,1,0.056101977825164795,0.0,0.0,0.0
2360,-0.7017042636871338,1,0.08771303296089172,0.0,0.0,0.0
2361,-0.6125481128692627,1,0.07656851410865784,0.0,0.0,0.0
2362,-3.0,1,0.2118186354637146,0.0,0.0,0.0
2363,1.9114389419555664,1,0.0110701322555542,1.0,0.0,0.0
2364,-2.5627055168151855,1,0.0703381896018982,0.0,0.0,0.0
2365,-0.3458690643310547,1,0.043233633041381836,0.0,0.0,0.0
2366,1.9096689224243164,1,0.01129138469696045,1.0,0.0,0.0
2367,-3.0,1,0.1762140989303589,0.0,0.0,0.0
2368,-3.0,1,0.2503052353858948,0.0,0.0,0.0
2369,-1406.7477989196777,1265,0.09404966183330701,0.2893280632411067,0.0,0.0
2370,-0.24129986763000488,1,0.03016248345375061,0.0,0.0,0.0
2371,-1.74373197555542,1,0.2179664969444275,0.0,0.0,0.0
2372,-0.615577220916748,1,0.0769471526145935,0.0,0.0,0.0
2373,1.9647645950317383,1,0.004404425621032715,1.0,0.0,0.0
2374,-0.00010180473327636719,1,1.2725591659545898e-05,1.0,0.0,0.0
2375,-0.8390357494354248,1,0.1048794686794281,0.0,0.0,0.0
2376,-0.4129304885864258,1,0.05161631107330322,0.0,0.0,0.0
2377,-0.7122266292572021,1,0.08902832865715027,0.0,0.0,0.0
2378,-3.0,1,0.21859094500541687,0.0,0.0,0.0
2379,-3.0,1,0.16410481929779053,0.0,0.0,0.0
2380,-0.6818480491638184,1,0.0852310061454773,0.0,0.0,0.0
2381,-2.737962007522583,1,0.09224525094032288,0.0,0.0,0.0
2382,-1.1122517585754395,1,0.13903146982192993,0.0,0.0,0.0
2383,-2.8119091987609863,1,0.10148864984512329,0.0,0.0,0.0
2384,-1.2193865776062012,1,0.15242332220077515,0.0,0.0,0.0
2385,-1255.97212266922,1265,0.10657807927829004,0.21976284584980238,0.0,0.0
2386,1.801903247833252,1,0.024762094020843506,1.0,0.0,0.0
2387,1.7697553634643555,1,0.028780579566955566,1.0,0.0,0.0
2388,-2.554625988006592,1,0.06932824850082397,0.0,0.0,0.0
2389,1.8438594341278076,1,0.019517570734024048,1.0,0.0,0.0
2390,-2.3352479934692383,1,0.041905999183654785,0.0,0.0,0.0
2391,-0.27964115142822266,1,0.03495514392852783,0.0,0.0,0.0
2392,-2.398928642272949,1,0.29986608028411865,0.0,0.0,0.0
2393,-3.0,1,0.13028264045715332,0.0,0.0,0.0
2394,-3.0,1,0.14208585023880005,0.0,0.0,0.0
2395,1.9354758262634277,1,0.008065521717071533,1.0,0.0,0.0
2396,-0.6782829761505127,1,0.08478537201881409,0.0,0.0,0.0
2397,-3.0,1,0.12874481081962585,0.0,0.0,0.0
2398,-2.32741117477417,1,0.04092639684677124,0.0,0.0,0.0
2399,-0.30864763259887695,1,0.03858095407485962,0.0,0.0,0.0
2400,-1.5952558517456055,1,0.19940698146820068,0.0,0.0,0.0
2401,-1801.408748626709,1265,0.10767029540340892,0.09011857707509881,0.0,0.0
2402,-2.5771484375,1,0.0721435546875,0.0,0.0,0.0
2403,-0.3190023899078369,1,0.039875298738479614,0.0,0.0,0.0
2404,-0.14736080169677734,1,0.018420100212097168,1.0,0.0,0.0
2405,-1.27630615234375,1,0.15953826904296875,0.0,0.0,0.0
2406,-1.1643297672271729,1,0.1455412209033966,0.0,0.0,0.0
2407,-2.642932653427124,1,0.0803665816783905,0.0,0.0,0.0
2408,-0.006459236145019531,1,0.0008074045181274414,1.0,0.0,0.0
2409,-2.487551212310791,1,0.06094390153884888,0.0,0.0,0.0
2410,-0.9641876220703125,1,0.12052345275878906,0.0,0.0,0.0
2411,-3.0,1,0.12613186240196228,0.0,0.0,0.0
2412,-1.088660717010498,1,0.13608258962631226,0.0,0.0,0.0
2413,-0.49503040313720703,1,0.06187880039215088,0.0,0.0,0.0
2414,-0.4146251678466797,1,0.05182814598083496,0.0,0.0,0.0
2415,-3.0,1,0.16812869906425476,0.0,0.0,0.0
2416,-3.0,1,0.13296452164649963,0.0,0.0,0.0
2417,-1643.5415143966675,1265,0.0999832967053289,0.15968379446640316,0.0,0.0
2418,-3.0,1,0.15926143527030945,0.0,0.0,0.0
2419,-2.4324257373809814,1,0.05405321717262268,0.0,0.0,0.0
2420,-1.070920705795288,1,0.133865088224411,0.0,0.0,0.0
2421,-0.8060758113861084,1,0.10075947642326355,0.0,0.0,0.0
2422,-1.094829797744751,1,0.13685372471809387,0.0,0.0,0.0
2423,-2.229706048965454,1,0.27871325612068176,0.0,0.0,0.0
2424,-0.5903708934783936,1,0.0737963616847992,0.0,0.0,0.0
2425,-0.6519937515258789,1,0.08149921894073486,0.0,0.0,0.0
2426,-0.34056758880615234,1,0.04257094860076904,0.0,0.0,0.0
2427,-2.5826451778411865,1,0.07283064723014832,0.0,0.0,0.0
2428,-1.564687967300415,1,0.19558599591255188,0.0,0.0,0.0
2429,-1.1984388828277588,1,0.14980486035346985,0.0,0.0,0.0
2430,-0.39614105224609375,1,0.04951763153076172,0.0,0.0,0.0
2431,-0.3894658088684082,1,0.048683226108551025,0.0,0.0,0.0
2432,1.8106684684753418,1,0.023666441440582275,1.0,0.0,0.0
2433,-1144.2871294021606,1265,0.08774250964873392,0.2316205533596838,0.0,0.0
2434,-3.0,1,0.27983540296554565,0.0,0.0,0.0
2435,-2.418949842453003,1,0.052368730306625366,0.0,0.0,0.0
2436,-2.499049663543701,1,0.062381207942962646,0.0,0.0,0.0
2437,-0.9330003261566162,1,0.11662504076957703,0.0,0.0,0.0
2438,-2.7288622856140137,1,0.09110778570175171,0.0,0.0,0.0
2439,-2.2910964488983154,1,0.03638705611228943,0.0,0.0,0.0
2440,-2.6598877906799316,1,0.08248597383499146,0.0,0.0,0.0
2441,-2.994828462600708,1,0.1243535578250885,0.0,0.0,0.0
2442,-1.047752857208252,1,0.1309691071510315,0.0,0.0,0.0
2443,-0.3964972496032715,1,0.049562156200408936,0.0,0.0,0.0
2444,1.8142547607421875,1,0.023218154907226562,1.0,0.0,0.0
2445,-2.0098679065704346,1,0.2512334883213043,0.0,0.0,0.0
2446,-1.7131755352020264,1,0.2141469419002533,0.0,0.0,0.0
2447,-0.4591939449310303,1,0.057399243116378784,0.0,0.0,0.0
2448,-2.515228271484375,1,0.06440353393554688,0.0,0.0,0.0
2449,-1386.4870669841766,1265,0.08492311552579224,0.233201581027668,0.0,0.0
2450,-3.0,1,0.125661700963974,0.0,0.0,0.0
2451,-0.9557349681854248,1,0.1194668710231781,0.0,0.0,0.0
2452,-2.2686092853546143,1,0.03357616066932678,0.0,0.0,0.0
2453,-1.5279552936553955,1,0.19099441170692444,0.0,0.0,0.0
2454,-0.17902326583862305,1,0.02237790822982788,1.0,0.0,0.0
2455,-3.0,1,0.13860929012298584,0.0,0.0,0.0
2456,-3.0,1,0.13026845455169678,0.0,0.0,0.0
2457,-0.2875080108642578,1,0.03593850135803223,0.0,0.0,0.0
2458,-2.780320882797241,1,0.09754011034965515,0.0,0.0,0.0
2459,-3.0,1,0.16808339953422546,0.0,0.0,0.0
2460,-1.1244990825653076,1,0.14056238532066345,0.0,0.0,0.0
2461,1.9302897453308105,1,0.008713781833648682,1.0,0.0,0.0
2462,-0.8097257614135742,1,0.10121572017669678,0.0,0.0,0.0
2463,1.9544062614440918,1,0.005699217319488525,1.0,0.0,0.0
2464,-0.3869359493255615,1,0.04836699366569519,0.0,0.0,0.0
2465,-1259.6694111824036,1265,0.0984224758600529,0.1359683794466403,0.0,0.0
2466,-0.8988232612609863,1,0.11235290765762329,0.0,0.0,0.0
2467,-0.553640604019165,1,0.06920507550239563,0.0,0.0,0.0
2468,-2.775028705596924,1,0.09687858819961548,0.0,0.0,0.0
2469,-0.8066043853759766,1,0.10082554817199707,0.0,0.0,0.0
2470,-1.9312193393707275,1,0.24140241742134094,0.0,0.0,0.0
2471,-0.8599157333374023,1,0.10748946666717529,0.0,0.0,0.0
2472,-0.7103228569030762,1,0.08879035711288452,0.0,0.0,0.0
2473,-3.0,1,0.1772247552871704,0.0,0.0,0.0
2474,-3.0,1,0.13784334063529968,0.0,0.0,0.0
2475,-0.8414702415466309,1,0.10518378019332886,0.0,0.0,0.0
2476,-1.7619984149932861,1,0.22024980187416077,0.0,0.0,0.0
2477,-1.6117713451385498,1,0.20147141814231873,0.0,0.0,0.0
2478,-1.2147855758666992,1,0.1518481969833374,0.0,0.0,0.0
2479,-2.4975314140319824,1,0.0621914267539978,0.0,0.0,0.0
2480,-1.0905482769012451,1,0.13631853461265564,0.0,0.0,0.0
2481,-1545.7150344848633,1265,0.102510159665888,0.17470355731225296,0.0,0.0
2482,-0.07689499855041504,1,0.00961187481880188,1.0,0.0,0.0
2483,-2.3301773071289062,1,0.04127216339111328,0.0,0.0,0.0
2484,-2.6763744354248047,1,0.08454680442810059,0.0,0.0,0.0
2485,-0.6304237842559814,1,0.07880297303199768,0.0,0.0,0.0
2486,-0.2821345329284668,1,0.03526681661605835,0.0,0.0,0.0
2487,-1.1097462177276611,1,0.13871827721595764,0.0,0.0,0.0
2488,-2.511148452758789,1,0.06389355659484863,0.0,0.0,0.0
2489,-0.04936408996582031,1,0.006170511245727539,1.0,0.0,0.0
2490,-1.1843476295471191,1,0.1480434536933899,0.0,0.0,0.0
2491,-3.0,1,0.14695075154304504,0.0,0.0,0.0
2492,-0.7782201766967773,1,0.09727752208709717,0.0,0.0,0.0
2493,-0.3796236515045166,1,0.047452956438064575,0.0,0.0,0.0
2494,-0.12883663177490234,1,0.016104578971862793,1.0,0.0,0.0
2495,-3.0,1,0.25587987899780273,0.0,0.0,0.0
2496,-2.2436413764953613,1,0.030455172061920166,0.0,0.0,0.0
2497,-1529.2147619724274,1265,0.10368038041318359,0.13438735177865613,0.0,0.0
2498,-2.664801836013794,1,0.08310022950172424,0.0,0.0,0.0
2499,-0.37148451805114746,1,0.04643556475639343,0.0,0.0,0.0
2500,-0.23316383361816406,1,0.029145479202270508,1.0,0.0,0.0
2501,-1.9096896648406982,1,0.23871120810508728,0.0,0.0,0.0
2502,-3.0,1,0.13314571976661682,0.0,0.0,0.0
2503,-2.3601691722869873,1,0.04502114653587341,0.0,0.0,0.0
2504,1.787405014038086,1,0.026574373245239258,1.0,0.0,0.0
2505,-3.0,1,0.24853143095970154,0.0,0.0,0.0
2506,-3.0,1,0.1771843433380127,0.0,0.0,0.0
2507,-3.0,1,0.14292293787002563,0.0,0.0,0.0
2508,1.8285884857177734,1,0.02142643928527832,1.0,0.0,0.0
2509,-2.7044246196746826,1,0.08805307745933533,0.0,0.0,0.0
2510,-2.2400062084198,1,0.030000776052474976,0.0,0.0,0.0
2511,-3.0,1,0.1440773606300354,0.0,0.0,0.0
2512,-0.5613803863525391,1,0.07017254829406738,0.0,0.0,0.0
2513,-1543.3283751010895,1265,0.09489086011181706,0.14861660079051384,0.0,0.0
2514,-0.7431936264038086,1,0.09289920330047607,0.0,0.0,0.0
2515,1.9745049476623535,1,0.0031868815422058105,1.0,0.0,0.0
2516,-2.5630083084106445,1,0.07037603855133057,0.0,0.0,0.0
2517,-2.0539186000823975,1,0.2567398250102997,0.0,0.0,0.0
2518,-0.11299943923950195,1,0.014124929904937744,1.0,0.0,0.0
2519,-0.5783448219299316,1,0.07229310274124146,0.0,0.0,0.0
2520,-3.0,1,0.21198046207427979,0.0,0.0,0.0
2521,-1.0769834518432617,1,0.13462293148040771,0.0,0.0,0.0
2522,-0.320523738861084,1,0.0400654673576355,0.0,0.0,0.0
2523,-0.6707136631011963,1,0.08383920788764954,0.0,0.0,0.0
2524,-2.805751323699951,1,0.1007189154624939,0.0,0.0,0.0
2525,-1.1569037437438965,1,0.14461296796798706,0.0,0.0,0.0
2526,-2.4064228534698486,1,0.05080285668373108,0.0,0.0,0.0
2527,-2.4175760746002197,1,0.052197009325027466,0.0,0.0,0.0
2528,-0.12516021728515625,1,0.01564502716064453,1.0,0.0,0.0
2529,-1424.9352533817291,1265,0.105748232551243,0.23952569169960475,0.0,0.0
2530,-0.6468844413757324,1,0.08086055517196655,0.0,0.0,0.0
2531,-1.2279293537139893,1,0.15349116921424866,0.0,0.0,0.0
2532,-3.0,1,0.1378287672996521,0.0,0.0,0.0
2533,1.8903660774230957,1,0.013704240322113037,1.0,0.0,0.0
2534,-0.4798004627227783,1,0.05997505784034729,0.0,0.0,0.0
2535,-0.14464402198791504,1,0.01808050274848938,1.0,0.0,0.0
2536,-1.1481411457061768,1,0.1435176432132721,0.0,0.0,0.0
2537,-3.0,1,0.14888671040534973,0.0,0.0,0.0
2538,1.9855897426605225,1,0.0018012821674346924,1.0,0.0,0.0
2539,-0.7037787437438965,1,0.08797234296798706,0.0,0.0,0.0
2540,-0.23882174491882324,1,0.029852718114852905,1.0,0.0,0.0
2541,-0.8371648788452148,1,0.10464560985565186,0.0,0.0,0.0
2542,-0.2451767921447754,1,0.030647099018096924,0.0,0.0,0.0
2543,-0.3041057586669922,1,0.03801321983337402,0.0,0.0,0.0
2544,-2.5678837299346924,1,0.07098546624183655,0.0,0.0,0.0
2545,-1581.6263484954834,1265,0.11307084694681431,0.15731225296442689,0.0,0.0
2546,-0.8200469017028809,1,0.10250586271286011,0.0,0.0,0.0
2547,-2.6321802139282227,1,0.07902252674102783,0.0,0.0,0.0
2548,-1.0555496215820312,1,0.1319437026977539,0.0,0.0,0.0
2549,-0.3962540626525879,1,0.049531757831573486,0.0,0.0,0.0
2550,-1.8376634120941162,1,0.22970792651176453,0.0,0.0,0.0
2551,-1.4602346420288086,1,0.18252933025360107,0.0,0.0,0.0
2552,-0.9944643974304199,1,0.12430804967880249,0.0,0.0,0.0
2553,-2.244239330291748,1,0.030529916286468506,0.0,0.0,0.0
2554,-0.7391588687896729,1,0.0923948585987091,0.0,0.0,0.0
2555,-1.7492995262145996,1,0.21866244077682495,0.0,0.0,0.0
2556,-0.2057795524597168,1,0.0257224440574646,1.0,0.0,0.0
2557,-1.2379295825958252,1,0.15474119782447815,0.0,0.0,0.0
2558,-2.386122941970825,1,0.04826536774635315,0.0,0.0,0.0
2559,-0.8255774974822998,1,0.10319718718528748,0.0,0.0,0.0
2560,-1.1143741607666016,1,0.1392967700958252,0.0,0.0,0.0
2561,-1126.1498172283173,1265,0.08586624931440995,0.2545454545454545,0.0,0.0
2562,-0.6928479671478271,1,0.0866059958934784,0.0,0.0,0.0
2563,-0.8140301704406738,1,0.10175377130508423,0.0,0.0,0.0
2564,-3.0,1,0.16744637489318848,0.0,0.0,0.0
2565,-2.973794937133789,1,0.12172436714172363,0.0,0.0,0.0
2566,-2.6578118801116943,1,0.08222648501396179,0.0,0.0,0.0
2567,-0.8544566631317139,1,0.10680708289146423,0.0,0.0,0.0
2568,-1.113884687423706,1,0.13923558592796326,0.0,0.0,0.0
2569,1.850177526473999,1,0.018727809190750122,1.0,0.0,0.0
2570,-1.1466610431671143,1,0.14333263039588928,0.0,0.0,0.0
2571,-2.4375362396240234,1,0.05469202995300293,0.0,0.0,0.0
2572,-0.3227553367614746,1,0.040344417095184326,0.0,0.0,0.0
2573,-1.071835994720459,1,0.13397949934005737,0.0,0.0,0.0
2574,-2.359118700027466,1,0.04488983750343323,0.0,0.0,0.0
2575,-2.308194875717163,1,0.038524359464645386,0.0,0.0,0.0
2576,-2.9655349254608154,1,0.12069186568260193,0.0,0.0,0.0
2577,-1525.5808582305908,1265,0.09664478224256765,0.20474308300395258,0.0,0.0
2578,-0.5874035358428955,1,0.07342544198036194,0.0,0.0,0.0
2579,-1.170760154724121,1,0.14634501934051514,0.0,0.0,0.0
2580,-0.569000244140625,1,0.07112503051757812,0.0,0.0,0.0
2581,-3.0,1,0.15244248509407043,0.0,0.0,0.0
2582,-0.8658962249755859,1,0.10823702812194824,0.0,0.0,0.0
2583,-0.7285914421081543,1,0.09107393026351929,0.0,0.0,0.0
2584,-1.1863124370574951,1,0.1482890546321869,0.0,0.0,0.0
2585,-2.450838565826416,1,0.056354820728302,0.0,0.0,0.0
2586,-1.1994636058807373,1,0.14993295073509216,0.0,0.0,0.0
2587,-0.978095531463623,1,0.12226194143295288,0.0,0.0,0.0
2588,-3.0,1,0.13589033484458923,0.0,0.0,0.0
2589,-3.0,1,0.26337921619415283,0.0,0.0,0.0
2590,-1.289637565612793,1,0.16120469570159912,0.0,0.0,0.0
2591,-1.31068754196167,1,0.16383594274520874,0.0,0.0,0.0
2592,-3.0,1,0.15713536739349365,0.0,0.0,0.0
2593,-1538.9922859668732,1265,0.11079574571296631,0.2015810276679842,0.0,0.0
2594,-1.4980459213256836,1,0.18725574016571045,0.0,0.0,0.0
2595,-0.9718999862670898,1,0.12148749828338623,0.0,0.0,0.0
2596,-2.80151629447937,1,0.10018953680992126,0.0,0.0,0.0
2597,-2.7543559074401855,1,0.0942944884300232,0.0,0.0,0.0
2598,-0.13671588897705078,1,0.017089486122131348,1.0,0.0,0.0
2599,-2.7025885581970215,1,0.08782356977462769,0.0,0.0,0.0
2600,-0.4297027587890625,1,0.05371284484863281,0.0,0.0,0.0
2601,-1.924597978591919,1,0.24057474732398987,0.0,0.0,0.0
2602,1.9228909015655518,1,0.00963863730430603,1.0,0.0,0.0
2603,-2.985135555267334,1,0.12314194440841675,0.0,0.0,0.0
2604,-2.345090389251709,1,0.04313629865646362,0.0,0.0,0.0
2605,-1.032339096069336,1,0.129042387008667,0.0,0.0,0.0
2606,-0.730750560760498,1,0.09134382009506226,0.0,0.0,0.0
2607,-2.780566692352295,1,0.09757083654403687,0.0,0.0,0.0
2608,-1.8756294250488281,1,0.23445367813110352,0.0,0.0,0.0
2609,-1805.9481084346771,1265,0.10625643162388104,0.13438735177865613,0.0,0.0
2610,-0.4787406921386719,1,0.059842586517333984,0.0,0.0,0.0
2611,-3.0,1,0.1468047797679901,0.0,0.0,0.0
2612,-0.457003116607666,1,0.05712538957595825,0.0,0.0,0.0
2613,-2.5174999237060547,1,0.06468749046325684,0.0,0.0,0.0
2614,-0.22297954559326172,1,0.027872443199157715,1.0,0.0,0.0
2615,1.8083548545837402,1,0.02395564317703247,1.0,0.0,0.0
2616,-3.0,1,0.13494092226028442,0.0,0.0,0.0
2617,-1.2739520072937012,1,0.15924400091171265,0.0,0.0,0.0
2618,-0.9687204360961914,1,0.12109005451202393,0.0,0.0,0.0
2619,-1.6996080875396729,1,0.2124510109424591,0.0,0.0,0.0
2620,-0.18167424201965332,1,0.022709280252456665,1.0,0.0,0.0
2621,-3.0,1,0.2071971595287323,0.0,0.0,0.0
2622,1.970580816268921,1,0.0036773979663848877,1.0,0.0,0.0
2623,-2.430399179458618,1,0.05379989743232727,0.0,0.0,0.0
2624,1.99589204788208,1,0.0005134940147399902,1.0,0.0,0.0
2625,-1533.7947561740875,1265,0.1333076466213573,0.15889328063241107,0.0,0.0
2626,-0.43934011459350586,1,0.05491751432418823,0.0,0.0,0.0
2627,-1.0089526176452637,1,0.12611907720565796,0.0,0.0,0.0
2628,-1.3874354362487793,1,0.1734294295310974,0.0,0.0,0.0
2629,-1.353996753692627,1,0.16924959421157837,0.0,0.0,0.0
2630,-3.0,1,0.24834251403808594,0.0,0.0,0.0
2631,-0.15520954132080078,1,0.019401192665100098,1.0,0.0,0.0
2632,-0.8090038299560547,1,0.10112547874450684,0.0,0.0,0.0
2633,1.867361068725586,1,0.016579866409301758,1.0,0.0,0.0
2634,-2.5227909088134766,1,0.06534886360168457,0.0,0.0,0.0
2635,-2.5085651874542236,1,0.31357064843177795,0.0,0.0,0.0
2636,-0.34716033935546875,1,0.043395042419433594,0.0,0.0,0.0
2637,-1.1965456008911133,1,0.14956820011138916,0.0,0.0,0.0
2638,-1.7873570919036865,1,0.22341963648796082,0.0,0.0,0.0
2639,-0.26830554008483887,1,0.03353819251060486,0.0,0.0,0.0
2640,-0.777184009552002,1,0.09714800119400024,0.0,0.0,0.0
2641,-1198.5031175613403,1265,0.09259509090849534,0.21422924901185772,0.0,0.0
2642,1.8036000728607178,1,0.02454999089241028,1.0,0.0,0.0
2643,-2.9355828762054443,1,0.11694785952568054,0.0,0.0,0.0
2644,-0.6792635917663574,1,0.08490794897079468,0.0,0.0,0.0
2645,-2.627072811126709,1,0.07838410139083862,0.0,0.0,0.0
2646,-0.3459024429321289,1,0.04323780536651611,0.0,0.0,0.0
2647,-3.0,1,0.20590367913246155,0.0,0.0,0.0
2648,-3.0,1,0.13022026419639587,0.0,0.0,0.0
2649,-0.5377483367919922,1,0.06721854209899902,0.0,0.0,0.0
2650,-0.7566432952880859,1,0.09458041191101074,0.0,0.0,0.0
2651,-0.2588539123535156,1,0.03235673904418945,0.0,0.0,0.0
2652,1.7858104705810547,1,0.026773691177368164,1.0,0.0,0.0
2653,-1.1160659790039062,1,0.13950824737548828,0.0,0.0,0.0
2654,-0.38259172439575195,1,0.047823965549468994,0.0,0.0,0.0
2655,-3.0,1,0.294808566570282,0.0,0.0,0.0
2656,-1.8409578800201416,1,0.2301197350025177,0.0,0.0,0.0
2657,-1728.4773344993591,1265,0.10898131136837684,0.10039525691699605,0.0,0.0
2658,-1.1501827239990234,1,0.14377284049987793,0.0,0.0,0.0
2659,-3.0,1,0.12984687089920044,0.0,0.0,0.0
2660,-2.3150570392608643,1,0.03938212990760803,0.0,0.0,0.0
2661,-1.2362685203552246,1,0.15453356504440308,0.0,0.0,0.0
2662,-2.42228102684021,1,0.30278512835502625,0.0,0.0,0.0
2663,-0.37268757820129395,1,0.04658594727516174,0.0,0.0,0.0
2664,-3.0,1,0.18737974762916565,0.0,0.0,0.0
2665,-2.854389190673828,1,0.10679864883422852,0.0,0.0,0.0
2666,-0.34404659271240234,1,0.04300582408905029,0.0,0.0,0.0
2667,-2.7120914459228516,1,0.08901143074035645,0.0,0.0,0.0
2668,-3.0,1,0.2204504907131195,0.0,0.0,0.0
2669,-2.3944664001464844,1,0.04930830001831055,0.0,0.0,0.0
2670,-1.0897340774536133,1,0.13621675968170166,0.0,0.0,0.0
2671,-0.615692138671875,1,0.07696151733398438,0.0,0.0,0.0
2672,-0.8672671318054199,1,0.10840839147567749,0.0,0.0,0.0
2673,-1477.1388301849365,1265,0.09124336610198493,0.1841897233201581,0.0,0.0
2674,-0.9234540462493896,1,0.1154317557811737,0.0,0.0,0.0
2675,-0.15668678283691406,1,0.019585847854614258,1.0,0.0,0.0
2676,-3.0,1,0.2001323699951172,0.0,0.0,0.0
2677,-0.1986703872680664,1,0.0248337984085083,1.0,0.0,0.0
2678,-0.19007563591003418,1,0.023759454488754272,1.0,0.0,0.0
2679,-3.0,1,0.13191643357276917,0.0,0.0,0.0
2680,1.928278923034668,1,0.008965134620666504,1.0,0.0,0.0
2681,-0.4121861457824707,1,0.05152326822280884,0.0,0.0,0.0
2682,-2.6093270778656006,1,0.07616588473320007,0.0,0.0,0.0
2683,-0.6787447929382324,1,0.08484309911727905,0.0,0.0,0.0
2684,1.7999687194824219,1,0.025003910064697266,1.0,0.0,0.0
2685,-3.0,1,0.20723995566368103,0.0,0.0,0.0
2686,-0.8126821517944336,1,0.1015852689743042,0.0,0.0,0.0
2687,-2.9347901344299316,1,0.11684876680374146,0.0,0.0,0.0
2688,1.9492647647857666,1,0.006341904401779175,1.0,0.0,0.0
2689,-1473.0484948158264,1265,0.0977816660413629,0.1976284584980237,0.0,0.0
2690,-2.816755533218384,1,0.10209444165229797,0.0,0.0,0.0
2691,-0.08770275115966797,1,0.010962843894958496,1.0,0.0,0.0
2692,-1.1825940608978271,1,0.1478242576122284,0.0,0.0,0.0
2693,-0.8574032783508301,1,0.10717540979385376,0.0,0.0,0.0
2694,-0.5795466899871826,1,0.07244333624839783,0.0,0.0,0.0
2695,-2.6397745609283447,1,0.07997182011604309,0.0,0.0,0.0
2696,1.8764009475708008,1,0.015449881553649902,1.0,0.0,0.0
2697,-0.7527813911437988,1,0.09409767389297485,0.0,0.0,0.0
2698,-0.9468402862548828,1,0.11835503578186035,0.0,0.0,0.0
2699,1.8451499938964844,1,0.019356250762939453,1.0,0.0,0.0
2700,-2.5040812492370605,1,0.06301015615463257,0.0,0.0,0.0
2701,-0.5248265266418457,1,0.06560331583023071,0.0,0.0,0.0
2702,1.9802072048187256,1,0.0024740993976593018,1.0,0.0,0.0
2703,-2.2958602905273438,1,0.03698253631591797,0.0,0.0,0.0
2704,-0.7647268772125244,1,0.09559085965156555,0.0,0.0,0.0
2705,-1456.6238656044006,1265,0.09631938545600227,0.17865612648221343,0.0,0.0
2706,-2.8012471199035645,1,0.10015588998794556,0.0,0.0,0.0
2707,-0.9413137435913086,1,0.11766421794891357,0.0,0.0,0.0
2708,-3.0,1,0.13969120383262634,0.0,0.0,0.0
2709,1.9288091659545898,1,0.00889885425567627,1.0,0.0,0.0
2710,-0.8727684020996094,1,0.10909605026245117,0.0,0.0,0.0
2711,-0.5547389984130859,1,0.06934237480163574,0.0,0.0,0.0
2712,-2.5360608100891113,1,0.06700760126113892,0.0,0.0,0.0
2713,1.8392975330352783,1,0.02008780837059021,1.0,0.0,0.0
2714,1.7726490497589111,1,0.02841886878013611,1.0,0.0,0.0
2715,-2.958385944366455,1,0.11979824304580688,0.0,0.0,0.0
2716,-3.0,1,0.17659354209899902,0.0,0.0,0.0
2717,-1.1464183330535889,1,0.1433022916316986,0.0,0.0,0.0
2718,-0.67041015625,1,0.08380126953125,0.0,0.0,0.0
2719,-0.2169480323791504,1,0.0271185040473938,1.0,0.0,0.0
2720,-1.5723886489868164,1,0.19654858112335205,0.0,0.0,0.0
2721,-1291.0415604114532,1265,0.09722710162283403,0.23636363636363636,0.0,0.0
2722,-2.888611316680908,1,0.11107641458511353,0.0,0.0,0.0
2723,-1.7962896823883057,1,0.2245362102985382,0.0,0.0,0.0
2724,1.877838134765625,1,0.015270233154296875,1.0,0.0,0.0
2725,-3.0,1,0.13897055387496948,0.0,0.0,0.0
2726,-2.7136576175689697,1,0.08920720219612122,0.0,0.0,0.0
2727,-3.0,1,0.20601239800453186,0.0,0.0,0.0
2728,-0.8919706344604492,1,0.11149632930755615,0.0,0.0,0.0
2729,-2.5415091514587402,1,0.06768864393234253,0.0,0.0,0.0
2730,-1.0995256900787354,1,0.13744071125984192,0.0,0.0,0.0
2731,-0.07249832153320312,1,0.00906229019165039,1.0,0.0,0.0
2732,-1.2908110618591309,1,0.16135138273239136,0.0,0.0,0.0
2733,-0.01703500747680664,1,0.00212937593460083,1.0,0.0,0.0
2734,-3.0,1,0.24871554970741272,0.0,0.0,0.0
2735,1.9679059982299805,1,0.004011750221252441,1.0,0.0,0.0
2736,-2.795529842376709,1,0.09944123029708862,0.0,0.0,0.0
2737,-2017.9916651248932,1265,0.11756976887642631,0.062450592885375494,0.0,0.0
2738,-3.0,1,0.2896202802658081,0.0,0.0,0.0
2739,-0.08326339721679688,1,0.01040792465209961,1.0,0.0,0.0
2740,-0.3011162281036377,1,0.03763952851295471,0.0,0.0,0.0
2741,-0.6713352203369141,1,0.08391690254211426,0.0,0.0,0.0
2742,-3.0,1,0.15499526262283325,0.0,0.0,0.0
2743,-2.819579839706421,1,0.10244747996330261,0.0,0.0,0.0
2744,-0.4343600273132324,1,0.05429500341415405,0.0,0.0,0.0
2745,-0.7298541069030762,1,0.09123176336288452,0.0,0.0,0.0
2746,-1.7979295253753662,1,0.22474119067192078,0.0,0.0,0.0
2747,-0.49266767501831055,1,0.06158345937728882,0.0,0.0,0.0
2748,-2.9888458251953125,1,0.12360572814941406,0.0,0.0,0.0
2749,-2.5398190021514893,1,0.06747737526893616,0.0,0.0,0.0
2750,-0.6918542385101318,1,0.08648177981376648,0.0,0.0,0.0
2751,-1.5060641765594482,1,0.18825802206993103,0.0,0.0,0.0
2752,-1.2016634941101074,1,0.15020793676376343,0.0,0.0,0.0
2753,-1381.3418440818787,1265,0.09976328220292043,0.1841897233201581,0.0,0.0
2754,-1.0268259048461914,1,0.12835323810577393,0.0,0.0,0.0
2755,-0.6903533935546875,1,0.08629417419433594,0.0,0.0,0.0
2756,-3.0,1,0.18870031833648682,0.0,0.0,0.0
2757,-0.7636339664459229,1,0.09545424580574036,0.0,0.0,0.0
2758,-0.44257307052612305,1,0.05532163381576538,0.0,0.0,0.0
2759,1.9427673816680908,1,0.0071540772914886475,1.0,0.0,0.0
2760,-0.5681471824645996,1,0.07101839780807495,0.0,0.0,0.0
2761,-2.842507839202881,1,0.10531347990036011,0.0,0.0,0.0
2762,-1.387462854385376,1,0.173432856798172,0.0,0.0,0.0
2763,-3.0,1,0.18232163786888123,0.0,0.0,0.0
2764,-1.1472928524017334,1,0.14341160655021667,0.0,0.0,0.0
2765,-0.4940316677093506,1,0.06175395846366882,0.0,0.0,0.0
2766,-0.8349838256835938,1,0.10437297821044922,0.0,0.0,0.0
2767,-0.03109121322631836,1,0.003886401653289795,1.0,0.0,0.0
2768,-0.3661646842956543,1,0.04577058553695679,0.0,0.0,0.0
2769,-1097.9510469436646,1265,0.0858308430952517,0.23241106719367588,0.0,0.0
2770,-1.4051077365875244,1,0.17563846707344055,0.0,0.0,0.0
2771,-2.247631788253784,1,0.030953973531723022,0.0,0.0,0.0
2772,-0.22483205795288086,1,0.028104007244110107,1.0,0.0,0.0
2773,-3.0,1,0.16069704294204712,0.0,0.0,0.0
2774,-1.5637450218200684,1,0.19546812772750854,0.0,0.0,0.0
2775,-0.38992786407470703,1,0.04874098300933838,0.0,0.0,0.0
2776,1.8995423316955566,1,0.01255720853805542,1.0,0.0,0.0
2777,-2.7688543796539307,1,0.09610679745674133,0.0,0.0,0.0
2778,-0.48535966873168945,1,0.06066995859146118,0.0,0.0,0.0
2779,-0.17214512825012207,1,0.02151814103126526,1.0,0.0,0.0
2780,-2.3026599884033203,1,0.03783249855041504,0.0,0.0,0.0
2781,1.8719089031219482,1,0.01601138710975647,1.0,0.0,0.0
2782,-0.8009622097015381,1,0.10012027621269226,0.0,0.0,0.0
2783,-0.30036425590515137,1,0.03754553198814392,0.0,0.0,0.0
2784,-0.16852855682373047,1,0.02106606960296631,1.0,0.0,0.0
2785,-1509.4577567577362,1265,0.09419891985037582,0.17391304347826086,0.0,0.0
2786,-1.3385660648345947,1,0.16732075810432434,0.0,0.0,0.0
2787,-0.04450058937072754,1,0.005562573671340942,1.0,0.0,0.0
2788,-1.6456153392791748,1,0.20570191740989685,0.0,0.0,0.0
2789,-0.9543328285217285,1,0.11929160356521606,0.0,0.0,0.0
2790,-2.967432975769043,1,0.12092912197113037,0.0,0.0,0.0
2791,-2.191843032836914,1,0.27398037910461426,0.0,0.0,0.0
2792,-1.3360352516174316,1,0.16700440645217896,0.0,0.0,0.0
2793,-0.8504791259765625,1,0.10630989074707031,0.0,0.0,0.0
2794,-0.39693117141723633,1,0.04961639642715454,0.0,0.0,0.0
2795,-3.0,1,0.206792950630188,0.0,0.0,0.0
2796,-2.2985951900482178,1,0.03732439875602722,0.0,0.0,0.0
2797,-0.8090384006500244,1,0.10112980008125305,0.0,0.0,0.0
2798,-1.0966949462890625,1,0.1370868682861328,0.0,0.0,0.0
2799,1.8796477317810059,1,0.015044033527374268,1.0,0.0,0.0
2800,-2.5404961109161377,1,0.06756201386451721,0.0,0.0,0.0
2801,-1575.257244348526,1265,0.1007096428644987,0.1422924901185771,0.0,0.0
2802,-0.8545792102813721,1,0.10682240128517151,0.0,0.0,0.0
2803,-0.18956756591796875,1,0.023695945739746094,1.0,0.0,0.0
2804,-1.9711618423461914,1,0.24639523029327393,0.0,0.0,0.0
2805,-0.04474997520446777,1,0.005593746900558472,1.0,0.0,0.0
2806,-1.190438985824585,1,0.14880487322807312,0.0,0.0,0.0
2807,-2.840993642807007,1,0.10512420535087585,0.0,0.0,0.0
2808,-0.8496785163879395,1,0.10620981454849243,0.0,0.0,0.0
2809,-0.5153365135192871,1,0.06441706418991089,0.0,0.0,0.0
2810,-1.0151498317718506,1,0.12689372897148132,0.0,0.0,0.0
2811,-0.37667059898376465,1,0.04708382487297058,0.0,0.0,0.0
2812,-1.2740530967712402,1,0.15925663709640503,0.0,0.0,0.0
2813,-1.7304964065551758,1,0.21631205081939697,0.0,0.0,0.0
2814,-2.6800811290740967,1,0.08501014113426208,0.0,0.0,0.0
2815,-2.6347529888153076,1,0.07934412360191345,0.0,0.0,0.0
2816,-3.0,1,0.19215798377990723,0.0,0.0,0.0
2817,-1455.1298117637634,1265,0.0984725439972557,0.20711462450592885,0.0,0.0
2818,-0.5445749759674072,1,0.0680718719959259,0.0,0.0,0.0
2819,-0.9213039875030518,1,0.11516299843788147,0.0,0.0,0.0
2820,-2.616009473800659,1,0.0770011842250824,0.0,0.0,0.0
2821,1.9338080883026123,1,0.008273988962173462,1.0,0.0,0.0
2822,-2.558774948120117,1,0.06984686851501465,0.0,0.0,0.0
2823,-1.0110831260681152,1,0.1263853907585144,0.0,0.0,0.0
2824,-0.9989008903503418,1,0.12486261129379272,0.0,0.0,0.0
2825,-3.0,1,0.21803808212280273,0.0,0.0,0.0
2826,-3.0,1,0.14660155773162842,0.0,0.0,0.0
2827,-2.301753044128418,1,0.037719130516052246,0.0,0.0,0.0
2828,-2.134773015975952,1,0.266846626996994,0.0,0.0,0.0
2829,1.8853282928466797,1,0.014333963394165039,1.0,0.0,0.0
2830,1.908609390258789,1,0.011423826217651367,1.0,0.0,0.0
2831,1.8692200183868408,1,0.016347497701644897,1.0,0.0,0.0
2832,-2.313896656036377,1,0.03923708200454712,0.0,0.0,0.0
2833,-1541.7997176647186,1265,0.09051010912586106,0.11304347826086956,0.0,0.0
2834,-1.2560124397277832,1,0.1570015549659729,0.0,0.0,0.0
2835,-0.37826037406921387,1,0.04728254675865173,0.0,0.0,0.0
2836,-0.45047521591186523,1,0.056309401988983154,0.0,0.0,0.0
2837,-2.4954423904418945,1,0.061930298805236816,0.0,0.0,0.0
2838,-0.6714680194854736,1,0.0839335024356842,0.0,0.0,0.0
2839,-0.8029756546020508,1,0.10037195682525635,0.0,0.0,0.0
2840,-1.979517936706543,1,0.24743974208831787,0.0,0.0,0.0
2841,-0.8774127960205078,1,0.10967659950256348,0.0,0.0,0.0
2842,-0.9881422519683838,1,0.12351778149604797,0.0,0.0,0.0
2843,-0.5541033744812012,1,0.06926292181015015,0.0,0.0,0.0
2844,-2.515808582305908,1,0.06447607278823853,0.0,0.0,0.0
2845,-0.3095707893371582,1,0.038696348667144775,0.0,0.0,0.0
2846,-0.3908724784851074,1,0.04885905981063843,0.0,0.0,0.0
2847,-0.8281397819519043,1,0.10351747274398804,0.0,0.0,0.0
2848,-2.8758811950683594,1,0.10948514938354492,0.0,0.0,0.0
2849,-1322.6778399944305,1265,0.10089372363486308,0.19288537549407114,0.0,0.0
2850,-0.5514874458312988,1,0.06893593072891235,0.0,0.0,0.0
2851,-2.5905697345733643,1,0.07382121682167053,0.0,0.0,0.0
2852,1.8617808818817139,1,0.017277389764785767,1.0,0.0,0.0
2853,-0.12128686904907227,1,0.015160858631134033,1.0,0.0,0.0
2854,-2.2561795711517334,1,0.032022446393966675,0.0,0.0,0.0
2855,-0.7887825965881348,1,0.09859782457351685,0.0,0.0,0.0
2856,-0.6906206607818604,1,0.08632758259773254,0.0,0.0,0.0
2857,-1.8516921997070312,1,0.2314615249633789,0.0,0.0,0.0
2858,-2.269465208053589,1,0.03368315100669861,0.0,0.0,0.0
2859,1.7957675457000732,1,0.025529056787490845,1.0,0.0,0.0
2860,-0.07248878479003906,1,0.009061098098754883,1.0,0.0,0.0
2861,-0.24255657196044922,1,0.030319571495056152,0.0,0.0,0.0
2862,-2.6404531002044678,1,0.08005663752555847,0.0,0.0,0.0
2863,-1.8443424701690674,1,0.23054280877113342,0.0,0.0,0.0
2864,-0.7090029716491699,1,0.08862537145614624,0.0,0.0,0.0
2865,-1228.928768157959,1265,0.09547946848888171,0.22371541501976286,0.0,0.0
2866,-0.834092378616333,1,0.10426154732704163,0.0,0.0,0.0
2867,-3.0,1,0.1989375650882721,0.0,0.0,0.0
2868,-0.42419910430908203,1,0.053024888038635254,0.0,0.0,0.0
2869,-1.3977553844451904,1,0.1747194230556488,0.0,0.0,0.0
2870,-2.710137128829956,1,0.0887671411037445,0.0,0.0,0.0
2871,-2.0810511112213135,1,0.2601313889026642,0.0,0.0,0.0
2872,-1.2237770557403564,1,0.15297213196754456,0.0,0.0,0.0
2873,-0.06431150436401367,1,0.008038938045501709,1.0,0.0,0.0
2874,-0.9741740226745605,1,0.12177175283432007,0.0,0.0,0.0
2875,-1.6775751113891602,1,0.20969688892364502,0.0,0.0,0.0
2876,1.8330774307250977,1,0.020865321159362793,1.0,0.0,0.0
2877,1.8751721382141113,1,0.015603482723236084,1.0,0.0,0.0
2878,-2.82585072517395,1,0.10323134064674377,0.0,0.0,0.0
2879,-0.3969740867614746,1,0.049621760845184326,0.0,0.0,0.0
2880,-0.5762450695037842,1,0.07203063368797302,0.0,0.0,0.0
2881,-1783.7782561779022,1265,0.0822368255245827,0.1399209486166008,0.0,0.0
2882,-2.7999587059020996,1,0.09999483823776245,0.0,0.0,0.0
2883,-0.0727548599243164,1,0.00909435749053955,1.0,0.0,0.0
2884,-1.2655928134918213,1,0.15819910168647766,0.0,0.0,0.0
2885,-2.32877779006958,1,0.04109722375869751,0.0,0.0,0.0
2886,-0.9571921825408936,1,0.1196490228176117,0.0,0.0,0.0
2887,-3.0,1,0.15857648849487305,0.0,0.0,0.0
2888,-2.852750539779663,1,0.10659381747245789,0.0,0.0,0.0
2889,-2.7564074993133545,1,0.09455093741416931,0.0,0.0,0.0
2890,-2.813542127609253,1,0.10169276595115662,0.0,0.0,0.0
2891,-2.764730930328369,1,0.09559136629104614,0.0,0.0,0.0
2892,-0.9047491550445557,1,0.11309364438056946,0.0,0.0,0.0
2893,-0.38447093963623047,1,0.04805886745452881,0.0,0.0,0.0
2894,-3.0,1,0.14152950048446655,0.0,0.0,0.0
2895,-0.5311694145202637,1,0.06639617681503296,0.0,0.0,0.0
2896,-2.940706253051758,1,0.11758828163146973,0.0,0.0,0.0
2897,-1421.5561318397522,1265,0.09052728303807527,0.15019762845849802,0.0,0.0
2898,1.8465404510498047,1,0.019182443618774414,1.0,0.0,0.0
2899,-2.4590792655944824,1,0.0573849081993103,0.0,0.0,0.0
2900,-2.1139514446258545,1,0.2642439305782318,0.0,0.0,0.0
2901,-0.0131988525390625,1,0.0016498565673828125,1.0,0.0,0.0
2902,-3.0,1,0.12871110439300537,0.0,0.0,0.0
2903,-0.5519495010375977,1,0.06899368762969971,0.0,0.0,0.0
2904,-0.5675911903381348,1,0.07094889879226685,0.0,0.0,0.0
2905,-1.0885887145996094,1,0.13607358932495117,0.0,0.0,0.0
2906,1.7767915725708008,1,0.027901053428649902,1.0,0.0,0.0
2907,-2.676085948944092,1,0.08451074361801147,0.0,0.0,0.0
2908,-2.5177407264709473,1,0.06471759080886841,0.0,0.0,0.0
2909,1.9899239540100098,1,0.0012595057487487793,1.0,0.0,0.0
2910,-3.0,1,0.1261691451072693,0.0,0.0,0.0
2911,-2.8128747940063477,1,0.10160934925079346,0.0,0.0,0.0
2912,-1.8025565147399902,1,0.22531956434249878,0.0,0.0,0.0
2913,-1229.203727722168,1265,0.07858296825951738,0.1984189723320158,0.0,0.0
2914,-2.4041125774383545,1,0.05051407217979431,0.0,0.0,0.0
2915,-3.0,1,0.14514374732971191,0.0,0.0,0.0
2916,-0.39893198013305664,1,0.04986649751663208,0.0,0.0,0.0
2917,-2.554429769515991,1,0.0693037211894989,0.0,0.0,0.0
2918,-2.2915782928466797,1,0.03644728660583496,0.0,0.0,0.0
2919,-2.7388064861297607,1,0.09235081076622009,0.0,0.0,0.0
2920,-1.6786870956420898,1,0.20983588695526123,0.0,0.0,0.0
2921,-1.5101590156555176,1,0.1887698769569397,0.0,0.0,0.0
2922,-0.13932514190673828,1,0.017415642738342285,1.0,0.0,0.0
2923,-0.3389573097229004,1,0.04236966371536255,0.0,0.0,0.0
2924,-2.326779842376709,1,0.04084748029708862,0.0,0.0,0.0
2925,-2.915120840072632,1,0.11439010500907898,0.0,0.0,0.0
2926,-0.44697999954223633,1,0.05587249994277954,0.0,0.0,0.0
2927,-2.704498529434204,1,0.08806231617927551,0.0,0.0,0.0
2928,-2.688995122909546,1,0.08612439036369324,0.0,0.0,0.0
2929,-1168.2043888568878,1265,0.09398320232455439,0.2798418972332016,0.0,0.0
2930,-0.7875967025756836,1,0.09844958782196045,0.0,0.0,0.0
2931,-3.0,1,0.1377314031124115,0.0,0.0,0.0
2932,-2.931445598602295,1,0.11643069982528687,0.0,0.0,0.0
2933,-3.0,1,0.15179389715194702,0.0,0.0,0.0
2934,-0.7025237083435059,1,0.08781546354293823,0.0,0.0,0.0
2935,-1.6690168380737305,1,0.2086271047592163,0.0,0.0,0.0
2936,-2.832263946533203,1,0.10403299331665039,0.0,0.0,0.0
2937,1.859978199005127,1,0.01750272512435913,1.0,0.0,0.0
2938,1.8645234107971191,1,0.016934573650360107,1.0,0.0,0.0
2939,-3.0,1,0.1608148217201233,0.0,0.0,0.0
2940,1.8893182277679443,1,0.013835221529006958,1.0,0.0,0.0
2941,-3.0,1,0.1616969108581543,0.0,0.0,0.0
2942,1.7656135559082031,1,0.02929830551147461,1.0,0.0,0.0
2943,-0.027773141860961914,1,0.0034716427326202393,1.0,0.0,0.0
2944,1.8125245571136475,1,0.023434430360794067,1.0,0.0,0.0
2945,-1521.7424321174622,1265,0.10604919760594726,0.12806324110671938,0.0,0.0
2946,-1.2491440773010254,1,0.15614300966262817,0.0,0.0,0.0
2947,1.7937490940093994,1,0.025781363248825073,1.0,0.0,0.0
2948,-1.1576201915740967,1,0.14470252394676208,0.0,0.0,0.0
2949,-2.9241809844970703,1,0.11552262306213379,0.0,0.0,0.0
2950,-2.2763373851776123,1,0.03454217314720154,0.0,0.0,0.0
2951,-1.015078067779541,1,0.12688475847244263,0.0,0.0,0.0
2952,-1.0135366916656494,1,0.12669208645820618,0.0,0.0,0.0
2953,1.821176528930664,1,0.022352933883666992,1.0,0.0,0.0
2954,-3.0,1,0.15664127469062805,0.0,0.0,0.0
2955,-0.34604406356811523,1,0.043255507946014404,0.0,0.0,0.0
2956,-2.480560064315796,1,0.3100700080394745,0.0,0.0,0.0
2957,-2.084416627883911,1,0.2605520784854889,0.0,0.0,0.0
2958,-3.0,1,0.215288907289505,0.0,0.0,0.0
2959,-2.5787744522094727,1,0.07234680652618408,0.0,0.0,0.0
2960,-3.0,1,0.14375507831573486,0.0,0.0,0.0
2961,-1188.5612120628357,1265,0.08020759354466978,0.2600790513833992,0.0,0.0
2962,-0.3014395236968994,1,0.03767994046211243,0.0,0.0,0.0
2963,-1.1166212558746338,1,0.13957765698432922,0.0,0.0,0.0
2964,-2.892127752304077,1,0.11151596903800964,0.0,0.0,0.0
2965,-1.1240355968475342,1,0.14050444960594177,0.0,0.0,0.0
2966,-0.23862719535827637,1,0.029828399419784546,1.0,0.0,0.0
2967,-2.870626211166382,1,0.10882827639579773,0.0,0.0,0.0
2968,-0.14617156982421875,1,0.018271446228027344,1.0,0.0,0.0
2969,1.8152437210083008,1,0.023094534873962402,1.0,0.0,0.0
2970,-3.0,1,0.15180450677871704,0.0,0.0,0.0
2971,-0.4360506534576416,1,0.0545063316822052,0.0,0.0,0.0
2972,-2.9916934967041016,1,0.1239616870880127,0.0,0.0,0.0
2973,-2.3242995738983154,1,0.29053744673728943,0.0,0.0,0.0
2974,-3.0,1,0.13578608632087708,0.0,0.0,0.0
2975,-0.7436184883117676,1,0.09295231103897095,0.0,0.0,0.0
2976,-0.5216896533966064,1,0.0652112066745758,0.0,0.0,0.0
2977,-1226.0365018844604,1265,0.0967962264307874,0.2339920948616601,0.0,0.0
2978,-1.861252784729004,1,0.2326565980911255,0.0,0.0,0.0
2979,-1.4606990814208984,1,0.1825873851776123,0.0,0.0,0.0
2980,-0.8714559078216553,1,0.10893198847770691,0.0,0.0,0.0
2981,1.7629575729370117,1,0.029630303382873535,1.0,0.0,0.0
2982,-1.6094496250152588,1,0.20118120312690735,0.0,0.0,0.0
2983,-2.1665377616882324,1,0.27081722021102905,0.0,0.0,0.0
2984,-0.5823466777801514,1,0.07279333472251892,0.0,0.0,0.0
2985,-0.9027845859527588,1,0.11284807324409485,0.0,0.0,0.0
2986,-0.21563100814819336,1,0.02695387601852417,1.0,0.0,0.0
2987,1.9380221366882324,1,0.007747232913970947,1.0,0.0,0.0
2988,-1.4816198348999023,1,0.1852024793624878,0.0,0.0,0.0
2989,-2.74267315864563,1,0.09283414483070374,0.0,0.0,0.0
2990,-0.5623588562011719,1,0.07029485702514648,0.0,0.0,0.0
2991,-0.9183378219604492,1,0.11479222774505615,0.0,0.0,0.0
2992,-2.64805006980896,1,0.08100625872612,0.0,0.0,0.0
2993,-1219.0886633396149,1265,0.08200224649764803,0.1865612648221344,0.0,0.0
2994,-1.1761469841003418,1,0.14701837301254272,0.0,0.0,0.0
2995,-0.7438430786132812,1,0.09298038482666016,0.0,0.0,0.0
2996,-2.445502519607544,1,0.305687814950943,0.0,0.0,0.0
2997,-3.0,1,0.27118125557899475,0.0,0.0,0.0
2998,-0.9313461780548096,1,0.1164182722568512,0.0,0.0,0.0
2999,-0.2814493179321289,1,0.03518116474151611,0.0,0.0,0.0
3000,-3.0,1,0.12955236434936523,0.0,0.0,0.0
3001,-0.19606351852416992,1,0.02450793981552124,1.0,0.0,0.0
3002,-0.31317138671875,1,0.03914642333984375,0.0,0.0,0.0
3003,-3.0,1,0.1367788314819336,0.0,0.0,0.0
3004,-0.17873549461364746,1,0.022341936826705933,1.0,0.0,0.0
3005,-0.5039453506469727,1,0.06299316883087158,0.0,0.0,0.0
3006,-2.4069347381591797,1,0.05086684226989746,0.0,0.0,0.0
3007,-0.24409723281860352,1,0.03051215410232544,0.0,0.0,0.0
3008,-0.7690279483795166,1,0.09612849354743958,0.0,0.0,0.0
3009,-1760.2135527133942,1265,0.1093047470678925,0.1241106719367589,0.0,0.0
3010,-2.9101791381835938,1,0.11377239227294922,0.0,0.0,0.0
3011,-2.6321234703063965,1,0.07901543378829956,0.0,0.0,0.0
3012,-2.9815218448638916,1,0.12269023060798645,0.0,0.0,0.0
3013,1.8168585300445557,1,0.022892683744430542,1.0,0.0,0.0
3014,-1.0613317489624023,1,0.1326664686203003,0.0,0.0,0.0
3015,-3.0,1,0.18565550446510315,0.0,0.0,0.0
3016,-0.3270385265350342,1,0.04087981581687927,0.0,0.0,0.0
3017,-2.6791083812713623,1,0.08488854765892029,0.0,0.0,0.0
3018,-2.2795207500457764,1,0.034940093755722046,0.0,0.0,0.0
3019,-0.794532299041748,1,0.0993165373802185,0.0,0.0,0.0
3020,-3.0,1,0.2208394706249237,0.0,0.0,0.0
3021,1.9194202423095703,1,0.010072469711303711,1.0,0.0,0.0
3022,-0.32246875762939453,1,0.040308594703674316,0.0,0.0,0.0
3023,-0.06835746765136719,1,0.008544683456420898,1.0,0.0,0.0
3024,-3.0,1,0.15464740991592407,0.0,0.0,0.0
3025,-1553.7967915534973,1265,0.09849816466508647,0.1565217391304348,0.0,0.0
3026,-2.0657756328582764,1,0.25822195410728455,0.0,0.0,0.0
3027,-0.4158194065093994,1,0.05197742581367493,0.0,0.0,0.0
3028,-3.0,1,0.17344409227371216,0.0,0.0,0.0
3029,-2.3241543769836426,1,0.04051929712295532,0.0,0.0,0.0
3030,-1.034224033355713,1,0.1292780041694641,0.0,0.0,0.0
3031,1.9671788215637207,1,0.004102647304534912,1.0,0.0,0.0
3032,-0.32448554039001465,1,0.04056069254875183,0.0,0.0,0.0
3033,-0.43367505073547363,1,0.054209381341934204,0.0,0.0,0.0
3034,1.8857731819152832,1,0.0142783522605896,1.0,0.0,0.0
3035,-0.14193439483642578,1,0.017741799354553223,1.0,0.0,0.0
3036,-0.7692356109619141,1,0.09615445137023926,0.0,0.0,0.0
3037,-1.1544957160949707,1,0.14431196451187134,0.0,0.0,0.0
3038,1.7765998840332031,1,0.02792501449584961,1.0,0.0,0.0
3039,-0.11614799499511719,1,0.014518499374389648,1.0,0.0,0.0
3040,-0.948683500289917,1,0.11858543753623962,0.0,0.0,0.0
3041,-1449.5871095657349,1265,0.09708448558927996,0.1984189723320158,0.0,0.0
3042,-2.9013514518737793,1,0.11266893148422241,0.0,0.0,0.0
3043,-2.872836112976074,1,0.10910451412200928,0.0,0.0,0.0
3044,-0.6996786594390869,1,0.08745983242988586,0.0,0.0,0.0
3045,-1.1485953330993652,1,0.14357441663742065,0.0,0.0,0.0
3046,-3.0,1,0.19566482305526733,0.0,0.0,0.0
3047,-3.0,1,0.22914531826972961,0.0,0.0,0.0
3048,-3.0,1,0.1907014548778534,0.0,0.0,0.0
3049,1.7996463775634766,1,0.02504420280456543,1.0,0.0,0.0
3050,-2.7054519653320312,1,0.0881814956665039,0.0,0.0,0.0
3051,-0.4971942901611328,1,0.0621492862701416,0.0,0.0,0.0
3052,1.8136608600616455,1,0.02329239249229431,1.0,0.0,0.0
3053,-0.8023898601531982,1,0.10029873251914978,0.0,0.0,0.0
3054,1.7697255611419678,1,0.02878430485725403,1.0,0.0,0.0
3055,-2.3861498832702637,1,0.04826873540878296,0.0,0.0,0.0
3056,-0.857703685760498,1,0.10721296072006226,0.0,0.0,0.0
3057,-1503.5849542617798,1265,0.10216631710293736,0.1565217391304348,0.0,0.0
3058,-0.3418605327606201,1,0.042732566595077515,0.0,0.0,0.0
3059,-2.6092400550842285,1,0.07615500688552856,0.0,0.0,0.0
3060,1.8617496490478516,1,0.017281293869018555,1.0,0.0,0.0
3061,-3.0,1,0.17381757497787476,0.0,0.0,0.0
3062,-2.560509443283081,1,0.07006368041038513,0.0,0.0,0.0
3063,-2.558006763458252,1,0.0697508454322815,0.0,0.0,0.0
3064,-2.5203440189361572,1,0.06504300236701965,0.0,0.0,0.0
3065,-0.3482968807220459,1,0.04353711009025574,0.0,0.0,0.0
3066,-0.22606563568115234,1,0.028258204460144043,1.0,0.0,0.0
3067,1.7945728302001953,1,0.025678396224975586,1.0,0.0,0.0
3068,-1.8278834819793701,1,0.22848543524742126,0.0,0.0,0.0
3069,-0.671703577041626,1,0.08396294713020325,0.0,0.0,0.0
3070,-0.730863094329834,1,0.09135788679122925,0.0,0.0,0.0
3071,1.9604148864746094,1,0.004948139190673828,1.0,0.0,0.0
3072,-0.44344639778137207,1,0.05543079972267151,0.0,0.0,0.0
3073,-1559.7922344207764,1265,0.09794549880762816,0.13359683794466404,0.0,0.0
3074,-1.4293763637542725,1,0.17867204546928406,0.0,0.0,0.0
3075,-0.3353080749511719,1,0.041913509368896484,0.0,0.0,0.0
3076,-0.6189131736755371,1,0.07736414670944214,0.0,0.0,0.0
3077,-2.6621527671813965,1,0.08276909589767456,0.0,0.0,0.0
3078,-0.8954653739929199,1,0.11193317174911499,0.0,0.0,0.0
3079,-3.0,1,0.17527982592582703,0.0,0.0,0.0
3080,1.8443446159362793,1,0.019456923007965088,1.0,0.0,0.0
3081,-1.0134925842285156,1,0.12668657302856445,0.0,0.0,0.0
3082,-0.6974084377288818,1,0.08717605471611023,0.0,0.0,0.0
3083,-0.3125474452972412,1,0.03906843066215515,0.0,0.0,0.0
3084,-0.12959671020507812,1,0.016199588775634766,1.0,0.0,0.0
3085,-0.7791306972503662,1,0.09739133715629578,0.0,0.0,0.0
3086,-0.9344713687896729,1,0.1168089210987091,0.0,0.0,0.0
3087,1.8436474800109863,1,0.01954406499862671,1.0,0.0,0.0
3088,-1.697242021560669,1,0.21215525269508362,0.0,0.0,0.0
3089,-1583.0607550144196,1265,0.10398728687301455,0.13122529644268774,0.0,0.0
3090,1.8111789226531982,1,0.02360263466835022,1.0,0.0,0.0
3091,-0.6232540607452393,1,0.07790675759315491,0.0,0.0,0.0
3092,-1.3083560466766357,1,0.16354450583457947,0.0,0.0,0.0
3093,-0.7126822471618652,1,0.08908528089523315,0.0,0.0,0.0
3094,-0.16747593879699707,1,0.020934492349624634,1.0,0.0,0.0
3095,-0.3518247604370117,1,0.043978095054626465,0.0,0.0,0.0
3096,-1.0943922996520996,1,0.13679903745651245,0.0,0.0,0.0
3097,-3.0,1,0.14650887250900269,0.0,0.0,0.0
3098,-2.240206241607666,1,0.030025780200958252,0.0,0.0,0.0
3099,1.8950119018554688,1,0.013123512268066406,1.0,0.0,0.0
3100,-3.0,1,0.13559997081756592,0.0,0.0,0.0
3101,-2.935983657836914,1,0.11699795722961426,0.0,0.0,0.0
3102,-1.1582655906677246,1,0.14478319883346558,0.0,0.0,0.0
3103,-0.5439040660858154,1,0.06798800826072693,0.0,0.0,0.0
3104,-3.0,1,0.13392141461372375,0.0,0.0,0.0
3105,-1201.6575083732605,1265,0.10190974669494177,0.2671936758893281,0.0,0.0
3106,-2.8370566368103027,1,0.10463207960128784,0.0,0.0,0.0
3107,1.8192062377929688,1,0.022599220275878906,1.0,0.0,0.0
3108,1.8534159660339355,1,0.018323004245758057,1.0,0.0,0.0
3109,-1.88466215133667,1,0.23558276891708374,0.0,0.0,0.0
3110,1.9136314392089844,1,0.010796070098876953,1.0,0.0,0.0
3111,-0.9188227653503418,1,0.11485284566879272,0.0,0.0,0.0
3112,-2.5354533195495605,1,0.06693166494369507,0.0,0.0,0.0
3113,-3.0,1,0.13921010494232178,0.0,0.0,0.0
3114,-3.0,1,0.17333859205245972,0.0,0.0,0.0
3115,-0.4415438175201416,1,0.0551929771900177,0.0,0.0,0.0
3116,-0.3336615562438965,1,0.04170769453048706,0.0,0.0,0.0
3117,-0.2790999412536621,1,0.034887492656707764,0.0,0.0,0.0
3118,-0.5937223434448242,1,0.07421529293060303,0.0,0.0,0.0
3119,-0.20434308052062988,1,0.025542885065078735,1.0,0.0,0.0
3120,-0.6529121398925781,1,0.08161401748657227,0.0,0.0,0.0
3121,-1679.479454755783,1265,0.0953207872130654,0.16363636363636364,0.0,0.0
3122,-0.9120926856994629,1,0.11401158571243286,0.0,0.0,0.0
3123,1.9653360843658447,1,0.004332989454269409,1.0,0.0,0.0
3124,-3.0,1,0.13994336128234863,0.0,0.0,0.0
3125,-2.91880464553833,1,0.11485058069229126,0.0,0.0,0.0
3126,-0.06306982040405273,1,0.007883727550506592,1.0,0.0,0.0
3127,-0.052262067794799805,1,0.006532758474349976,1.0,0.0,0.0
3128,-1.3937876224517822,1,0.17422345280647278,0.0,0.0,0.0
3129,-1.5795295238494873,1,0.1974411904811859,0.0,0.0,0.0
3130,-0.24443697929382324,1,0.030554622411727905,0.0,0.0,0.0
3131,-2.555241584777832,1,0.069405198097229,0.0,0.0,0.0
3132,-2.371532440185547,1,0.04644155502319336,0.0,0.0,0.0
3133,-1.1272382736206055,1,0.14090478420257568,0.0,0.0,0.0
3134,-2.5716054439544678,1,0.07145068049430847,0.0,0.0,0.0
3135,-3.0,1,0.1493043303489685,0.0,0.0,0.0
3136,-0.18155837059020996,1,0.022694796323776245,1.0,0.0,0.0
3137,-1772.624768257141,1265,0.10150872631506487,0.11541501976284585,0.0,0.0
3138,-2.6244709491729736,1,0.0780588686466217,0.0,0.0,0.0
3139,-0.29579639434814453,1,0.036974549293518066,0.0,0.0,0.0
3140,-2.4543662071228027,1,0.05679577589035034,0.0,0.0,0.0
3141,-2.4168524742126465,1,0.05210655927658081,0.0,0.0,0.0
3142,-0.35973310470581055,1,0.04496663808822632,0.0,0.0,0.0
3143,-0.17014026641845703,1,0.02126753330230713,1.0,0.0,0.0
3144,-0.651853084564209,1,0.08148163557052612,0.0,0.0,0.0
3145,-1.2285847663879395,1,0.15357309579849243,0.0,0.0,0.0
3146,-3.0,1,0.16398677229881287,0.0,0.0,0.0
3147,-0.8653323650360107,1,0.10816654562950134,0.0,0.0,0.0
3148,-1.5451545715332031,1,0.1931443214416504,0.0,0.0,0.0
3149,-1.2475731372833252,1,0.15594664216041565,0.0,0.0,0.0
3150,-2.705040216445923,1,0.08813002705574036,0.0,0.0,0.0
3151,-0.9415316581726074,1,0.11769145727157593,0.0,0.0,0.0
3152,-0.5050747394561768,1,0.0631343424320221,0.0,0.0,0.0
3153,-1847.5850143432617,1265,0.10877164519822645,0.09802371541501977,0.0,0.0
3154,-0.40704774856567383,1,0.05088096857070923,0.0,0.0,0.0
3155,-0.16027355194091797,1,0.020034193992614746,1.0,0.0,0.0
3156,-0.7096924781799316,1,0.08871155977249146,0.0,0.0,0.0
3157,-0.05212831497192383,1,0.0065160393714904785,1.0,0.0,0.0
3158,-2.7356057167053223,1,0.09195071458816528,0.0,0.0,0.0
3159,-3.0,1,0.14114415645599365,0.0,0.0,0.0
3160,-3.0,1,0.15534180402755737,0.0,0.0,0.0
3161,-0.39356565475463867,1,0.049195706844329834,0.0,0.0,0.0
3162,-0.05614423751831055,1,0.007018029689788818,1.0,0.0,0.0
3163,-1.085158348083496,1,0.135644793510437,0.0,0.0,0.0
3164,-2.6864025592803955,1,0.08580031991004944,0.0,0.0,0.0
3165,-3.0,1,0.1256181001663208,0.0,0.0,0.0
3166,-0.4273827075958252,1,0.05342283844947815,0.0,0.0,0.0
3167,-0.6080648899078369,1,0.07600811123847961,0.0,0.0,0.0
3168,-0.47126150131225586,1,0.05890768766403198,0.0,0.0,0.0
3169,-1554.921784877777,1265,0.0970905513867088,0.12964426877470356,0.0,0.0
3170,1.842736005783081,1,0.019657999277114868,1.0,0.0,0.0
3171,-0.9934782981872559,1,0.12418478727340698,0.0,0.0,0.0
3172,-0.2679710388183594,1,0.03349637985229492,0.0,0.0,0.0
3173,-0.38486719131469727,1,0.04810839891433716,0.0,0.0,0.0
3174,-2.5158603191375732,1,0.06448253989219666,0.0,0.0,0.0
3175,-0.38799333572387695,1,0.04849916696548462,0.0,0.0,0.0
3176,-2.332515239715576,1,0.04156440496444702,0.0,0.0,0.0
3177,-1.1211214065551758,1,0.14014017581939697,0.0,0.0,0.0
3178,-3.0,1,0.15530124306678772,0.0,0.0,0.0
3179,-2.2420382499694824,1,0.030254781246185303,0.0,0.0,0.0
3180,-0.4150965213775635,1,0.051887065172195435,0.0,0.0,0.0
3181,-2.484846353530884,1,0.060605794191360474,0.0,0.0,0.0
3182,-2.7428765296936035,1,0.09285956621170044,0.0,0.0,0.0
3183,1.8286566734313965,1,0.02141791582107544,1.0,0.0,0.0
3184,-2.9536356925964355,1,0.11920446157455444,0.0,0.0,0.0
3185,-1440.6750695705414,1265,0.08291225044623665,0.1826086956521739,0.0,0.0
3186,-1.7718682289123535,1,0.2214835286140442,0.0,0.0,0.0
3187,-2.3378758430480957,1,0.04223448038101196,0.0,0.0,0.0
3188,-0.6298608779907227,1,0.07873260974884033,0.0,0.0,0.0
3189,-2.932910203933716,1,0.11661377549171448,0.0,0.0,0.0
3190,1.8006987571716309,1,0.024912655353546143,1.0,0.0,0.0
3191,-3.0,1,0.14173036813735962,0.0,0.0,0.0
3192,-0.3847196102142334,1,0.048089951276779175,0.0,0.0,0.0
3193,1.8968970775604248,1,0.0128878653049469,1.0,0.0,0.0
3194,-3.0,1,0.13588115572929382,0.0,0.0,0.0
3195,-3.0,1,0.13322094082832336,0.0,0.0,0.0
3196,1.9660964012145996,1,0.004237949848175049,1.0,0.0,0.0
3197,-0.4130852222442627,1,0.05163565278053284,0.0,0.0,0.0
3198,-2.581129789352417,1,0.07264122366905212,0.0,0.0,0.0
3199,-0.11268496513366699,1,0.014085620641708374,1.0,0.0,0.0
3200,-2.9725799560546875,1,0.12157249450683594,0.0,0.0,0.0
3201,-1816.2181305885315,1265,0.11869054719393432,0.10988142292490119,0.0,0.0
3202,-1.0251760482788086,1,0.12814700603485107,0.0,0.0,0.0
3203,-1.9693429470062256,1,0.2461678683757782,0.0,0.0,0.0
3204,-0.5828342437744141,1,0.07285428047180176,0.0,0.0,0.0
3205,-2.486879825592041,1,0.06085997819900513,0.0,0.0,0.0
3206,-0.13039302825927734,1,0.016299128532409668,1.0,0.0,0.0
3207,-2.5707807540893555,1,0.07134759426116943,0.0,0.0,0.0
3208,-1.7009055614471436,1,0.21261319518089294,0.0,0.0,0.0
3209,-0.9025053977966309,1,0.11281317472457886,0.0,0.0,0.0
3210,-1.6196281909942627,1,0.20245352387428284,0.0,0.0,0.0
3211,-2.8377954959869385,1,0.10472443699836731,0.0,0.0,0.0
3212,-1.341918706893921,1,0.1677398383617401,0.0,0.0,0.0
3213,-2.771730422973633,1,0.0964663028717041,0.0,0.0,0.0
3214,-0.3537907600402832,1,0.0442238450050354,0.0,0.0,0.0
3215,-3.0,1,0.23609015345573425,0.0,0.0,0.0
3216,-0.3637406826019287,1,0.04546758532524109,0.0,0.0,0.0
3217,-1720.8824801445007,1265,0.11825264181073004,0.14466403162055336,0.0,0.0
3218,-2.795419931411743,1,0.0994274914264679,0.0,0.0,0.0
3219,-2.7153663635253906,1,0.08942079544067383,0.0,0.0,0.0
3220,-3.0,1,0.1274312138557434,0.0,0.0,0.0
3221,-0.3885068893432617,1,0.048563361167907715,0.0,0.0,0.0
3222,-2.5472917556762695,1,0.06841146945953369,0.0,0.0,0.0
3223,-0.2825913429260254,1,0.035323917865753174,0.0,0.0,0.0
3224,-2.7703161239624023,1,0.09628951549530029,0.0,0.0,0.0
3225,-2.490710735321045,1,0.061338841915130615,0.0,0.0,0.0
3226,-0.47795891761779785,1,0.05974486470222473,0.0,0.0,0.0
3227,1.9105165004730225,1,0.011185437440872192,1.0,0.0,0.0
3228,-1.6772024631500244,1,0.20965030789375305,0.0,0.0,0.0
3229,-1.016690731048584,1,0.127086341381073,0.0,0.0,0.0
3230,-2.785515308380127,1,0.09818941354751587,0.0,0.0,0.0
3231,-1.048142671585083,1,0.13101783394813538,0.0,0.0,0.0
3232,-2.2837839126586914,1,0.035472989082336426,0.0,0.0,0.0
3233,-1303.1848402023315,1265,0.08031044519937086,0.2316205533596838,0.0,0.0
3234,-0.10253477096557617,1,0.012816846370697021,1.0,0.0,0.0
3235,-3.0,1,0.12502378225326538,0.0,0.0,0.0
3236,-2.983876943588257,1,0.1229846179485321,0.0,0.0,0.0
3237,1.8735454082489014,1,0.01580682396888733,1.0,0.0,0.0
3238,-0.7017579078674316,1,0.08771973848342896,0.0,0.0,0.0
3239,-2.2999258041381836,1,0.03749072551727295,0.0,0.0,0.0
3240,-0.41817474365234375,1,0.05227184295654297,0.0,0.0,0.0
3241,-2.3882968425750732,1,0.048537105321884155,0.0,0.0,0.0
3242,-2.9864420890808105,1,0.12330526113510132,0.0,0.0,0.0
3243,-0.29106760025024414,1,0.03638345003128052,0.0,0.0,0.0
3244,1.9601750373840332,1,0.00497812032699585,1.0,0.0,0.0
3245,1.8336141109466553,1,0.02079823613166809,1.0,0.0,0.0
3246,-1.7488725185394287,1,0.2186090648174286,0.0,0.0,0.0
3247,-3.0,1,0.12599128484725952,0.0,0.0,0.0
3248,-0.052637338638305664,1,0.006579667329788208,1.0,0.0,0.0
3249,-1473.4529058933258,1265,0.10430850525618542,0.16126482213438736,0.0,0.0
3250,1.886488914489746,1,0.014188885688781738,1.0,0.0,0.0
3251,-2.1959786415100098,1,0.2744973301887512,0.0,0.0,0.0
3252,-0.9393777847290039,1,0.11742222309112549,0.0,0.0,0.0
3253,-1.3381049633026123,1,0.16726312041282654,0.0,0.0,0.0
3254,-0.30484580993652344,1,0.03810572624206543,0.0,0.0,0.0
3255,-3.0,1,0.1437622308731079,0.0,0.0,0.0
3256,1.883516788482666,1,0.014560401439666748,1.0,0.0,0.0
3257,-1.7775228023529053,1,0.22219035029411316,0.0,0.0,0.0
3258,-2.84531307220459,1,0.10566413402557373,0.0,0.0,0.0
3259,1.960303544998169,1,0.004962056875228882,1.0,0.0,0.0
3260,-0.4741816520690918,1,0.059272706508636475,0.0,0.0,0.0
3261,-2.770634651184082,1,0.09632933139801025,0.0,0.0,0.0
3262,-1.1888766288757324,1,0.14860957860946655,0.0,0.0,0.0
3263,-0.6581192016601562,1,0.08226490020751953,0.0,0.0,0.0
3264,-2.19240403175354,1,0.2740505039691925,0.0,0.0,0.0
3265,-1501.4921851158142,1265,0.11210930891658949,0.1992094861660079,0.0,0.0
3266,-0.6992943286895752,1,0.0874117910861969,0.0,0.0,0.0
3267,1.8683900833129883,1,0.016451239585876465,1.0,0.0,0.0
3268,-0.6671352386474609,1,0.08339190483093262,0.0,0.0,0.0
3269,-0.7179608345031738,1,0.08974510431289673,0.0,0.0,0.0
3270,-0.46194982528686523,1,0.057743728160858154,0.0,0.0,0.0
3271,-1.3683457374572754,1,0.17104321718215942,0.0,0.0,0.0
3272,-2.324709892272949,1,0.04058873653411865,0.0,0.0,0.0
3273,-0.29110097885131836,1,0.036387622356414795,0.0,0.0,0.0
3274,-0.48455166816711426,1,0.06056895852088928,0.0,0.0,0.0
3275,-0.7405533790588379,1,0.09256917238235474,0.0,0.0,0.0
3276,1.995455265045166,1,0.000568091869354248,1.0,0.0,0.0
3277,-2.5696945190429688,1,0.0712118148803711,0.0,0.0,0.0
3278,-3.0,1,0.16946366429328918,0.0,0.0,0.0
3279,-2.1741437911987305,1,0.2717679738998413,0.0,0.0,0.0
3280,-0.8192126750946045,1,0.10240158438682556,0.0,0.0,0.0
3281,-1509.3743522167206,1265,0.12382666492179449,0.15019762845849802,0.0,0.0
3282,-1.0879979133605957,1,0.13599973917007446,0.0,0.0,0.0
3283,-1.2483508586883545,1,0.1560438573360443,0.0,0.0,0.0
3284,-2.99975323677063,1,0.12496915459632874,0.0,0.0,0.0
3285,1.8849873542785645,1,0.014376580715179443,1.0,0.0,0.0
3286,-0.8298876285552979,1,0.10373595356941223,0.0,0.0,0.0
3287,-0.967085599899292,1,0.1208856999874115,0.0,0.0,0.0
3288,-0.11915373802185059,1,0.014894217252731323,1.0,0.0,0.0
3289,1.813575267791748,1,0.023303091526031494,1.0,0.0,0.0
3290,-1.7877006530761719,1,0.22346258163452148,0.0,0.0,0.0
3291,-1.7638990879058838,1,0.22048738598823547,0.0,0.0,0.0
3292,-3.0,1,0.13238245248794556,0.0,0.0,0.0
3293,-3.0,1,0.15586987137794495,0.0,0.0,0.0
3294,-0.7873163223266602,1,0.09841454029083252,0.0,0.0,0.0
3295,-0.6395182609558105,1,0.07993978261947632,0.0,0.0,0.0
3296,-1.5673465728759766,1,0.19591832160949707,0.0,0.0,0.0
3297,-1421.6230165958405,1265,0.08560758065800422,0.16679841897233202,0.0,0.0
3298,-0.8515207767486572,1,0.10644009709358215,0.0,0.0,0.0
3299,-3.0,1,0.13171154260635376,0.0,0.0,0.0
3300,-3.0,1,0.15816044807434082,0.0,0.0,0.0
3301,-3.0,1,0.1690235137939453,0.0,0.0,0.0
3302,-3.0,1,0.2718946635723114,0.0,0.0,0.0
3303,-0.3247709274291992,1,0.0405963659286499,0.0,0.0,0.0
3304,-0.2530982494354248,1,0.0316372811794281,0.0,0.0,0.0
3305,-2.4001028537750244,1,0.05001285672187805,0.0,0.0,0.0
3306,-2.6007184982299805,1,0.07508981227874756,0.0,0.0,0.0
3307,-0.4160003662109375,1,0.05200004577636719,0.0,0.0,0.0
3308,-0.30445122718811035,1,0.038056403398513794,0.0,0.0,0.0
3309,-0.9739408493041992,1,0.1217426061630249,0.0,0.0,0.0
3310,1.940824031829834,1,0.007396996021270752,1.0,0.0,0.0
3311,-0.048123836517333984,1,0.006015479564666748,1.0,0.0,0.0
3312,1.8162860870361328,1,0.0229642391204834,1.0,0.0,0.0
3313,-1811.9920823574066,1265,0.12782057347033807,0.10513833992094862,0.0,0.0
3314,-1.5505914688110352,1,0.1938239336013794,0.0,0.0,0.0
3315,-1.122781753540039,1,0.14034771919250488,0.0,0.0,0.0
3316,-0.16420984268188477,1,0.020526230335235596,1.0,0.0,0.0
3317,1.9286983013153076,1,0.008912712335586548,1.0,0.0,0.0
3318,-0.2907867431640625,1,0.03634834289550781,0.0,0.0,0.0
3319,-0.8821408748626709,1,0.11026760935783386,0.0,0.0,0.0
3320,-0.08186221122741699,1,0.010232776403427124,1.0,0.0,0.0
3321,-1.3867430686950684,1,0.17334288358688354,0.0,0.0,0.0
3322,-1.3632543087005615,1,0.1704067885875702,0.0,0.0,0.0
3323,-3.0,1,0.1394214630126953,0.0,0.0,0.0
3324,-3.0,1,0.15266674757003784,0.0,0.0,0.0
3325,-3.0,1,0.12640637159347534,0.0,0.0,0.0
3326,-3.0,1,0.12974923849105835,0.0,0.0,0.0
3327,-0.8876829147338867,1,0.11096036434173584,0.0,0.0,0.0
3328,-0.44136786460876465,1,0.05517098307609558,0.0,0.0,0.0
3329,-1510.447151184082,1265,0.0933487725823293,0.2466403162055336,0.0,0.0
3330,-0.9318315982818604,1,0.11647894978523254,0.0,0.0,0.0
3331,-3.0,1,0.25132104754447937,0.0,0.0,0.0
3332,-1.6355741024017334,1,0.20444676280021667,0.0,0.0,0.0
3333,-1.1012473106384277,1,0.13765591382980347,0.0,0.0,0.0
3334,-2.256734848022461,1,0.03209185600280762,0.0,0.0,0.0
3335,1.9915101528167725,1,0.0010612308979034424,1.0,0.0,0.0
3336,-0.07002091407775879,1,0.008752614259719849,1.0,0.0,0.0
3337,-0.34816837310791016,1,0.04352104663848877,0.0,0.0,0.0
3338,-2.2613677978515625,1,0.2826709747314453,0.0,0.0,0.0
3339,-1.5303754806518555,1,0.19129693508148193,0.0,0.0,0.0
3340,-0.4824073314666748,1,0.06030091643333435,0.0,0.0,0.0
3341,-2.862211227416992,1,0.10777640342712402,0.0,0.0,0.0
3342,-0.1576390266418457,1,0.019704878330230713,1.0,0.0,0.0
3343,-2.8038432598114014,1,0.10048040747642517,0.0,0.0,0.0
3344,-0.5450019836425781,1,0.06812524795532227,0.0,0.0,0.0
3345,-1725.7252011299133,1265,0.1053321348348625,0.10039525691699605,0.0,0.0
3346,-3.0,1,0.13730072975158691,0.0,0.0,0.0
3347,-1.0393397808074951,1,0.1299174726009369,0.0,0.0,0.0
3348,-1.5362424850463867,1,0.19203031063079834,0.0,0.0,0.0
3349,-2.8667430877685547,1,0.10834288597106934,0.0,0.0,0.0
3350,-0.8093483448028564,1,0.10116854310035706,0.0,0.0,0.0
3351,-0.2541656494140625,1,0.03177070617675781,0.0,0.0,0.0
3352,-3.0,1,0.14568716287612915,0.0,0.0,0.0
3353,-1.041480541229248,1,0.130185067653656,0.0,0.0,0.0
3354,-0.044539451599121094,1,0.005567431449890137,1.0,0.0,0.0
3355,-0.49561262130737305,1,0.06195157766342163,0.0,0.0,0.0
3356,1.840635061264038,1,0.01992061734199524,1.0,0.0,0.0
3357,-2.2873387336730957,1,0.03591734170913696,0.0,0.0,0.0
3358,-3.0,1,0.13741108775138855,0.0,0.0,0.0
3359,-2.920811653137207,1,0.11510145664215088,0.0,0.0,0.0
3360,-2.416463613510132,1,0.05205795168876648,0.0,0.0,0.0
3361,-1841.913901090622,1265,0.11716772105854019,0.11699604743083004,0.0,0.0
3362,-2.381040334701538,1,0.04763004183769226,0.0,0.0,0.0
3363,-3.0,1,0.21187534928321838,0.0,0.0,0.0
3364,-1.7243661880493164,1,0.21554577350616455,0.0,0.0,0.0
3365,-3.0,1,0.14622288942337036,0.0,0.0,0.0
3366,-0.6341161727905273,1,0.07926452159881592,0.0,0.0,0.0
3367,-0.8739721775054932,1,0.10924652218818665,0.0,0.0,0.0
3368,-0.26079463958740234,1,0.03259932994842529,0.0,0.0,0.0
3369,-3.0,1,0.13799631595611572,0.0,0.0,0.0
3370,-0.7876734733581543,1,0.09845918416976929,0.0,0.0,0.0
3371,-1.4262218475341797,1,0.17827773094177246,0.0,0.0,0.0
3372,-2.9433767795562744,1,0.1179220974445343,0.0,0.0,0.0
3373,-0.2574887275695801,1,0.03218609094619751,0.0,0.0,0.0
3374,-0.007862091064453125,1,0.0009827613830566406,1.0,0.0,0.0
3375,-0.7565171718597412,1,0.09456464648246765,0.0,0.0,0.0
3376,-0.6398875713348389,1,0.07998594641685486,0.0,0.0,0.0
3377,-1328.5686612129211,1265,0.09706204868116869,0.2007905138339921,0.0,0.0
3378,1.966675043106079,1,0.004165619611740112,1.0,0.0,0.0
3379,-2.491051197052002,1,0.061381399631500244,0.0,0.0,0.0
3380,1.9263310432434082,1,0.009208619594573975,1.0,0.0,0.0
3381,-0.6692886352539062,1,0.08366107940673828,0.0,0.0,0.0
3382,-2.4039113521575928,1,0.3004889190196991,0.0,0.0,0.0
3383,-0.4273712635040283,1,0.05342140793800354,0.0,0.0,0.0
3384,-0.6295981407165527,1,0.07869976758956909,0.0,0.0,0.0
3385,-1.0768251419067383,1,0.13460314273834229,0.0,0.0,0.0
3386,-1.0289428234100342,1,0.12861785292625427,0.0,0.0,0.0
3387,-2.4249749183654785,1,0.053121864795684814,0.0,0.0,0.0
3388,-1.9075849056243896,1,0.2384481132030487,0.0,0.0,0.0
3389,1.9634099006652832,1,0.0045737624168396,1.0,0.0,0.0
3390,-3.0,1,0.12536045908927917,0.0,0.0,0.0
3391,-2.356316566467285,1,0.044539570808410645,0.0,0.0,0.0
3392,1.967045783996582,1,0.004119277000427246,1.0,0.0,0.0
3393,-1390.094868183136,1265,0.10592490210834699,0.23873517786561266,0.0,0.0
3394,-0.15742969512939453,1,0.019678711891174316,1.0,0.0,0.0
3395,-1.4487595558166504,1,0.1810949444770813,0.0,0.0,0.0
3396,-2.6250216960906982,1,0.07812771201133728,0.0,0.0,0.0
3397,-3.0,1,0.1255006194114685,0.0,0.0,0.0
3398,1.8931820392608643,1,0.013352245092391968,1.0,0.0,0.0
3399,-2.4899561405181885,1,0.06124451756477356,0.0,0.0,0.0
3400,-1.2620606422424316,1,0.15775758028030396,0.0,0.0,0.0
3401,1.87833833694458,1,0.01520770788192749,1.0,0.0,0.0
3402,1.8010902404785156,1,0.024863719940185547,1.0,0.0,0.0
3403,-2.2406563758850098,1,0.2800820469856262,0.0,0.0,0.0
3404,-2.549006462097168,1,0.068625807762146,0.0,0.0,0.0
3405,-0.1742100715637207,1,0.021776258945465088,1.0,0.0,0.0
3406,1.8543157577514648,1,0.018210530281066895,1.0,0.0,0.0
3407,-1.324404001235962,1,0.16555050015449524,0.0,0.0,0.0
3408,-1.3115735054016113,1,0.16394668817520142,0.0,0.0,0.0
3409,-1340.8250720500946,1265,0.1109627594118533,0.19446640316205532,0.0,0.0
3410,-2.4625115394592285,1,0.057813942432403564,0.0,0.0,0.0
3411,-1.4351789951324463,1,0.1793973743915558,0.0,0.0,0.0
3412,1.9997401237487793,1,3.248453140258789e-05,1.0,0.0,0.0
3413,-0.050351858139038086,1,0.006293982267379761,1.0,0.0,0.0
3414,-3.0,1,0.14186301827430725,0.0,0.0,0.0
3415,-0.23824787139892578,1,0.029780983924865723,1.0,0.0,0.0
3416,-3.0,1,0.29599466919898987,0.0,0.0,0.0
3417,-3.0,1,0.14258575439453125,0.0,0.0,0.0
3418,1.9748096466064453,1,0.003148794174194336,1.0,0.0,0.0
3419,-3.0,1,0.12544748187065125,0.0,0.0,0.0
3420,-0.4774441719055176,1,0.0596805214881897,0.0,0.0,0.0
3421,-0.3668334484100342,1,0.04585418105125427,0.0,0.0,0.0
3422,-0.27891063690185547,1,0.034863829612731934,0.0,0.0,0.0
3423,-2.5070276260375977,1,0.06337845325469971,0.0,0.0,0.0
3424,-1.578110694885254,1,0.19726383686065674,0.0,0.0,0.0
3425,-1462.1595950126648,1265,0.10218341833517956,0.18498023715415018,0.0,0.0
3426,-1.7616181373596191,1,0.2202022671699524,0.0,0.0,0.0
3427,-3.0,1,0.26178061962127686,0.0,0.0,0.0
3428,-0.4184854030609131,1,0.052310675382614136,0.0,0.0,0.0
3429,-0.28595471382141113,1,0.03574433922767639,0.0,0.0,0.0
3430,-1.3831334114074707,1,0.17289167642593384,0.0,0.0,0.0
3431,1.894836664199829,1,0.013145416975021362,1.0,0.0,0.0
3432,-3.0,1,0.18123078346252441,0.0,0.0,0.0
3433,1.8898859024047852,1,0.013764262199401855,1.0,0.0,0.0
3434,-3.0,1,0.1655583679676056,0.0,0.0,0.0
3435,-0.919675350189209,1,0.11495941877365112,0.0,0.0,0.0
3436,-1.952613353729248,1,0.244076669216156,0.0,0.0,0.0
3437,-3.0,1,0.12757810950279236,0.0,0.0,0.0
3438,1.9986097812652588,1,0.00017377734184265137,1.0,0.0,0.0
3439,-2.5374460220336914,1,0.06718075275421143,0.0,0.0,0.0
3440,-0.8527727127075195,1,0.10659658908843994,0.0,0.0,0.0
3441,-1215.241618156433,1265,0.09389003119449842,0.2940711462450593,0.0,0.0
3442,-1.4437239170074463,1,0.1804654896259308,0.0,0.0,0.0
3443,-0.39453697204589844,1,0.049317121505737305,0.0,0.0,0.0
3444,-1.278278112411499,1,0.15978476405143738,0.0,0.0,0.0
3445,-2.3977363109588623,1,0.04971703886985779,0.0,0.0,0.0
3446,-2.9290692806243896,1,0.1161336600780487,0.0,0.0,0.0
3447,-0.8002109527587891,1,0.10002636909484863,0.0,0.0,0.0
3448,-2.119166135787964,1,0.2648957669734955,0.0,0.0,0.0
3449,-3.0,1,0.14441275596618652,0.0,0.0,0.0
3450,-0.33678221702575684,1,0.042097777128219604,0.0,0.0,0.0
3451,1.9826149940490723,1,0.002173125743865967,1.0,0.0,0.0
3452,-2.615591049194336,1,0.07694888114929199,0.0,0.0,0.0
3453,-2.4754765033721924,1,0.05943456292152405,0.0,0.0,0.0
3454,-2.385760545730591,1,0.29822006821632385,0.0,0.0,0.0
3455,1.8077125549316406,1,0.024035930633544922,1.0,0.0,0.0
3456,-2.381573438644409,1,0.04769667983055115,0.0,0.0,0.0
3457,-1215.1792347431183,1265,0.09581260763609362,0.23715415019762845,0.0,0.0
3458,1.8321294784545898,1,0.02098381519317627,1.0,0.0,0.0
3459,-0.6681437492370605,1,0.08351796865463257,0.0,0.0,0.0
3460,-0.1720294952392578,1,0.021503686904907227,1.0,0.0,0.0
3461,-2.4024014472961426,1,0.05030018091201782,0.0,0.0,0.0
3462,-0.9021968841552734,1,0.11277461051940918,0.0,0.0,0.0
3463,-1.51039719581604,1,0.188799649477005,0.0,0.0,0.0
3464,-0.6814429759979248,1,0.0851803719997406,0.0,0.0,0.0
3465,-3.0,1,0.15271654725074768,0.0,0.0,0.0
3466,1.866502285003662,1,0.016687214374542236,1.0,0.0,0.0
3467,-0.45093250274658203,1,0.056366562843322754,0.0,0.0,0.0
3468,-0.6934065818786621,1,0.08667582273483276,0.0,0.0,0.0
3469,-0.768151044845581,1,0.09601888060569763,0.0,0.0,0.0
3470,1.800353765487671,1,0.024955779314041138,1.0,0.0,0.0
3471,-3.0,1,0.1392412781715393,0.0,0.0,0.0
3472,-0.25590038299560547,1,0.031987547874450684,0.0,0.0,0.0
3473,-1472.273773908615,1265,0.10472924476084502,0.16126482213438736,0.0,0.0
3474,-0.2516472339630127,1,0.03145590424537659,0.0,0.0,0.0
3475,-2.338778018951416,1,0.292347252368927,0.0,0.0,0.0
3476,-0.5057933330535889,1,0.06322416663169861,0.0,0.0,0.0
3477,-1.9221243858337402,1,0.24026554822921753,0.0,0.0,0.0
3478,1.779189109802246,1,0.02760136127471924,1.0,0.0,0.0
3479,-0.05121159553527832,1,0.00640144944190979,1.0,0.0,0.0
3480,1.8718781471252441,1,0.016015231609344482,1.0,0.0,0.0
3481,-1.2009856700897217,1,0.1501232087612152,0.0,0.0,0.0
3482,-2.3886475563049316,1,0.048580944538116455,0.0,0.0,0.0
3483,-1.8714690208435059,1,0.23393362760543823,0.0,0.0,0.0
3484,-0.5460662841796875,1,0.06825828552246094,0.0,0.0,0.0
3485,-0.9806108474731445,1,0.12257635593414307,0.0,0.0,0.0
3486,-1.241994857788086,1,0.15524935722351074,0.0,0.0,0.0
3487,-0.3853583335876465,1,0.04816979169845581,0.0,0.0,0.0
3488,-2.4946274757385254,1,0.061828434467315674,0.0,0.0,0.0
3489,-1442.3521747589111,1265,0.09731285963133861,0.20632411067193676,0.0,0.0
3490,-1.2667884826660156,1,0.15834856033325195,0.0,0.0,0.0
3491,-1.286823034286499,1,0.16085287928581238,0.0,0.0,0.0
3492,-1.086921215057373,1,0.13586515188217163,0.0,0.0,0.0
3493,-0.9696049690246582,1,0.12120062112808228,0.0,0.0,0.0
3494,-0.04907417297363281,1,0.0061342716217041016,1.0,0.0,0.0
3495,-0.9516844749450684,1,0.11896055936813354,0.0,0.0,0.0
3496,-2.6865954399108887,1,0.08582442998886108,0.0,0.0,0.0
3497,-2.7504384517669678,1,0.09380480647087097,0.0,0.0,0.0
3498,-2.3008832931518555,1,0.037610411643981934,0.0,0.0,0.0
3499,-0.043972015380859375,1,0.005496501922607422,1.0,0.0,0.0
3500,-0.6914315223693848,1,0.0864289402961731,0.0,0.0,0.0
3501,-1.1141011714935303,1,0.13926264643669128,0.0,0.0,0.0
3502,-0.30953550338745117,1,0.038691937923431396,0.0,0.0,0.0
3503,1.774345874786377,1,0.02820676565170288,1.0,0.0,0.0
3504,-2.905803680419922,1,0.11322546005249023,0.0,0.0,0.0
3505,-1728.0308389663696,1265,0.09620248925073345,0.19130434782608696,0.0,0.0
3506,-3.0,1,0.21589332818984985,0.0,0.0,0.0
3507,-3.0,1,0.2568303942680359,0.0,0.0,0.0
3508,-0.22306323051452637,1,0.027882903814315796,1.0,0.0,0.0
3509,-1.4518828392028809,1,0.1814853549003601,0.0,0.0,0.0
3510,-0.0544581413269043,1,0.006807267665863037,1.0,0.0,0.0
3511,-2.0193750858306885,1,0.25242188572883606,0.0,0.0,0.0
3512,-0.10528039932250977,1,0.01316004991531372,1.0,0.0,0.0
3513,-2.5623700618743896,1,0.0702962577342987,0.0,0.0,0.0
3514,1.8602359294891357,1,0.017470508813858032,1.0,0.0,0.0
3515,-0.408907413482666,1,0.05111342668533325,0.0,0.0,0.0
3516,-2.552936553955078,1,0.06911706924438477,0.0,0.0,0.0
3517,-3.0,1,0.13162702322006226,0.0,0.0,0.0
3518,-2.918361186981201,1,0.11479514837265015,0.0,0.0,0.0
3519,-0.22664093971252441,1,0.028330117464065552,1.0,0.0,0.0
3520,-3.0,1,0.2219230830669403,0.0,0.0,0.0
3521,-1614.6463651657104,1265,0.11939987771124708,0.10909090909090909,0.0,0.0
3522,-0.7455532550811768,1,0.0931941568851471,0.0,0.0,0.0
3523,-1.7046375274658203,1,0.21307969093322754,0.0,0.0,0.0
3524,-0.35929250717163086,1,0.04491156339645386,0.0,0.0,0.0
3525,-0.26445913314819336,1,0.03305739164352417,0.0,0.0,0.0
3526,-0.8338594436645508,1,0.10423243045806885,0.0,0.0,0.0
3527,-2.040330648422241,1,0.25504133105278015,0.0,0.0,0.0
3528,-0.7838854789733887,1,0.09798568487167358,0.0,0.0,0.0
3529,-0.4007246494293213,1,0.05009058117866516,0.0,0.0,0.0
3530,-1.4471333026885986,1,0.18089166283607483,0.0,0.0,0.0
3531,-2.5328691005706787,1,0.06660863757133484,0.0,0.0,0.0
3532,-0.2890481948852539,1,0.03613102436065674,0.0,0.0,0.0
3533,-0.5949127674102783,1,0.07436409592628479,0.0,0.0,0.0
3534,-0.9265680313110352,1,0.1158210039138794,0.0,0.0,0.0
3535,-0.8157224655151367,1,0.10196530818939209,0.0,0.0,0.0
3536,1.9437317848205566,1,0.00703352689743042,1.0,0.0,0.0
3537,-1181.429351568222,1265,0.0896545384241187,0.2189723320158103,0.0,0.0
3538,-0.16847681999206543,1,0.02105960249900818,1.0,0.0,0.0
3539,-1.5569674968719482,1,0.19462093710899353,0.0,0.0,0.0
3540,-2.692291736602783,1,0.0865364670753479,0.0,0.0,0.0
3541,-0.5255050659179688,1,0.0656881332397461,0.0,0.0,0.0
3542,-0.05606985092163086,1,0.007008731365203857,1.0,0.0,0.0
3543,-3.0,1,0.15324941277503967,0.0,0.0,0.0
3544,-0.24428725242614746,1,0.030535906553268433,0.0,0.0,0.0
3545,-0.8188502788543701,1,0.10235628485679626,0.0,0.0,0.0
3546,-0.8791515827178955,1,0.10989394783973694,0.0,0.0,0.0
3547,-2.5551180839538574,1,0.06938976049423218,0.0,0.0,0.0
3548,-0.023677349090576172,1,0.0029596686363220215,1.0,0.0,0.0
3549,-0.9435653686523438,1,0.11794567108154297,0.0,0.0,0.0
3550,1.812833547592163,1,0.023395806550979614,1.0,0.0,0.0
3551,-2.016873598098755,1,0.25210919976234436,0.0,0.0,0.0
3552,-0.37761545181274414,1,0.04720193147659302,0.0,0.0,0.0
3553,-1814.3125295639038,1265,0.12022644366200262,0.08774703557312254,0.0,0.0
3554,-1.442821741104126,1,0.18035271763801575,0.0,0.0,0.0
3555,-1.2913053035736084,1,0.16141316294670105,0.0,0.0,0.0
3556,-0.5431420803070068,1,0.06789276003837585,0.0,0.0,0.0
3557,-0.47040653228759766,1,0.05880081653594971,0.0,0.0,0.0
3558,-2.6175379753112793,1,0.07719224691390991,0.0,0.0,0.0
3559,-2.0045249462127686,1,0.25056561827659607,0.0,0.0,0.0
3560,-1.8050479888916016,1,0.2256309986114502,0.0,0.0,0.0
3561,-2.8972065448760986,1,0.11215081810951233,0.0,0.0,0.0
3562,1.938621997833252,1,0.007672250270843506,1.0,0.0,0.0
3563,-1.2490246295928955,1,0.15612807869911194,0.0,0.0,0.0
3564,-0.4010019302368164,1,0.05012524127960205,0.0,0.0,0.0
3565,-1.17311429977417,1,0.14663928747177124,0.0,0.0,0.0
3566,-1.5341732501983643,1,0.19177165627479553,0.0,0.0,0.0
3567,-0.7666263580322266,1,0.09582829475402832,0.0,0.0,0.0
3568,-0.3866853713989258,1,0.04833567142486572,0.0,0.0,0.0
3569,-1747.3427803516388,1265,0.10982756631176463,0.1509881422924901,0.0,0.0
3570,-2.2441771030426025,1,0.030522137880325317,0.0,0.0,0.0
3571,-3.0,1,0.16323164105415344,0.0,0.0,0.0
3572,-1.0855307579040527,1,0.1356913447380066,0.0,0.0,0.0
3573,-0.8918302059173584,1,0.1114787757396698,0.0,0.0,0.0
3574,-2.815269708633423,1,0.10190871357917786,0.0,0.0,0.0
3575,-1.1326136589050293,1,0.14157670736312866,0.0,0.0,0.0
3576,-2.3373773097991943,1,0.2921721637248993,0.0,0.0,0.0
3577,-0.23018693923950195,1,0.028773367404937744,1.0,0.0,0.0
3578,-2.9235503673553467,1,0.11544379591941833,0.0,0.0,0.0
3579,-0.2809333801269531,1,0.03511667251586914,0.0,0.0,0.0
3580,1.8379030227661133,1,0.02026212215423584,1.0,0.0,0.0
3581,-1.4318983554840088,1,0.1789872944355011,0.0,0.0,0.0
3582,1.888338565826416,1,0.013957679271697998,1.0,0.0,0.0
3583,-0.8106541633605957,1,0.10133177042007446,0.0,0.0,0.0
3584,-3.0,1,0.16376304626464844,0.0,0.0,0.0
3585,-1116.544445991516,1265,0.0946963697789686,0.25217391304347825,0.0,0.0
3586,-0.12807941436767578,1,0.016009926795959473,1.0,0.0,0.0
3587,1.9923100471496582,1,0.0009612441062927246,1.0,0.0,0.0
3588,1.9057645797729492,1,0.011779427528381348,1.0,0.0,0.0
3589,-2.408940315246582,1,0.30111753940582275,0.0,0.0,0.0
3590,-1.1100859642028809,1,0.1387607455253601,0.0,0.0,0.0
3591,1.8486692905426025,1,0.018916338682174683,1.0,0.0,0.0
3592,-0.15718650817871094,1,0.019648313522338867,1.0,0.0,0.0
3593,-0.39122748374938965,1,0.048903435468673706,0.0,0.0,0.0
3594,-0.05593442916870117,1,0.0069918036460876465,1.0,0.0,0.0
3595,-2.7069756984710693,1,0.08837196230888367,0.0,0.0,0.0
3596,-1.6384596824645996,1,0.20480746030807495,0.0,0.0,0.0
3597,-1.5232141017913818,1,0.19040176272392273,0.0,0.0,0.0
3598,-0.8997070789337158,1,0.11246338486671448,0.0,0.0,0.0
3599,-0.41509103775024414,1,0.05188637971878052,0.0,0.0,0.0
3600,-0.013411521911621094,1,0.0016764402389526367,1.0,0.0,0.0
3601,-1364.0656406879425,1265,0.09850104651432263,0.18498023715415018,0.0,0.0
3602,-1.1008691787719727,1,0.13760864734649658,0.0,0.0,0.0
3603,-0.937589168548584,1,0.117198646068573,0.0,0.0,0.0
3604,-1.3142049312591553,1,0.1642756164073944,0.0,0.0,0.0
3605,1.8686866760253906,1,0.016414165496826172,1.0,0.0,0.0
3606,-1.3926210403442383,1,0.17407763004302979,0.0,0.0,0.0
3607,1.9329414367675781,1,0.008382320404052734,1.0,0.0,0.0
3608,-0.63889479637146,1,0.0798618495464325,0.0,0.0,0.0
3609,-3.0,1,0.13577187061309814,0.0,0.0,0.0
3610,1.7655301094055176,1,0.029308736324310303,1.0,0.0,0.0
3611,1.766336441040039,1,0.029207944869995117,1.0,0.0,0.0
3612,-1.6545851230621338,1,0.20682314038276672,0.0,0.0,0.0
3613,-2.8628718852996826,1,0.10785898566246033,0.0,0.0,0.0
3614,-2.6671245098114014,1,0.08339056372642517,0.0,0.0,0.0
3615,-3.0,1,0.23413169384002686,0.0,0.0,0.0
3616,-0.6826450824737549,1,0.08533063530921936,0.0,0.0,0.0
3617,-1581.0826787948608,1265,0.09528693229313424,0.14308300395256918,0.0,0.0
3618,-0.35356855392456055,1,0.04419606924057007,0.0,0.0,0.0
3619,-3.0,1,0.16245657205581665,0.0,0.0,0.0
3620,-3.0,1,0.13008907437324524,0.0,0.0,0.0
3621,1.9668879508972168,1,0.0041390061378479,1.0,0.0,0.0
3622,-0.880746603012085,1,0.11009332537651062,0.0,0.0,0.0
3623,-3.0,1,0.21744248270988464,0.0,0.0,0.0
3624,-1.028615951538086,1,0.12857699394226074,0.0,0.0,0.0
3625,-3.0,1,0.2182934284210205,0.0,0.0,0.0
3626,-0.1768474578857422,1,0.022105932235717773,1.0,0.0,0.0
3627,-0.4300074577331543,1,0.05375093221664429,0.0,0.0,0.0
3628,-2.368217945098877,1,0.04602724313735962,0.0,0.0,0.0
3629,-1.0326430797576904,1,0.1290803849697113,0.0,0.0,0.0
3630,-0.38309335708618164,1,0.047886669635772705,0.0,0.0,0.0
3631,-0.1360321044921875,1,0.017004013061523438,1.0,0.0,0.0
3632,-2.407541513442993,1,0.050942689180374146,0.0,0.0,0.0
3633,-1750.8091733455658,1265,0.10545193279684768,0.12015810276679842,0.0,0.0
3634,-1.35614013671875,1,0.16951751708984375,0.0,0.0,0.0
3635,-1.180537462234497,1,0.14756718277931213,0.0,0.0,0.0
3636,-1.3732380867004395,1,0.17165476083755493,0.0,0.0,0.0
3637,-0.24672508239746094,1,0.030840635299682617,0.0,0.0,0.0
3638,-2.9565019607543945,1,0.11956274509429932,0.0,0.0,0.0
3639,-1.082144021987915,1,0.13526800274848938,0.0,0.0,0.0
3640,-0.08577299118041992,1,0.01072162389755249,1.0,0.0,0.0
3641,-0.25223398208618164,1,0.031529247760772705,0.0,0.0,0.0
3642,-2.927699089050293,1,0.11596238613128662,0.0,0.0,0.0
3643,-0.536304235458374,1,0.06703802943229675,0.0,0.0,0.0
3644,-1.7079412937164307,1,0.21349266171455383,0.0,0.0,0.0
3645,-1.6958551406860352,1,0.2119818925857544,0.0,0.0,0.0
3646,-0.6754603385925293,1,0.08443254232406616,0.0,0.0,0.0
3647,-2.3103976249694824,1,0.0387997031211853,0.0,0.0,0.0
3648,-0.30976343154907227,1,0.03872042894363403,0.0,0.0,0.0
3649,-1535.2590494155884,1265,0.09217174340613746,0.183399209486166,0.0,0.0
3650,-2.480894088745117,1,0.06011176109313965,0.0,0.0,0.0
3651,1.7824561595916748,1,0.02719298005104065,1.0,0.0,0.0
3652,-2.679950714111328,1,0.08499383926391602,0.0,0.0,0.0
3653,-0.7333056926727295,1,0.09166321158409119,0.0,0.0,0.0
3654,-2.5764567852020264,1,0.0720570981502533,0.0,0.0,0.0
3655,-3.0,1,0.12601304054260254,0.0,0.0,0.0
3656,-1.1328284740447998,1,0.14160355925559998,0.0,0.0,0.0
3657,-2.8138110637664795,1,0.10172638297080994,0.0,0.0,0.0
3658,-0.7052476406097412,1,0.08815595507621765,0.0,0.0,0.0
3659,-3.0,1,0.17638224363327026,0.0,0.0,0.0
3660,-1.1506855487823486,1,0.14383569359779358,0.0,0.0,0.0
3661,1.9542248249053955,1,0.0057218968868255615,1.0,0.0,0.0
3662,-0.12597942352294922,1,0.015747427940368652,1.0,0.0,0.0
3663,-0.02143549919128418,1,0.0026794373989105225,1.0,0.0,0.0
3664,-2.8776726722717285,1,0.10970908403396606,0.0,0.0,0.0
3665,-1543.141040802002,1265,0.10460135222894872,0.19446640316205532,0.0,0.0
3666,1.9720826148986816,1,0.003489673137664795,1.0,0.0,0.0
3667,-1.4759325981140137,1,0.1844915747642517,0.0,0.0,0.0
3668,-1.749025821685791,1,0.21862822771072388,0.0,0.0,0.0
3669,1.8868751525878906,1,0.014140605926513672,1.0,0.0,0.0
3670,-0.6732640266418457,1,0.08415800333023071,0.0,0.0,0.0
3671,-1.0042657852172852,1,0.12553322315216064,0.0,0.0,0.0
3672,-2.3816170692443848,1,0.047702133655548096,0.0,0.0,0.0
3673,-0.5114505290985107,1,0.06393131613731384,0.0,0.0,0.0
3674,-0.7464497089385986,1,0.09330621361732483,0.0,0.0,0.0
3675,-0.3742716312408447,1,0.04678395390510559,0.0,0.0,0.0
3676,-2.6683273315429688,1,0.0835409164428711,0.0,0.0,0.0
3677,-3.0,1,0.13470512628555298,0.0,0.0,0.0
3678,1.9631154537200928,1,0.004610568284988403,1.0,0.0,0.0
3679,-2.271622657775879,1,0.28395283222198486,0.0,0.0,0.0
3680,-3.0,1,0.15504863858222961,0.0,0.0,0.0
3681,-1182.9472663402557,1265,0.09598612502629578,0.183399209486166,0.0,0.0
3682,-1.41245698928833,1,0.17655712366104126,0.0,0.0,0.0
3683,1.8042230606079102,1,0.02447211742401123,1.0,0.0,0.0
3684,-0.322232723236084,1,0.0402790904045105,0.0,0.0,0.0
3685,-2.83546781539917,1,0.10443347692489624,0.0,0.0,0.0
3686,1.7939200401306152,1,0.025759994983673096,1.0,0.0,0.0
3687,-1.9083144664764404,1,0.23853930830955505,0.0,0.0,0.0
3688,-0.6226010322570801,1,0.07782512903213501,0.0,0.0,0.0
3689,-0.86958909034729,1,0.10869863629341125,0.0,0.0,0.0
3690,1.9442269802093506,1,0.006971627473831177,1.0,0.0,0.0
3691,-1.1514060497283936,1,0.1439257562160492,0.0,0.0,0.0
3692,-1.7138960361480713,1,0.2142370045185089,0.0,0.0,0.0
3693,-1.619826316833496,1,0.202478289604187,0.0,0.0,0.0
3694,-0.4570012092590332,1,0.05712515115737915,0.0,0.0,0.0
3695,-2.9238879680633545,1,0.11548599600791931,0.0,0.0,0.0
3696,-3.0,1,0.18851062655448914,0.0,0.0,0.0
3697,-1856.5779819488525,1265,0.09489143931347391,0.09565217391304348,0.0,0.0
3698,-2.8004870414733887,1,0.10006088018417358,0.0,0.0,0.0
3699,-0.12807178497314453,1,0.016008973121643066,1.0,0.0,0.0
3700,-0.49166369438171387,1,0.06145796179771423,0.0,0.0,0.0
3701,-3.0,1,0.14533039927482605,0.0,0.0,0.0
3702,-0.2989330291748047,1,0.037366628646850586,0.0,0.0,0.0
3703,-0.9174578189849854,1,0.11468222737312317,0.0,0.0,0.0
3704,-2.3007378578186035,1,0.03759223222732544,0.0,0.0,0.0
3705,1.9877970218658447,1,0.0015253722667694092,1.0,0.0,0.0
3706,-0.7045092582702637,1,0.08806365728378296,0.0,0.0,0.0
3707,-2.732714891433716,1,0.09158936142921448,0.0,0.0,0.0
3708,-0.2513420581817627,1,0.03141775727272034,0.0,0.0,0.0
3709,-3.0,1,0.1616450548171997,0.0,0.0,0.0
3710,-2.3551130294799805,1,0.04438912868499756,0.0,0.0,0.0
3711,-1.18449068069458,1,0.1480613350868225,0.0,0.0,0.0
3712,-0.09882760047912598,1,0.012353450059890747,1.0,0.0,0.0
3713,-1580.805733203888,1265,0.09838625734502619,0.20395256916996046,0.0,0.0
3714,-0.6134181022644043,1,0.07667726278305054,0.0,0.0,0.0
3715,-2.375948429107666,1,0.04699355363845825,0.0,0.0,0.0
3716,-2.9928793907165527,1,0.12410992383956909,0.0,0.0,0.0
3717,-1.5717761516571045,1,0.19647201895713806,0.0,0.0,0.0
3718,-0.16401386260986328,1,0.02050173282623291,1.0,0.0,0.0
3719,1.9266853332519531,1,0.00916433334350586,1.0,0.0,0.0
3720,-3.0,1,0.22884318232536316,0.0,0.0,0.0
3721,-3.0,1,0.14062979817390442,0.0,0.0,0.0
3722,-1.1856002807617188,1,0.14820003509521484,0.0,0.0,0.0
3723,-0.30307579040527344,1,0.03788447380065918,0.0,0.0,0.0
3724,-0.9110023975372314,1,0.11387529969215393,0.0,0.0,0.0
3725,-0.03260159492492676,1,0.004075199365615845,1.0,0.0,0.0
3726,-0.8503785133361816,1,0.1062973141670227,0.0,0.0,0.0
3727,-2.233621120452881,1,0.2792026400566101,0.0,0.0,0.0
3728,-2.5539608001708984,1,0.0692451000213623,0.0,0.0,0.0
3729,-1570.885771036148,1265,0.10238213522632131,0.18102766798418973,0.0,0.0
3730,-3.0,1,0.2093694508075714,0.0,0.0,0.0
3731,-2.305513381958008,1,0.03818917274475098,0.0,0.0,0.0
3732,-0.37302327156066895,1,0.04662790894508362,0.0,0.0,0.0
3733,-2.6063592433929443,1,0.32579490542411804,0.0,0.0,0.0
3734,-2.3024399280548096,1,0.037804991006851196,0.0,0.0,0.0
3735,-0.8820626735687256,1,0.1102578341960907,0.0,0.0,0.0
3736,-2.4460978507995605,1,0.05576223134994507,0.0,0.0,0.0
3737,-0.8101863861083984,1,0.1012732982635498,0.0,0.0,0.0
3738,-3.0,1,0.16324740648269653,0.0,0.0,0.0
3739,-2.4315288066864014,1,0.05394110083580017,0.0,0.0,0.0
3740,-2.5715599060058594,1,0.07144498825073242,0.0,0.0,0.0
3741,-2.2582616806030273,1,0.03228271007537842,0.0,0.0,0.0
3742,-1.9132306575775146,1,0.23915383219718933,0.0,0.0,0.0
3743,-0.5760564804077148,1,0.07200706005096436,0.0,0.0,0.0
3744,-0.5388684272766113,1,0.06735855340957642,0.0,0.0,0.0
3745,-1385.7537033557892,1265,0.089903032685457,0.1565217391304348,0.0,0.0
3746,-0.6602988243103027,1,0.08253735303878784,0.0,0.0,0.0
3747,-0.46743178367614746,1,0.05842897295951843,0.0,0.0,0.0
3748,-3.0,1,0.1823231279850006,0.0,0.0,0.0
3749,-1.1331870555877686,1,0.14164838194847107,0.0,0.0,0.0
3750,-2.9448723793029785,1,0.11810904741287231,0.0,0.0,0.0
3751,-3.0,1,0.1418859362602234,0.0,0.0,0.0
3752,-2.6574971675872803,1,0.08218714594841003,0.0,0.0,0.0
3753,-3.0,1,0.13263854384422302,0.0,0.0,0.0
3754,-1.2207136154174805,1,0.15258920192718506,0.0,0.0,0.0
3755,1.9183659553527832,1,0.0102042555809021,1.0,0.0,0.0
3756,-2.2489633560180664,1,0.0311204195022583,0.0,0.0,0.0
3757,-0.30730271339416504,1,0.03841283917427063,0.0,0.0,0.0
3758,-0.6422932147979736,1,0.0802866518497467,0.0,0.0,0.0
3759,-0.022975921630859375,1,0.002871990203857422,1.0,0.0,0.0
3760,-0.8045034408569336,1,0.1005629301071167,0.0,0.0,0.0
3761,-561.6946923732758,1265,0.07479498004724856,0.37707509881422924,0.0,0.0
3762,-0.23360013961791992,1,0.02920001745223999,1.0,0.0,0.0
3763,-3.0,1,0.1504688262939453,0.0,0.0,0.0
3764,-2.6600117683410645,1,0.08250147104263306,0.0,0.0,0.0
3765,-0.4791584014892578,1,0.05989480018615723,0.0,0.0,0.0
3766,1.9891362190246582,1,0.0013579726219177246,1.0,0.0,0.0
3767,-3.0,1,0.1299704909324646,0.0,0.0,0.0
3768,-0.14715051651000977,1,0.01839381456375122,1.0,0.0,0.0
3769,1.8755218982696533,1,0.015559762716293335,1.0,0.0,0.0
3770,1.7952096462249756,1,0.025598794221878052,1.0,0.0,0.0
3771,-1.0086960792541504,1,0.1260870099067688,0.0,0.0,0.0
3772,-0.44001197814941406,1,0.05500149726867676,0.0,0.0,0.0
3773,1.8420524597167969,1,0.01974344253540039,1.0,0.0,0.0
3774,-0.39913415908813477,1,0.049891769886016846,0.0,0.0,0.0
3775,-1.6293158531188965,1,0.20366448163986206,0.0,0.0,0.0
3776,1.9148011207580566,1,0.01064985990524292,1.0,0.0,0.0
3777,-1675.343460559845,1265,0.12184749137271535,0.1715415019762846,0.0,0.0
3778,-1.5196518898010254,1,0.18995648622512817,0.0,0.0,0.0
3779,-0.5228629112243652,1,0.06535786390304565,0.0,0.0,0.0
3780,-0.5640146732330322,1,0.07050183415412903,0.0,0.0,0.0
3781,-2.800513744354248,1,0.100064218044281,0.0,0.0,0.0
3782,-0.5356917381286621,1,0.06696146726608276,0.0,0.0,0.0
3783,-0.8382434844970703,1,0.10478043556213379,0.0,0.0,0.0
3784,-2.9910144805908203,1,0.12387681007385254,0.0,0.0,0.0
3785,-2.896437168121338,1,0.11205464601516724,0.0,0.0,0.0
3786,-1.2002124786376953,1,0.15002655982971191,0.0,0.0,0.0
3787,-0.43858861923217773,1,0.05482357740402222,0.0,0.0,0.0
3788,-0.057810068130493164,1,0.0072262585163116455,1.0,0.0,0.0
3789,-3.0,1,0.14811572432518005,0.0,0.0,0.0
3790,-3.0,1,0.2614312171936035,0.0,0.0,0.0
3791,-2.069502592086792,1,0.258687824010849,0.0,0.0,0.0
3792,-0.06838774681091309,1,0.008548468351364136,1.0,0.0,0.0
3793,-1279.43945145607,1265,0.09020223624621455,0.19683794466403162,0.0,0.0
3794,-0.0172271728515625,1,0.0021533966064453125,1.0,0.0,0.0
3795,-1.0835983753204346,1,0.13544979691505432,0.0,0.0,0.0
3796,1.784205675125122,1,0.02697429060935974,1.0,0.0,0.0
3797,-2.974618434906006,1,0.12182730436325073,0.0,0.0,0.0
3798,-0.11934995651245117,1,0.014918744564056396,1.0,0.0,0.0
3799,-2.4726600646972656,1,0.0590825080871582,0.0,0.0,0.0
3800,-0.7043135166168213,1,0.08803918957710266,0.0,0.0,0.0
3801,-1.466892957687378,1,0.18336161971092224,0.0,0.0,0.0
3802,1.858992338180542,1,0.01762595772743225,1.0,0.0,0.0
3803,1.8402693271636963,1,0.019966334104537964,1.0,0.0,0.0
3804,-3.0,1,0.16531574726104736,0.0,0.0,0.0
3805,-0.521296501159668,1,0.0651620626449585,0.0,0.0,0.0
3806,-0.6040875911712646,1,0.07551094889640808,0.0,0.0,0.0
3807,-0.40707969665527344,1,0.05088496208190918,0.0,0.0,0.0
3808,-0.5020442008972168,1,0.0627555251121521,0.0,0.0,0.0
3809,-1398.148644208908,1265,0.10495803023986666,0.20474308300395258,0.0,0.0
3810,-1.8054983615875244,1,0.22568729519844055,0.0,0.0,0.0
3811,-3.0,1,0.1917782723903656,0.0,0.0,0.0
3812,-1.2984724044799805,1,0.16230905055999756,0.0,0.0,0.0
3813,-1.827704668045044,1,0.2284630835056305,0.0,0.0,0.0
3814,-2.8582215309143066,1,0.10727769136428833,0.0,0.0,0.0
3815,-0.7696995735168457,1,0.09621244668960571,0.0,0.0,0.0
3816,-0.9164788722991943,1,0.11455985903739929,0.0,0.0,0.0
3817,1.8804821968078613,1,0.014939725399017334,1.0,0.0,0.0
3818,-0.8124680519104004,1,0.10155850648880005,0.0,0.0,0.0
3819,-3.0,1,0.20834505558013916,0.0,0.0,0.0
3820,-1.2616333961486816,1,0.1577041745185852,0.0,0.0,0.0
3821,-1.3402252197265625,1,0.1675281524658203,0.0,0.0,0.0
3822,-2.9048044681549072,1,0.1131005585193634,0.0,0.0,0.0
3823,-0.9975886344909668,1,0.12469857931137085,0.0,0.0,0.0
3824,-2.6554982662200928,1,0.0819372832775116,0.0,0.0,0.0
3825,-1540.7236201763153,1265,0.11910233686092814,0.14466403162055336,0.0,0.0
3826,-2.517286539077759,1,0.06466081738471985,0.0,0.0,0.0
3827,-1.2040469646453857,1,0.15050587058067322,0.0,0.0,0.0
3828,-3.0,1,0.30379071831703186,0.0,0.0,0.0
3829,1.8990952968597412,1,0.012613087892532349,1.0,0.0,0.0
3830,-1.2954373359680176,1,0.1619296669960022,0.0,0.0,0.0
3831,-2.8265438079833984,1,0.1033179759979248,0.0,0.0,0.0
3832,-1.27720046043396,1,0.159650057554245,0.0,0.0,0.0
3833,-2.0721635818481445,1,0.25902044773101807,0.0,0.0,0.0
3834,-1.991830825805664,1,0.248978853225708,0.0,0.0,0.0
3835,-0.7091350555419922,1,0.08864188194274902,0.0,0.0,0.0
3836,-2.26448917388916,1,0.03306114673614502,0.0,0.0,0.0
3837,-0.7996659278869629,1,0.09995824098587036,0.0,0.0,0.0
3838,1.9545717239379883,1,0.005678534507751465,1.0,0.0,0.0
3839,-1.9690492153167725,1,0.24613115191459656,0.0,0.0,0.0
3840,-0.45128440856933594,1,0.05641055107116699,0.0,0.0,0.0
3841,-1540.9081680774689,1265,0.09708646677228303,0.17865612648221343,0.0,0.0
3842,-1.0797083377838135,1,0.13496354222297668,0.0,0.0,0.0
3843,-2.539198875427246,1,0.06739985942840576,0.0,0.0,0.0
3844,-0.1654062271118164,1,0.02067577838897705,1.0,0.0,0.0
3845,-0.37095189094543457,1,0.04636898636817932,0.0,0.0,0.0
3846,-1.5564279556274414,1,0.19455349445343018,0.0,0.0,0.0
3847,-2.510610580444336,1,0.313826322555542,0.0,0.0,0.0
3848,-0.6195995807647705,1,0.07744994759559631,0.0,0.0,0.0
3849,-1.2805109024047852,1,0.16006386280059814,0.0,0.0,0.0
3850,-0.3638424873352051,1,0.045480310916900635,0.0,0.0,0.0
3851,-2.458750009536743,1,0.057343751192092896,0.0,0.0,0.0
3852,1.9587557315826416,1,0.0051555335521698,1.0,0.0,0.0
3853,-0.14415454864501953,1,0.01801931858062744,1.0,0.0,0.0
3854,-0.999481201171875,1,0.12493515014648438,0.0,0.0,0.0
3855,-0.913001537322998,1,0.11412519216537476,0.0,0.0,0.0
3856,-0.8767733573913574,1,0.10959666967391968,0.0,0.0,0.0
3857,-1433.7136883735657,1265,0.09956034393649799,0.1707509881422925,0.0,0.0
3858,-3.0,1,0.1643122434616089,0.0,0.0,0.0
3859,-1.2285821437835693,1,0.15357276797294617,0.0,0.0,0.0
3860,-0.967606782913208,1,0.120950847864151,0.0,0.0,0.0
3861,-0.8959560394287109,1,0.11199450492858887,0.0,0.0,0.0
3862,-1.3625662326812744,1,0.1703207790851593,0.0,0.0,0.0
3863,-0.12370944023132324,1,0.015463680028915405,1.0,0.0,0.0
3864,-0.5537590980529785,1,0.06921988725662231,0.0,0.0,0.0
3865,-1.5236515998840332,1,0.19045644998550415,0.0,0.0,0.0
3866,-2.3654592037200928,1,0.0456824004650116,0.0,0.0,0.0
3867,-0.573357105255127,1,0.07166963815689087,0.0,0.0,0.0
3868,-0.09431982040405273,1,0.011789977550506592,1.0,0.0,0.0
3869,-2.297839403152466,1,0.03722992539405823,0.0,0.0,0.0
3870,1.7889902591705322,1,0.02637621760368347,1.0,0.0,0.0
3871,-0.681725025177002,1,0.08521562814712524,0.0,0.0,0.0
3872,-0.055551767349243164,1,0.0069439709186553955,1.0,0.0,0.0
3873,-1198.484221458435,1265,0.09945236618810963,0.23952569169960475,0.0,0.0
3874,-0.12082147598266602,1,0.015102684497833252,1.0,0.0,0.0
3875,-1.6431286334991455,1,0.2053910791873932,0.0,0.0,0.0
3876,-0.9571812152862549,1,0.11964765191078186,0.0,0.0,0.0
3877,-3.0,1,0.14915180206298828,0.0,0.0,0.0
3878,-2.600527763366699,1,0.0750659704208374,0.0,0.0,0.0
3879,-2.725238084793091,1,0.09065476059913635,0.0,0.0,0.0
3880,-2.9784889221191406,1,0.12231111526489258,0.0,0.0,0.0
3881,-2.7035717964172363,1,0.08794647455215454,0.0,0.0,0.0
3882,-0.44779300689697266,1,0.05597412586212158,0.0,0.0,0.0
3883,-0.3912191390991211,1,0.04890239238739014,0.0,0.0,0.0
3884,-0.2863788604736328,1,0.0357973575592041,0.0,0.0,0.0
3885,-3.0,1,0.14376896619796753,0.0,0.0,0.0
3886,-1.6732752323150635,1,0.20915940403938293,0.0,0.0,0.0
3887,-0.06789255142211914,1,0.008486568927764893,1.0,0.0,0.0
3888,-0.45555639266967773,1,0.05694454908370972,0.0,0.0,0.0
3889,-1853.8279559612274,1265,0.11482801672969412,0.10434782608695652,0.0,0.0
3890,-1.828216314315796,1,0.2285270392894745,0.0,0.0,0.0
3891,-2.0683040618896484,1,0.25853800773620605,0.0,0.0,0.0
3892,-1.3281159400939941,1,0.16601449251174927,0.0,0.0,0.0
3893,-0.1183786392211914,1,0.014797329902648926,1.0,0.0,0.0
3894,-2.570906639099121,1,0.07136332988739014,0.0,0.0,0.0
3895,-0.766552209854126,1,0.09581902623176575,0.0,0.0,0.0
3896,-2.7228569984436035,1,0.09035712480545044,0.0,0.0,0.0
3897,-1.086782455444336,1,0.135847806930542,0.0,0.0,0.0
3898,-1.662322998046875,1,0.20779037475585938,0.0,0.0,0.0
3899,-1.2774364948272705,1,0.1596795618534088,0.0,0.0,0.0
3900,1.8216724395751953,1,0.022290945053100586,1.0,0.0,0.0
3901,-0.25421810150146484,1,0.031777262687683105,0.0,0.0,0.0
3902,-0.3956899642944336,1,0.0494612455368042,0.0,0.0,0.0
3903,-0.9218342304229736,1,0.1152292788028717,0.0,0.0,0.0
3904,-2.3387410640716553,1,0.04234263300895691,0.0,0.0,0.0
3905,-1284.887751340866,1265,0.08719728428855715,0.19446640316205532,0.0,0.0
3906,-2.511061668395996,1,0.06388270854949951,0.0,0.0,0.0
3907,-3.0,1,0.1378089189529419,0.0,0.0,0.0
3908,-2.326528549194336,1,0.04081606864929199,0.0,0.0,0.0
3909,-1.1395134925842285,1,0.14243918657302856,0.0,0.0,0.0
3910,1.8301689624786377,1,0.021228879690170288,1.0,0.0,0.0
3911,-1.8872008323669434,1,0.23590010404586792,0.0,0.0,0.0
3912,-2.645418167114258,1,0.08067727088928223,0.0,0.0,0.0
3913,-1.484830617904663,1,0.18560382723808289,0.0,0.0,0.0
3914,-0.09657955169677734,1,0.012072443962097168,1.0,0.0,0.0
3915,-0.852243185043335,1,0.10653039813041687,0.0,0.0,0.0
3916,-0.06924152374267578,1,0.008655190467834473,1.0,0.0,0.0
3917,-0.53127121925354,1,0.0664089024066925,0.0,0.0,0.0
3918,-2.2967653274536133,1,0.03709566593170166,0.0,0.0,0.0
3919,-3.0,1,0.14262041449546814,0.0,0.0,0.0
3920,-0.5589914321899414,1,0.06987392902374268,0.0,0.0,0.0
3921,-1543.430142402649,1265,0.10677782073322492,0.1976284584980237,0.0,0.0
3922,-3.0,1,0.1746528148651123,0.0,0.0,0.0
3923,-2.790301561355591,1,0.09878769516944885,0.0,0.0,0.0
3924,-1.6104371547698975,1,0.20130464434623718,0.0,0.0,0.0
3925,-0.2316436767578125,1,0.028955459594726562,1.0,0.0,0.0
3926,-3.0,1,0.1323602795600891,0.0,0.0,0.0
3927,-3.0,1,0.15647122263908386,0.0,0.0,0.0
3928,-1.7656869888305664,1,0.2207108736038208,0.0,0.0,0.0
3929,-0.756568431854248,1,0.094571053981781,0.0,0.0,0.0
3930,-3.0,1,0.18715110421180725,0.0,0.0,0.0
3931,-1.3084797859191895,1,0.16355997323989868,0.0,0.0,0.0
3932,-3.0,1,0.1502741575241089,0.0,0.0,0.0
3933,-3.0,1,0.15941420197486877,0.0,0.0,0.0
3934,-0.09852433204650879,1,0.012315541505813599,1.0,0.0,0.0
3935,-3.0,1,0.13602644205093384,0.0,0.0,0.0
3936,1.9577572345733643,1,0.005280345678329468,1.0,0.0,0.0
3937,-1290.6693706512451,1265,0.08085083697624357,0.18735177865612648,0.0,0.0
3938,-0.5239617824554443,1,0.06549522280693054,0.0,0.0,0.0
3939,-1.748838186264038,1,0.21860477328300476,0.0,0.0,0.0
3940,-0.40552282333374023,1,0.05069035291671753,0.0,0.0,0.0
3941,1.9999828338623047,1,2.1457672119140625e-06,1.0,0.0,0.0
3942,-0.4025251865386963,1,0.050315648317337036,0.0,0.0,0.0
3943,-0.10205602645874023,1,0.01275700330734253,1.0,0.0,0.0
3944,-2.486769914627075,1,0.0608462393283844,0.0,0.0,0.0
3945,-0.23929309844970703,1,0.02991163730621338,1.0,0.0,0.0
3946,-0.5370779037475586,1,0.06713473796844482,0.0,0.0,0.0
3947,-3.0,1,0.16194221377372742,0.0,0.0,0.0
3948,-1.8228332996368408,1,0.2278541624546051,0.0,0.0,0.0
3949,-0.37094783782958984,1,0.04636847972869873,0.0,0.0,0.0
3950,-2.8050734996795654,1,0.10063418745994568,0.0,0.0,0.0
3951,-2.9576094150543213,1,0.11970117688179016,0.0,0.0,0.0
3952,-1.7130441665649414,1,0.21413052082061768,0.0,0.0,0.0
3953,-1946.9993250370026,1265,0.11339110616638727,0.14703557312252966,0.0,0.0
3954,-0.5067813396453857,1,0.06334766745567322,0.0,0.0,0.0
3955,-2.29472279548645,1,0.036840349435806274,0.0,0.0,0.0
3956,-2.5002973079681396,1,0.06253716349601746,0.0,0.0,0.0
3957,-1.2766566276550293,1,0.15958207845687866,0.0,0.0,0.0
3958,1.9639673233032227,1,0.004504084587097168,1.0,0.0,0.0
3959,-0.07376670837402344,1,0.00922083854675293,1.0,0.0,0.0
3960,-0.8676791191101074,1,0.10845988988876343,0.0,0.0,0.0
3961,1.94639253616333,1,0.00670093297958374,1.0,0.0,0.0
3962,-2.9046006202697754,1,0.11307507753372192,0.0,0.0,0.0
3963,-2.9707813262939453,1,0.12134766578674316,0.0,0.0,0.0
3964,-0.24128246307373047,1,0.03016030788421631,0.0,0.0,0.0
3965,-2.680476188659668,1,0.0850595235824585,0.0,0.0,0.0
3966,-1.7820992469787598,1,0.22276240587234497,0.0,0.0,0.0
3967,-2.455989360809326,1,0.05699867010116577,0.0,0.0,0.0
3968,-3.0,1,0.2320176362991333,0.0,0.0,0.0
3969,-1828.1833424568176,1265,0.109112874863176,0.15019762845849802,0.0,0.0
3970,-3.0,1,0.31015023589134216,0.0,0.0,0.0
3971,-0.0854330062866211,1,0.010679125785827637,1.0,0.0,0.0
3972,-0.14394903182983398,1,0.017993628978729248,1.0,0.0,0.0
3973,-2.8761847019195557,1,0.10952308773994446,0.0,0.0,0.0
3974,-0.7578549385070801,1,0.09473186731338501,0.0,0.0,0.0
3975,-1.8725993633270264,1,0.2340749204158783,0.0,0.0,0.0
3976,-0.6307926177978516,1,0.07884907722473145,0.0,0.0,0.0
3977,-0.11571455001831055,1,0.014464318752288818,1.0,0.0,0.0
3978,-0.2494516372680664,1,0.0311814546585083,0.0,0.0,0.0
3979,-0.2126774787902832,1,0.0265846848487854,1.0,0.0,0.0
3980,-0.6412088871002197,1,0.08015111088752747,0.0,0.0,0.0
3981,-0.08327126502990723,1,0.010408908128738403,1.0,0.0,0.0
3982,-2.7763116359710693,1,0.09703895449638367,0.0,0.0,0.0
3983,-2.378310203552246,1,0.04728877544403076,0.0,0.0,0.0
3984,-1.427426815032959,1,0.17842835187911987,0.0,0.0,0.0
3985,-1347.9264817237854,1265,0.09059212059371556,0.2845849802371542,0.0,0.0
3986,-3.0,1,0.14181363582611084,0.0,0.0,0.0
3987,-0.9140572547912598,1,0.11425715684890747,0.0,0.0,0.0
3988,-1.1241910457611084,1,0.14052388072013855,0.0,0.0,0.0
3989,-0.8882136344909668,1,0.11102670431137085,0.0,0.0,0.0
3990,-1.0094964504241943,1,0.1261870563030243,0.0,0.0,0.0
3991,-3.0,1,0.15318751335144043,0.0,0.0,0.0
3992,-3.0,1,0.14598634839057922,0.0,0.0,0.0
3993,1.8878028392791748,1,0.01402464509010315,1.0,0.0,0.0
3994,1.9724245071411133,1,0.00344693660736084,1.0,0.0,0.0
3995,-2.564824104309082,1,0.07060301303863525,0.0,0.0,0.0
3996,-3.0,1,0.13964539766311646,0.0,0.0,0.0
3997,-0.8419036865234375,1,0.10523796081542969,0.0,0.0,0.0
3998,-0.5354132652282715,1,0.06692665815353394,0.0,0.0,0.0
3999,-0.4819366931915283,1,0.06024208664894104,0.0,0.0,0.0
4000,-1.0466086864471436,1,0.13082608580589294,0.0,0.0,0.0
4001,-1337.1188161373138,1265,0.09691969292908317,0.20632411067193676,0.0,0.0
4002,-1.8936030864715576,1,0.2367003858089447,0.0,0.0,0.0
4003,-2.5154731273651123,1,0.06443414092063904,0.0,0.0,0.0
4004,-0.36007022857666016,1,0.04500877857208252,0.0,0.0,0.0
4005,-1.2769646644592285,1,0.15962058305740356,0.0,0.0,0.0
4006,-2.9787988662719727,1,0.12234985828399658,0.0,0.0,0.0
4007,-0.09472513198852539,1,0.011840641498565674,1.0,0.0,0.0
4008,-2.2977986335754395,1,0.03722482919692993,0.0,0.0,0.0
4009,1.997159481048584,1,0.00035506486892700195,1.0,0.0,0.0
4010,-0.8547942638397217,1,0.10684928297996521,0.0,0.0,0.0
4011,-1.258711576461792,1,0.157338947057724,0.0,0.0,0.0
4012,-1.0473096370697021,1,0.13091370463371277,0.0,0.0,0.0
4013,-2.3482866287231445,1,0.043535828590393066,0.0,0.0,0.0
4014,-3.0,1,0.1452329456806183,0.0,0.0,0.0
4015,-3.0,1,0.136621356010437,0.0,0.0,0.0
4016,1.9246678352355957,1,0.009416520595550537,1.0,0.0,0.0
4017,-1948.1894853115082,1265,0.1147049909288233,0.09090909090909091,0.0,0.0
4018,-0.46131014823913574,1,0.05766376852989197,0.0,0.0,0.0
4019,-3.0,1,0.15497064590454102,0.0,0.0,0.0
4020,-3.0,1,0.244583398103714,0.0,0.0,0.0
4021,-2.8477301597595215,1,0.10596626996994019,0.0,0.0,0.0
4022,-0.9425992965698242,1,0.11782491207122803,0.0,0.0,0.0
4023,-2.477725028991699,1,0.0597156286239624,0.0,0.0,0.0
4024,-3.0,1,0.13579776883125305,0.0,0.0,0.0
4025,-2.1219141483306885,1,0.26523926854133606,0.0,0.0,0.0
4026,-2.70478892326355,1,0.08809861540794373,0.0,0.0,0.0
4027,-3.0,1,0.21230489015579224,0.0,0.0,0.0
4028,-1.7389085292816162,1,0.21736356616020203,0.0,0.0,0.0
4029,-0.7062864303588867,1,0.08828580379486084,0.0,0.0,0.0
4030,-3.0,1,0.1450539231300354,0.0,0.0,0.0
4031,-3.0,1,0.13675513863563538,0.0,0.0,0.0
4032,-0.5271182060241699,1,0.06588977575302124,0.0,0.0,0.0
4033,-1377.8231077194214,1265,0.08817574019017427,0.20790513833992094,0.0,0.0
4034,-0.015537500381469727,1,0.0019421875476837158,1.0,0.0,0.0
4035,-2.3807289600372314,1,0.04759112000465393,0.0,0.0,0.0
4036,-1.2055959701538086,1,0.15069949626922607,0.0,0.0,0.0
4037,1.996086597442627,1,0.0004891753196716309,1.0,0.0,0.0
4038,-0.4880497455596924,1,0.06100621819496155,0.0,0.0,0.0
4039,-0.4848957061767578,1,0.06061196327209473,0.0,0.0,0.0
4040,-1.0260019302368164,1,0.12825024127960205,0.0,0.0,0.0
4041,1.8122048377990723,1,0.023474395275115967,1.0,0.0,0.0
4042,-0.7023220062255859,1,0.08779025077819824,0.0,0.0,0.0
4043,-0.19336318969726562,1,0.024170398712158203,1.0,0.0,0.0
4044,1.9786434173583984,1,0.0026695728302001953,1.0,0.0,0.0
4045,-3.0,1,0.1549590826034546,0.0,0.0,0.0
4046,-0.23236894607543945,1,0.02904611825942993,1.0,0.0,0.0
4047,-2.4170494079589844,1,0.05213117599487305,0.0,0.0,0.0
4048,-0.16477227210998535,1,0.02059653401374817,1.0,0.0,0.0
4049,-1190.037306547165,1265,0.09600198652904496,0.2837944664031621,0.0,0.0
4050,-0.7320594787597656,1,0.0915074348449707,0.0,0.0,0.0
4051,-2.9516828060150146,1,0.11896035075187683,0.0,0.0,0.0
4052,-2.4824461936950684,1,0.060305774211883545,0.0,0.0,0.0
4053,-0.5896775722503662,1,0.07370969653129578,0.0,0.0,0.0
4054,1.8723790645599365,1,0.015952616930007935,1.0,0.0,0.0
4055,-0.4401357173919678,1,0.05501696467399597,0.0,0.0,0.0
4056,-0.7168219089508057,1,0.08960273861885071,0.0,0.0,0.0
4057,-1.0457651615142822,1,0.13072064518928528,0.0,0.0,0.0
4058,-2.7402844429016113,1,0.09253555536270142,0.0,0.0,0.0
4059,-2.304638147354126,1,0.03807976841926575,0.0,0.0,0.0
4060,-2.307340621948242,1,0.03841757774353027,0.0,0.0,0.0
4061,-2.972531795501709,1,0.12156647443771362,0.0,0.0,0.0
4062,-0.5613574981689453,1,0.07016968727111816,0.0,0.0,0.0
4063,-1.2021558284759521,1,0.15026947855949402,0.0,0.0,0.0
4064,-0.8487038612365723,1,0.10608798265457153,0.0,0.0,0.0
4065,-1541.155912399292,1265,0.09637852325269827,0.16600790513833993,0.0,0.0
4066,-0.45807766914367676,1,0.057259708642959595,0.0,0.0,0.0
4067,-0.7123489379882812,1,0.08904361724853516,0.0,0.0,0.0
4068,-0.8424072265625,1,0.1053009033203125,0.0,0.0,0.0
4069,1.9507865905761719,1,0.006151676177978516,1.0,0.0,0.0
4070,-1.1368725299835205,1,0.14210906624794006,0.0,0.0,0.0
4071,-0.6448013782501221,1,0.08060017228126526,0.0,0.0,0.0
4072,-0.7252621650695801,1,0.09065777063369751,0.0,0.0,0.0
4073,-3.0,1,0.23226821422576904,0.0,0.0,0.0
4074,1.8922700881958008,1,0.013466238975524902,1.0,0.0,0.0
4075,-2.564100742340088,1,0.07051259279251099,0.0,0.0,0.0
4076,-1.900376796722412,1,0.2375470995903015,0.0,0.0,0.0
4077,1.8826909065246582,1,0.014663636684417725,1.0,0.0,0.0
4078,-2.842749834060669,1,0.10534372925758362,0.0,0.0,0.0
4079,-0.3602609634399414,1,0.045032620429992676,0.0,0.0,0.0
4080,-2.398372173309326,1,0.04979652166366577,0.0,0.0,0.0
4081,-1551.6172354221344,1265,0.08300428574264285,0.18735177865612648,0.0,0.0
4082,-3.0,1,0.1952652633190155,0.0,0.0,0.0
4083,-3.0,1,0.1557164192199707,0.0,0.0,0.0
4084,-0.03674888610839844,1,0.004593610763549805,1.0,0.0,0.0
4085,-2.2871010303497314,1,0.03588762879371643,0.0,0.0,0.0
4086,-3.0,1,0.14539235830307007,0.0,0.0,0.0
4087,-2.6283321380615234,1,0.07854151725769043,0.0,0.0,0.0
4088,-0.27333569526672363,1,0.034166961908340454,0.0,0.0,0.0
4089,-0.34198999404907227,1,0.04274874925613403,0.0,0.0,0.0
4090,-0.6563773155212402,1,0.08204716444015503,0.0,0.0,0.0
4091,-2.359379768371582,1,0.044922471046447754,0.0,0.0,0.0
4092,1.9838690757751465,1,0.0020163655281066895,1.0,0.0,0.0
4093,-0.6185460090637207,1,0.07731825113296509,0.0,0.0,0.0
4094,-2.872419834136963,1,0.10905247926712036,0.0,0.0,0.0
4095,-1.8713831901550293,1,0.23392289876937866,0.0,0.0,0.0
4096,-0.3063185214996338,1,0.038289815187454224,0.0,0.0,0.0
4097,-1069.50283741951,1265,0.09465021863285261,0.2466403162055336,0.0,0.0
4098,-2.549196243286133,1,0.0686495304107666,0.0,0.0,0.0
4099,-3.0,1,0.15356025099754333,0.0,0.0,0.0
4100,-0.3703725337982178,1,0.04629656672477722,0.0,0.0,0.0
4101,1.8666131496429443,1,0.016673356294631958,1.0,0.0,0.0
4102,-3.0,1,0.16064733266830444,0.0,0.0,0.0
4103,-0.5561041831970215,1,0.06951302289962769,0.0,0.0,0.0
4104,-0.10384845733642578,1,0.012981057167053223,1.0,0.0,0.0
4105,1.9384746551513672,1,0.0076906681060791016,1.0,0.0,0.0
4106,-1.1906635761260986,1,0.14883294701576233,0.0,0.0,0.0
4107,-2.137627124786377,1,0.2672033905982971,0.0,0.0,0.0
4108,1.8520493507385254,1,0.018493831157684326,1.0,0.0,0.0
4109,-0.3363003730773926,1,0.04203754663467407,0.0,0.0,0.0
4110,1.913175344467163,1,0.010853081941604614,1.0,0.0,0.0
4111,-0.3400993347167969,1,0.04251241683959961,0.0,0.0,0.0
4112,1.930020809173584,1,0.008747398853302002,1.0,0.0,0.0
4113,-1245.6786205768585,1265,0.08635779727589,0.21976284584980238,0.0,0.0
4114,-0.0041522979736328125,1,0.0005190372467041016,1.0,0.0,0.0
4115,-0.6250998973846436,1,0.07813748717308044,0.0,0.0,0.0
4116,-0.546400785446167,1,0.06830009818077087,0.0,0.0,0.0
4117,-0.22063136100769043,1,0.027578920125961304,1.0,0.0,0.0
4118,-2.6868808269500732,1,0.08586010336875916,0.0,0.0,0.0
4119,-2.7808451652526855,1,0.0976056456565857,0.0,0.0,0.0
4120,-2.266124963760376,1,0.033265620470047,0.0,0.0,0.0
4121,-0.6599931716918945,1,0.08249914646148682,0.0,0.0,0.0
4122,-1.045391321182251,1,0.13067391514778137,0.0,0.0,0.0
4123,-1.8833773136138916,1,0.23542216420173645,0.0,0.0,0.0
4124,-0.6588668823242188,1,0.08235836029052734,0.0,0.0,0.0
4125,-1.2189478874206543,1,0.1523684859275818,0.0,0.0,0.0
4126,1.947378158569336,1,0.006577730178833008,1.0,0.0,0.0
4127,-1.165457010269165,1,0.14568212628364563,0.0,0.0,0.0
4128,-0.7292046546936035,1,0.09115058183670044,0.0,0.0,0.0
4129,-1357.2642750740051,1265,0.0977704379398361,0.20316205533596837,0.0,0.0
4130,-1.036273717880249,1,0.12953421473503113,0.0,0.0,0.0
4131,-0.3248286247253418,1,0.040603578090667725,0.0,0.0,0.0
4132,-0.6784360408782959,1,0.08480450510978699,0.0,0.0,0.0
4133,-1.167964220046997,1,0.14599552750587463,0.0,0.0,0.0
4134,-3.0,1,0.24010181427001953,0.0,0.0,0.0
4135,-0.400998592376709,1,0.05012482404708862,0.0,0.0,0.0
4136,1.8013660907745361,1,0.024829238653182983,1.0,0.0,0.0
4137,-1.7381584644317627,1,0.21726980805397034,0.0,0.0,0.0
4138,-0.1592245101928711,1,0.019903063774108887,1.0,0.0,0.0
4139,-1.064143180847168,1,0.133017897605896,0.0,0.0,0.0
4140,-2.1821045875549316,1,0.27276307344436646,0.0,0.0,0.0
4141,-3.0,1,0.1559973955154419,0.0,0.0,0.0
4142,-1.7904341220855713,1,0.2238042652606964,0.0,0.0,0.0
4143,-2.676790237426758,1,0.08459877967834473,0.0,0.0,0.0
4144,-2.2623813152313232,1,0.2827976644039154,0.0,0.0,0.0
4145,-1477.0640065670013,1265,0.10668987843830123,0.15731225296442689,0.0,0.0
4146,-1.8826849460601807,1,0.23533561825752258,0.0,0.0,0.0
4147,-1.7050833702087402,1,0.21313542127609253,0.0,0.0,0.0
4148,-0.03465604782104492,1,0.004332005977630615,1.0,0.0,0.0
4149,-2.6121296882629395,1,0.07651621103286743,0.0,0.0,0.0
4150,-1.172684907913208,1,0.146585613489151,0.0,0.0,0.0
4151,-0.6665711402893066,1,0.08332139253616333,0.0,0.0,0.0
4152,-0.1722574234008789,1,0.021532177925109863,1.0,0.0,0.0
4153,-3.0,1,0.14058458805084229,0.0,0.0,0.0
4154,1.840303897857666,1,0.019962012767791748,1.0,0.0,0.0
4155,-0.6810383796691895,1,0.08512979745864868,0.0,0.0,0.0
4156,-0.6706547737121582,1,0.08383184671401978,0.0,0.0,0.0
4157,-1.341367244720459,1,0.16767090559005737,0.0,0.0,0.0
4158,-2.2553672790527344,1,0.0319209098815918,0.0,0.0,0.0
4159,1.8794043064117432,1,0.015074461698532104,1.0,0.0,0.0
4160,-2.504178762435913,1,0.06302234530448914,0.0,0.0,0.0
4161,-1543.5913269519806,1265,0.09259670454522838,0.18102766798418973,0.0,0.0
4162,-2.278653860092163,1,0.034831732511520386,0.0,0.0,0.0
4163,-2.4909372329711914,1,0.061367154121398926,0.0,0.0,0.0
4164,-3.0,1,0.16031169891357422,0.0,0.0,0.0
4165,-0.4698646068572998,1,0.058733075857162476,0.0,0.0,0.0
4166,-2.262335777282715,1,0.032791972160339355,0.0,0.0,0.0
4167,1.9860072135925293,1,0.0017490983009338379,1.0,0.0,0.0
4168,-1.1809515953063965,1,0.14761894941329956,0.0,0.0,0.0
4169,1.8982486724853516,1,0.012718915939331055,1.0,0.0,0.0
4170,-1.838697910308838,1,0.22983723878860474,0.0,0.0,0.0
4171,-0.20038843154907227,1,0.025048553943634033,1.0,0.0,0.0
4172,-0.9217219352722168,1,0.1152152419090271,0.0,0.0,0.0
4173,-3.0,1,0.16499581933021545,0.0,0.0,0.0
4174,-2.982945680618286,1,0.12286821007728577,0.0,0.0,0.0
4175,-0.07005476951599121,1,0.008756846189498901,1.0,0.0,0.0
4176,-2.633552074432373,1,0.07919400930404663,0.0,0.0,0.0
4177,-1624.742082118988,1265,0.10660213561868478,0.15177865612648223,0.0,0.0
4178,1.9046289920806885,1,0.01192137598991394,1.0,0.0,0.0
4179,-3.0,1,0.15767419338226318,0.0,0.0,0.0
4180,-3.0,1,0.19058045744895935,0.0,0.0,0.0
4181,-1.5059850215911865,1,0.18824812769889832,0.0,0.0,0.0
4182,-0.7526910305023193,1,0.09408637881278992,0.0,0.0,0.0
4183,-2.4166972637176514,1,0.05208715796470642,0.0,0.0,0.0
4184,-0.07468581199645996,1,0.009335726499557495,1.0,0.0,0.0
4185,-3.0,1,0.29391875863075256,0.0,0.0,0.0
4186,-1.4200975894927979,1,0.17751219868659973,0.0,0.0,0.0
4187,-2.837568521499634,1,0.10469606518745422,0.0,0.0,0.0
4188,-2.9991421699523926,1,0.12489277124404907,0.0,0.0,0.0
4189,1.7814760208129883,1,0.027315497398376465,1.0,0.0,0.0
4190,-0.6150803565979004,1,0.07688504457473755,0.0,0.0,0.0
4191,-3.0,1,0.19370144605636597,0.0,0.0,0.0
4192,-0.07070803642272949,1,0.008838504552841187,1.0,0.0,0.0
4193,-1404.846291065216,1265,0.09173761083203343,0.16363636363636364,0.0,0.0
4194,-0.18465399742126465,1,0.02308174967765808,1.0,0.0,0.0
4195,-2.496122121810913,1,0.062015265226364136,0.0,0.0,0.0
4196,1.7748639583587646,1,0.02814200520515442,1.0,0.0,0.0
4197,-1.1651270389556885,1,0.14564087986946106,0.0,0.0,0.0
4198,-3.0,1,0.18314924836158752,0.0,0.0,0.0
4199,-0.4424266815185547,1,0.055303335189819336,0.0,0.0,0.0
4200,-0.17397761344909668,1,0.021747201681137085,1.0,0.0,0.0
4201,-3.0,1,0.18145763874053955,0.0,0.0,0.0
4202,-1.9590177536010742,1,0.24487721920013428,0.0,0.0,0.0
4203,1.7751710414886475,1,0.028103619813919067,1.0,0.0,0.0
4204,-0.684140682220459,1,0.08551758527755737,0.0,0.0,0.0
4205,-3.0,1,0.3158285915851593,0.0,0.0,0.0
4206,1.8400335311889648,1,0.019995808601379395,1.0,0.0,0.0
4207,-2.41251540184021,1,0.051564425230026245,0.0,0.0,0.0
4208,-0.12587571144104004,1,0.015734463930130005,1.0,0.0,0.0
4209,-1645.3575110435486,1265,0.10132527459751475,0.15573122529644268,0.0,0.0
4210,-2.4863922595977783,1,0.3107990324497223,0.0,0.0,0.0
4211,-0.4314556121826172,1,0.05393195152282715,0.0,0.0,0.0
4212,-2.283525228500366,1,0.035440653562545776,0.0,0.0,0.0
4213,-2.254239559173584,1,0.031779944896698,0.0,0.0,0.0
4214,-3.0,1,0.32002702355384827,0.0,0.0,0.0
4215,-0.8508014678955078,1,0.10635018348693848,0.0,0.0,0.0
4216,-0.6478009223937988,1,0.08097511529922485,0.0,0.0,0.0
4217,-2.3315443992614746,1,0.041443049907684326,0.0,0.0,0.0
4218,-2.27797269821167,1,0.28474658727645874,0.0,0.0,0.0
4219,-0.10250639915466309,1,0.012813299894332886,1.0,0.0,0.0
4220,-0.1852405071258545,1,0.02315506339073181,1.0,0.0,0.0
4221,-2.394569158554077,1,0.049321144819259644,0.0,0.0,0.0
4222,-3.0,1,0.1834639310836792,0.0,0.0,0.0
4223,-0.695549726486206,1,0.08694371581077576,0.0,0.0,0.0
4224,-0.37305402755737305,1,0.04663175344467163,0.0,0.0,0.0
4225,-1626.427798986435,1265,0.11214216608303809,0.1225296442687747,0.0,0.0
4226,-2.695863723754883,1,0.08698296546936035,0.0,0.0,0.0
4227,-2.1918110847473145,1,0.2739763855934143,0.0,0.0,0.0
4228,-0.5324161052703857,1,0.06655201315879822,0.0,0.0,0.0
4229,1.890754222869873,1,0.01365572214126587,1.0,0.0,0.0
4230,-2.309404134750366,1,0.038675516843795776,0.0,0.0,0.0
4231,-2.501837730407715,1,0.06272971630096436,0.0,0.0,0.0
4232,-1.245175838470459,1,0.15564697980880737,0.0,0.0,0.0
4233,-1.7954838275909424,1,0.2244354784488678,0.0,0.0,0.0
4234,-3.0,1,0.21790450811386108,0.0,0.0,0.0
4235,-1.047090768814087,1,0.13088634610176086,0.0,0.0,0.0
4236,-0.9632279872894287,1,0.12040349841117859,0.0,0.0,0.0
4237,-0.18260741233825684,1,0.022825926542282104,1.0,0.0,0.0
4238,-1.673713207244873,1,0.20921415090560913,0.0,0.0,0.0
4239,1.8866190910339355,1,0.014172613620758057,1.0,0.0,0.0
4240,-2.4116463661193848,1,0.051455795764923096,0.0,0.0,0.0
4241,-1746.4813899993896,1265,0.10770547333442175,0.09960474308300395,0.0,0.0
4242,-0.24791955947875977,1,0.03098994493484497,0.0,0.0,0.0
4243,-0.2656283378601074,1,0.03320354223251343,0.0,0.0,0.0
4244,-0.743607759475708,1,0.0929509699344635,0.0,0.0,0.0
4245,-1.873565435409546,1,0.23419567942619324,0.0,0.0,0.0
4246,-1.4265470504760742,1,0.17831838130950928,0.0,0.0,0.0
4247,-2.3613266944885254,1,0.045165836811065674,0.0,0.0,0.0
4248,-2.450249671936035,1,0.056281208992004395,0.0,0.0,0.0
4249,-0.6924476623535156,1,0.08655595779418945,0.0,0.0,0.0
4250,-0.40317320823669434,1,0.05039665102958679,0.0,0.0,0.0
4251,-0.07941365242004395,1,0.009926706552505493,1.0,0.0,0.0
4252,-0.6208944320678711,1,0.07761180400848389,0.0,0.0,0.0
4253,-1.4055964946746826,1,0.17569956183433533,0.0,0.0,0.0
4254,-2.9269866943359375,1,0.11587333679199219,0.0,0.0,0.0
4255,-2.822971820831299,1,0.10287147760391235,0.0,0.0,0.0
4256,-1.5013775825500488,1,0.1876721978187561,0.0,0.0,0.0
4257,-884.5785670280457,1265,0.09567069253431479,0.2766798418972332,0.0,0.0
4258,-2.429232597351074,1,0.3036540746688843,0.0,0.0,0.0
4259,-0.7994990348815918,1,0.09993737936019897,0.0,0.0,0.0
4260,-0.3759739398956299,1,0.046996742486953735,0.0,0.0,0.0
4261,-0.8910555839538574,1,0.11138194799423218,0.0,0.0,0.0
4262,-0.32225918769836426,1,0.04028239846229553,0.0,0.0,0.0
4263,-0.3962554931640625,1,0.04953193664550781,0.0,0.0,0.0
4264,-2.8262205123901367,1,0.10327756404876709,0.0,0.0,0.0
4265,-0.7724323272705078,1,0.09655404090881348,0.0,0.0,0.0
4266,1.99113130569458,1,0.0011085867881774902,1.0,0.0,0.0
4267,-2.5019266605377197,1,0.06274083256721497,0.0,0.0,0.0
4268,-1.10573148727417,1,0.13821643590927124,0.0,0.0,0.0
4269,-3.0,1,0.32259300351142883,0.0,0.0,0.0
4270,-1.7366886138916016,1,0.2170860767364502,0.0,0.0,0.0
4271,-0.306307315826416,1,0.038288414478302,0.0,0.0,0.0
4272,-0.3313295841217041,1,0.04141619801521301,0.0,0.0,0.0
4273,-1612.507933139801,1265,0.11096926543552414,0.20869565217391303,0.0,0.0
4274,-2.985318183898926,1,0.12316477298736572,0.0,0.0,0.0
4275,-1.937331199645996,1,0.2421663999557495,0.0,0.0,0.0
4276,-0.4992177486419678,1,0.06240221858024597,0.0,0.0,0.0
4277,-1.7620925903320312,1,0.2202615737915039,0.0,0.0,0.0
4278,-2.843236207962036,1,0.10540452599525452,0.0,0.0,0.0
4279,-0.17663836479187012,1,0.022079795598983765,1.0,0.0,0.0
4280,-0.2459256649017334,1,0.030740708112716675,0.0,0.0,0.0
4281,-0.04660654067993164,1,0.005825817584991455,1.0,0.0,0.0
4282,-0.5245394706726074,1,0.06556743383407593,0.0,0.0,0.0
4283,-0.7381801605224609,1,0.09227252006530762,0.0,0.0,0.0
4284,-3.0,1,0.15318787097930908,0.0,0.0,0.0
4285,-0.24949264526367188,1,0.031186580657958984,0.0,0.0,0.0
4286,-0.9482574462890625,1,0.11853218078613281,0.0,0.0,0.0
4287,1.8023123741149902,1,0.02471095323562622,1.0,0.0,0.0
4288,-3.0,1,0.24441653490066528,0.0,0.0,0.0
4289,-1816.9638531208038,1265,0.10566087190812755,0.11620553359683794,0.0,0.0
4290,-0.4715538024902344,1,0.0589442253112793,0.0,0.0,0.0
4291,-0.34441423416137695,1,0.04305177927017212,0.0,0.0,0.0
4292,-0.9011597633361816,1,0.1126449704170227,0.0,0.0,0.0
4293,1.838132381439209,1,0.020233452320098877,1.0,0.0,0.0
4294,-2.6993236541748047,1,0.08741545677185059,0.0,0.0,0.0
4295,-2.08808970451355,1,0.2610112130641937,0.0,0.0,0.0
4296,-3.0,1,0.15094754099845886,0.0,0.0,0.0
4297,-2.8467094898223877,1,0.10583868622779846,0.0,0.0,0.0
4298,-2.6610260009765625,1,0.08262825012207031,0.0,0.0,0.0
4299,-1.2084908485412598,1,0.15106135606765747,0.0,0.0,0.0
4300,-1.203282356262207,1,0.15041029453277588,0.0,0.0,0.0
4301,-2.6143054962158203,1,0.07678818702697754,0.0,0.0,0.0
4302,-1.3576023578643799,1,0.16970029473304749,0.0,0.0,0.0
4303,-0.7943060398101807,1,0.09928825497627258,0.0,0.0,0.0
4304,-3.0,1,0.18487033247947693,0.0,0.0,0.0
4305,-1361.6190948486328,1265,0.09723751917186933,0.183399209486166,0.0,0.0
4306,-2.0918962955474854,1,0.26148703694343567,0.0,0.0,0.0
4307,-2.263564109802246,1,0.03294551372528076,0.0,0.0,0.0
4308,-2.984379291534424,1,0.12304741144180298,0.0,0.0,0.0
4309,-0.20792198181152344,1,0.02599024772644043,1.0,0.0,0.0
4310,1.8960142135620117,1,0.012998223304748535,1.0,0.0,0.0
4311,-1.5171771049499512,1,0.1896471381187439,0.0,0.0,0.0
4312,-0.6943624019622803,1,0.08679530024528503,0.0,0.0,0.0
4313,-1.076982021331787,1,0.1346227526664734,0.0,0.0,0.0
4314,-2.273637294769287,1,0.03420466184616089,0.0,0.0,0.0
4315,-3.0,1,0.16591942310333252,0.0,0.0,0.0
4316,-3.0,1,0.1422731578350067,0.0,0.0,0.0
4317,-0.9514598846435547,1,0.11893248558044434,0.0,0.0,0.0
4318,-0.6243805885314941,1,0.07804757356643677,0.0,0.0,0.0
4319,-0.2676506042480469,1,0.03345632553100586,0.0,0.0,0.0
4320,-2.4266510009765625,1,0.05333137512207031,0.0,0.0,0.0
4321,-1609.686193704605,1265,0.09608601812317437,0.12490118577075099,0.0,0.0
4322,-0.8049144744873047,1,0.10061430931091309,0.0,0.0,0.0
4323,-0.14734983444213867,1,0.018418729305267334,1.0,0.0,0.0
4324,-1.1680092811584473,1,0.1460011601448059,0.0,0.0,0.0
4325,-0.34234619140625,1,0.04279327392578125,0.0,0.0,0.0
4326,-3.0,1,0.23419803380966187,0.0,0.0,0.0
4327,-0.3683505058288574,1,0.04604381322860718,0.0,0.0,0.0
4328,-0.9619235992431641,1,0.12024044990539551,0.0,0.0,0.0
4329,-2.2869443893432617,1,0.035868048667907715,0.0,0.0,0.0
4330,-0.13549423217773438,1,0.016936779022216797,1.0,0.0,0.0
4331,-1.954880952835083,1,0.24436011910438538,0.0,0.0,0.0
4332,1.9558932781219482,1,0.00551334023475647,1.0,0.0,0.0
4333,-3.0,1,0.13950097560882568,0.0,0.0,0.0
4334,-2.989875078201294,1,0.12373438477516174,0.0,0.0,0.0
4335,-1.3100478649139404,1,0.16375598311424255,0.0,0.0,0.0
4336,-2.007477283477783,1,0.2509346604347229,0.0,0.0,0.0
4337,-1626.8420088291168,1265,0.09155506279628739,0.13517786561264822,0.0,0.0
4338,-2.762143135070801,1,0.0952678918838501,0.0,0.0,0.0
4339,-1.3800275325775146,1,0.17250344157218933,0.0,0.0,0.0
4340,-0.8820939064025879,1,0.11026173830032349,0.0,0.0,0.0
4341,-2.6934807300567627,1,0.08668509125709534,0.0,0.0,0.0
4342,-2.5281519889831543,1,0.06601899862289429,0.0,0.0,0.0
4343,-2.869845151901245,1,0.10873064398765564,0.0,0.0,0.0
4344,-2.5468451976776123,1,0.06835564970970154,0.0,0.0,0.0
4345,-2.4379377365112305,1,0.05474221706390381,0.0,0.0,0.0
4346,-0.6810524463653564,1,0.08513155579566956,0.0,0.0,0.0
4347,-0.19338369369506836,1,0.024172961711883545,1.0,0.0,0.0
4348,-0.629694938659668,1,0.0787118673324585,0.0,0.0,0.0
4349,-1.3886373043060303,1,0.17357966303825378,0.0,0.0,0.0
4350,-0.9774613380432129,1,0.12218266725540161,0.0,0.0,0.0
4351,-1.574315071105957,1,0.19678938388824463,0.0,0.0,0.0
4352,-0.4224967956542969,1,0.05281209945678711,0.0,0.0,0.0
4353,-1645.377035856247,1265,0.09801538339245461,0.1233201581027668,0.0,0.0
4354,-0.625767707824707,1,0.07822096347808838,0.0,0.0,0.0
4355,-2.3498964309692383,1,0.043737053871154785,0.0,0.0,0.0
4356,-0.37045860290527344,1,0.04630732536315918,0.0,0.0,0.0
4357,-0.8984229564666748,1,0.11230286955833435,0.0,0.0,0.0
4358,-0.9755353927612305,1,0.12194192409515381,0.0,0.0,0.0
4359,-2.945469856262207,1,0.11818373203277588,0.0,0.0,0.0
4360,-2.8381080627441406,1,0.10476350784301758,0.0,0.0,0.0
4361,-3.0,1,0.13514301180839539,0.0,0.0,0.0
4362,-1.4242753982543945,1,0.17803442478179932,0.0,0.0,0.0
4363,-0.8110592365264893,1,0.10138240456581116,0.0,0.0,0.0
4364,-0.9126219749450684,1,0.11407774686813354,0.0,0.0,0.0
4365,-3.0,1,0.16129231452941895,0.0,0.0,0.0
4366,-2.8740670680999756,1,0.10925838351249695,0.0,0.0,0.0
4367,-1.6027114391326904,1,0.2003389298915863,0.0,0.0,0.0
4368,-2.821300506591797,1,0.10266256332397461,0.0,0.0,0.0
4369,-2058.684663295746,1265,0.10955755755364188,0.06403162055335969,0.0,0.0
4370,-3.0,1,0.16458183526992798,0.0,0.0,0.0
4371,-0.6965618133544922,1,0.08707022666931152,0.0,0.0,0.0
4372,-2.3483338356018066,1,0.04354172945022583,0.0,0.0,0.0
4373,-2.5148932933807373,1,0.31436166167259216,0.0,0.0,0.0
4374,-0.009274005889892578,1,0.0011592507362365723,1.0,0.0,0.0
4375,-3.0,1,0.1516493856906891,0.0,0.0,0.0
4376,-2.4616925716400146,1,0.05771157145500183,0.0,0.0,0.0
4377,-2.798555612564087,1,0.09981945157051086,0.0,0.0,0.0
4378,-0.792783260345459,1,0.09909790754318237,0.0,0.0,0.0
4379,-0.3882312774658203,1,0.04852890968322754,0.0,0.0,0.0
4380,-2.5790958404541016,1,0.0723869800567627,0.0,0.0,0.0
4381,-0.9663467407226562,1,0.12079334259033203,0.0,0.0,0.0
4382,-2.337305784225464,1,0.04216322302818298,0.0,0.0,0.0
4383,1.8470277786254883,1,0.019121527671813965,1.0,0.0,0.0
4384,-3.0,1,0.1590007245540619,0.0,0.0,0.0
4385,-1376.996533870697,1265,0.09828038130824274,0.16679841897233202,0.0,0.0
4386,-3.0,1,0.1335434913635254,0.0,0.0,0.0
4387,-2.706502914428711,1,0.08831286430358887,0.0,0.0,0.0
4388,-2.018503427505493,1,0.25231292843818665,0.0,0.0,0.0
4389,-1.1717448234558105,1,0.14646810293197632,0.0,0.0,0.0
4390,-1.4546074867248535,1,0.1818259358406067,0.0,0.0,0.0
4391,-0.7496480941772461,1,0.09370601177215576,0.0,0.0,0.0
4392,-1.108372688293457,1,0.13854658603668213,0.0,0.0,0.0
4393,1.792436122894287,1,0.02594548463821411,1.0,0.0,0.0
4394,-0.8844783306121826,1,0.11055979132652283,0.0,0.0,0.0
4395,1.8758490085601807,1,0.015518873929977417,1.0,0.0,0.0
4396,-3.0,1,0.15553992986679077,0.0,0.0,0.0
4397,-0.3751845359802246,1,0.046898066997528076,0.0,0.0,0.0
4398,-0.9082210063934326,1,0.11352762579917908,0.0,0.0,0.0
4399,-2.3538408279418945,1,0.044230103492736816,0.0,0.0,0.0
4400,-0.3396143913269043,1,0.04245179891586304,0.0,0.0,0.0
4401,-1441.5662343502045,1265,0.08952347346445318,0.16996047430830039,0.0,0.0
4402,-0.16048979759216309,1,0.020061224699020386,1.0,0.0,0.0
4403,-2.3306095600128174,1,0.04132619500160217,0.0,0.0,0.0
4404,1.8639979362487793,1,0.017000257968902588,1.0,0.0,0.0
4405,-0.8512418270111084,1,0.10640522837638855,0.0,0.0,0.0
4406,-0.9573519229888916,1,0.11966899037361145,0.0,0.0,0.0
4407,-3.0,1,0.17456364631652832,0.0,0.0,0.0
4408,-1.21848464012146,1,0.1523105800151825,0.0,0.0,0.0
4409,-1.9927630424499512,1,0.2490953803062439,0.0,0.0,0.0
4410,-0.5824267864227295,1,0.07280334830284119,0.0,0.0,0.0
4411,-1.5335006713867188,1,0.19168758392333984,0.0,0.0,0.0
4412,-1.371286153793335,1,0.17141076922416687,0.0,0.0,0.0
4413,-1.093167781829834,1,0.13664597272872925,0.0,0.0,0.0
4414,-2.3051393032073975,1,0.03814241290092468,0.0,0.0,0.0
4415,-3.0,1,0.1457032859325409,0.0,0.0,0.0
4416,-3.0,1,0.1468139886856079,0.0,0.0,0.0
4417,-1640.200837135315,1265,0.11074302990445978,0.14940711462450593,0.0,0.0
4418,-1.0732629299163818,1,0.13415786623954773,0.0,0.0,0.0
4419,1.7739887237548828,1,0.02825140953063965,1.0,0.0,0.0
4420,-1.2823519706726074,1,0.16029399633407593,0.0,0.0,0.0
4421,-0.1918010711669922,1,0.023975133895874023,1.0,0.0,0.0
4422,-3.0,1,0.2685873508453369,0.0,0.0,0.0
4423,-3.0,1,0.1282472014427185,0.0,0.0,0.0
4424,-3.0,1,0.1324983835220337,0.0,0.0,0.0
4425,-0.21208763122558594,1,0.026510953903198242,1.0,0.0,0.0
4426,-0.5151493549346924,1,0.06439366936683655,0.0,0.0,0.0
4427,-2.1892683506011963,1,0.27365854382514954,0.0,0.0,0.0
4428,-1.470597505569458,1,0.18382468819618225,0.0,0.0,0.0
4429,-1.1153299808502197,1,0.13941624760627747,0.0,0.0,0.0
4430,-0.8769919872283936,1,0.1096239984035492,0.0,0.0,0.0
4431,-3.0,1,0.15234851837158203,0.0,0.0,0.0
4432,-0.5231688022613525,1,0.06539610028266907,0.0,0.0,0.0
4433,-1515.3159902095795,1265,0.10525168392498031,0.14466403162055336,0.0,0.0
4434,-0.45897936820983887,1,0.05737242102622986,0.0,0.0,0.0
4435,-1.2506651878356934,1,0.15633314847946167,0.0,0.0,0.0
4436,-0.06639456748962402,1,0.008299320936203003,1.0,0.0,0.0
4437,-0.48850107192993164,1,0.061062633991241455,0.0,0.0,0.0
4438,-1.0784955024719238,1,0.13481193780899048,0.0,0.0,0.0
4439,-0.08630776405334473,1,0.01078847050666809,1.0,0.0,0.0
4440,-0.9904565811157227,1,0.12380707263946533,0.0,0.0,0.0
4441,-0.3955221176147461,1,0.04944026470184326,0.0,0.0,0.0
4442,-3.0,1,0.15660887956619263,0.0,0.0,0.0
4443,-0.9930851459503174,1,0.12413564324378967,0.0,0.0,0.0
4444,-1.319584846496582,1,0.16494810581207275,0.0,0.0,0.0
4445,-0.1661224365234375,1,0.020765304565429688,1.0,0.0,0.0
4446,-0.08568859100341797,1,0.010711073875427246,1.0,0.0,0.0
4447,-1.3232052326202393,1,0.1654006540775299,0.0,0.0,0.0
4448,-1.4516100883483887,1,0.18145126104354858,0.0,0.0,0.0
4449,-1504.9660897254944,1265,0.10038605249917554,0.15256916996047432,0.0,0.0
4450,-1.815361499786377,1,0.22692018747329712,0.0,0.0,0.0
4451,-0.8345503807067871,1,0.10431879758834839,0.0,0.0,0.0
4452,-0.7972173690795898,1,0.09965217113494873,0.0,0.0,0.0
4453,-0.8330888748168945,1,0.10413610935211182,0.0,0.0,0.0
4454,-0.4382185935974121,1,0.054777324199676514,0.0,0.0,0.0
4455,-3.0,1,0.20187300443649292,0.0,0.0,0.0
4456,-2.5780560970306396,1,0.07225701212882996,0.0,0.0,0.0
4457,-2.8584513664245605,1,0.10730642080307007,0.0,0.0,0.0
4458,-0.15300583839416504,1,0.01912572979927063,1.0,0.0,0.0
4459,-2.6210224628448486,1,0.07762780785560608,0.0,0.0,0.0
4460,-0.14370179176330566,1,0.017962723970413208,1.0,0.0,0.0
4461,-0.666485071182251,1,0.08331063389778137,0.0,0.0,0.0
4462,-1.1439123153686523,1,0.14298903942108154,0.0,0.0,0.0
4463,-0.5474514961242676,1,0.06843143701553345,0.0,0.0,0.0
4464,-2.72934889793396,1,0.091168612241745,0.0,0.0,0.0
4465,-1667.022037267685,1265,0.09969603640759886,0.12173913043478261,0.0,0.0
4466,-0.970893383026123,1,0.12136167287826538,0.0,0.0,0.0
4467,-3.0,1,0.12905216217041016,0.0,0.0,0.0
4468,-0.3589797019958496,1,0.0448724627494812,0.0,0.0,0.0
4469,1.9066617488861084,1,0.01166728138923645,1.0,0.0,0.0
4470,-0.2696189880371094,1,0.03370237350463867,0.0,0.0,0.0
4471,-1.244086742401123,1,0.15551084280014038,0.0,0.0,0.0
4472,-0.6437253952026367,1,0.08046567440032959,0.0,0.0,0.0
4473,-2.290879011154175,1,0.28635987639427185,0.0,0.0,0.0
4474,1.9361720085144043,1,0.007978498935699463,1.0,0.0,0.0
4475,-2.8520190715789795,1,0.10650238394737244,0.0,0.0,0.0
4476,-3.0,1,0.1672111451625824,0.0,0.0,0.0
4477,-0.5155506134033203,1,0.06444382667541504,0.0,0.0,0.0
4478,-1.0105230808258057,1,0.1263153851032257,0.0,0.0,0.0
4479,-2.8488941192626953,1,0.10611176490783691,0.0,0.0,0.0
4480,-2.3050315380096436,1,0.038128942251205444,0.0,0.0,0.0
4481,-1428.43168592453,1265,0.10569557988125344,0.14071146245059288,0.0,0.0
4482,-1.3608500957489014,1,0.17010626196861267,0.0,0.0,0.0
4483,-2.3531956672668457,1,0.04414945840835571,0.0,0.0,0.0
4484,-3.0,1,0.1703343391418457,0.0,0.0,0.0
4485,-2.282005786895752,1,0.035250723361968994,0.0,0.0,0.0
4486,1.946354866027832,1,0.006705641746520996,1.0,0.0,0.0
4487,-3.0,1,0.14445635676383972,0.0,0.0,0.0
4488,-0.8365945816040039,1,0.10457432270050049,0.0,0.0,0.0
4489,-0.42360758781433105,1,0.05295094847679138,0.0,0.0,0.0
4490,-3.0,1,0.19533735513687134,0.0,0.0,0.0
4491,-1.2862510681152344,1,0.1607813835144043,0.0,0.0,0.0
4492,-2.278233289718628,1,0.03477916121482849,0.0,0.0,0.0
4493,-3.0,1,0.17784643173217773,0.0,0.0,0.0
4494,1.9739322662353516,1,0.0032584667205810547,1.0,0.0,0.0
4495,1.8954715728759766,1,0.01306605339050293,1.0,0.0,0.0
4496,1.9537725448608398,1,0.0057784318923950195,1.0,0.0,0.0
4497,-1203.8713462352753,1265,0.08204326992449554,0.22213438735177865,0.0,0.0
4498,-0.7754068374633789,1,0.09692585468292236,0.0,0.0,0.0
4499,-1.6450181007385254,1,0.20562726259231567,0.0,0.0,0.0
4500,-2.292292356491089,1,0.03653654456138611,0.0,0.0,0.0
4501,-0.9618992805480957,1,0.12023741006851196,0.0,0.0,0.0
4502,-3.0,1,0.1662011742591858,0.0,0.0,0.0
4503,-2.9008514881134033,1,0.11260643601417542,0.0,0.0,0.0
4504,1.772660493850708,1,0.0284174382686615,1.0,0.0,0.0
4505,-0.3871893882751465,1,0.04839867353439331,0.0,0.0,0.0
4506,-0.33518338203430176,1,0.04189792275428772,0.0,0.0,0.0
4507,-3.0,1,0.12631893157958984,0.0,0.0,0.0
4508,-0.5153260231018066,1,0.06441575288772583,0.0,0.0,0.0
4509,-1.53098726272583,1,0.19137340784072876,0.0,0.0,0.0
4510,-0.9109928607940674,1,0.11387410759925842,0.0,0.0,0.0
4511,-2.698619842529297,1,0.08732748031616211,0.0,0.0,0.0
4512,-0.006453990936279297,1,0.0008067488670349121,1.0,0.0,0.0
4513,-1519.768405199051,1265,0.1163081785906916,0.14308300395256918,0.0,0.0
4514,-1.1864089965820312,1,0.1483011245727539,0.0,0.0,0.0
4515,-1.1085829734802246,1,0.13857287168502808,0.0,0.0,0.0
4516,1.7610111236572266,1,0.02987360954284668,1.0,0.0,0.0
4517,-0.4857964515686035,1,0.06072455644607544,0.0,0.0,0.0
4518,-1.6961920261383057,1,0.2120240032672882,0.0,0.0,0.0
4519,-2.784703016281128,1,0.09808787703514099,0.0,0.0,0.0
4520,-0.21936559677124023,1,0.02742069959640503,1.0,0.0,0.0
4521,-0.028942108154296875,1,0.0036177635192871094,1.0,0.0,0.0
4522,-1.04310941696167,1,0.13038867712020874,0.0,0.0,0.0
4523,-2.276418685913086,1,0.03455233573913574,0.0,0.0,0.0
4524,-0.2909970283508301,1,0.03637462854385376,0.0,0.0,0.0
4525,-3.0,1,0.14332664012908936,0.0,0.0,0.0
4526,-0.32698488235473633,1,0.04087311029434204,0.0,0.0,0.0
4527,1.9768376350402832,1,0.0028952956199645996,1.0,0.0,0.0
4528,-0.6704769134521484,1,0.08380961418151855,0.0,0.0,0.0
4529,-1313.9512493610382,1265,0.11044914397326383,0.22213438735177865,0.0,0.0
4530,-0.9765763282775879,1,0.12207204103469849,0.0,0.0,0.0
4531,-0.7528948783874512,1,0.0941118597984314,0.0,0.0,0.0
4532,-2.422459363937378,1,0.05280742049217224,0.0,0.0,0.0
4533,-0.42032670974731445,1,0.05254083871841431,0.0,0.0,0.0
4534,-2.633650779724121,1,0.07920634746551514,0.0,0.0,0.0
4535,-0.5843992233276367,1,0.07304990291595459,0.0,0.0,0.0
4536,-2.234384059906006,1,0.27929800748825073,0.0,0.0,0.0
4537,-2.326892375946045,1,0.040861546993255615,0.0,0.0,0.0
4538,-2.987441301345825,1,0.12343016266822815,0.0,0.0,0.0
4539,-2.9379615783691406,1,0.11724519729614258,0.0,0.0,0.0
4540,-1.2901558876037598,1,0.16126948595046997,0.0,0.0,0.0
4541,-3.0,1,0.2345987856388092,0.0,0.0,0.0
4542,-1.2691595554351807,1,0.15864494442939758,0.0,0.0,0.0
4543,-2.6681454181671143,1,0.08351817727088928,0.0,0.0,0.0
4544,-2.527200222015381,1,0.06590002775192261,0.0,0.0,0.0
4545,-1387.929050207138,1265,0.10097799974939098,0.26403162055335966,0.0,0.0
4546,-1.3763675689697266,1,0.17204594612121582,0.0,0.0,0.0
4547,-2.090468645095825,1,0.26130858063697815,0.0,0.0,0.0
4548,-3.0,1,0.32308003306388855,0.0,0.0,0.0
4549,-0.5733926296234131,1,0.07167407870292664,0.0,0.0,0.0
4550,-2.486039161682129,1,0.06075489521026611,0.0,0.0,0.0
4551,-3.0,1,0.23198741674423218,0.0,0.0,0.0
4552,-2.876990795135498,1,0.10962384939193726,0.0,0.0,0.0
4553,-0.1722090244293213,1,0.02152612805366516,1.0,0.0,0.0
4554,-2.732156276702881,1,0.09151953458786011,0.0,0.0,0.0
4555,-2.803642988204956,1,0.1004553735256195,0.0,0.0,0.0
4556,-0.4401993751525879,1,0.055024921894073486,0.0,0.0,0.0
4557,-0.40576624870300293,1,0.050720781087875366,0.0,0.0,0.0
4558,1.9224622249603271,1,0.009692221879959106,1.0,0.0,0.0
4559,-1.1303577423095703,1,0.1412947177886963,0.0,0.0,0.0
4560,-3.0,1,0.1423722207546234,0.0,0.0,0.0
4561,-1522.2533702850342,1265,0.10385703616462677,0.1541501976284585,0.0,0.0
4562,-3.0,1,0.14915579557418823,0.0,0.0,0.0
4563,-0.7318577766418457,1,0.09148222208023071,0.0,0.0,0.0
4564,1.81561279296875,1,0.02304840087890625,1.0,0.0,0.0
4565,-2.682079792022705,1,0.08525997400283813,0.0,0.0,0.0
4566,-0.7805585861206055,1,0.09756982326507568,0.0,0.0,0.0
4567,-1.4370393753051758,1,0.17962992191314697,0.0,0.0,0.0
4568,-0.892160177230835,1,0.11152002215385437,0.0,0.0,0.0
4569,-3.0,1,0.13138198852539062,0.0,0.0,0.0
4570,-2.511406898498535,1,0.0639258623123169,0.0,0.0,0.0
4571,-2.7260565757751465,1,0.09075707197189331,0.0,0.0,0.0
4572,-0.4710402488708496,1,0.0588800311088562,0.0,0.0,0.0
4573,-1.4548659324645996,1,0.18185824155807495,0.0,0.0,0.0
4574,-1.6605055332183838,1,0.20756319165229797,0.0,0.0,0.0
4575,-2.5818846225738525,1,0.07273557782173157,0.0,0.0,0.0
4576,-3.0,1,0.13415658473968506,0.0,0.0,0.0
4577,-1767.7099466323853,1265,0.10754224184473513,0.1707509881422925,0.0,0.0
4578,1.7717208862304688,1,0.028534889221191406,1.0,0.0,0.0
4579,-0.6683330535888672,1,0.0835416316986084,0.0,0.0,0.0
4580,-2.2526004314422607,1,0.03157505393028259,0.0,0.0,0.0
4581,-2.460193634033203,1,0.05752420425415039,0.0,0.0,0.0
4582,-0.8124959468841553,1,0.10156199336051941,0.0,0.0,0.0
4583,1.9030051231384277,1,0.012124359607696533,1.0,0.0,0.0
4584,-0.15526676177978516,1,0.019408345222473145,1.0,0.0,0.0
4585,-0.6617000102996826,1,0.08271250128746033,0.0,0.0,0.0
4586,-0.9660115242004395,1,0.12075144052505493,0.0,0.0,0.0
4587,1.8983514308929443,1,0.012706071138381958,1.0,0.0,0.0
4588,-2.836918830871582,1,0.10461485385894775,0.0,0.0,0.0
4589,-2.932793140411377,1,0.11659914255142212,0.0,0.0,0.0
4590,-3.0,1,0.1627083718776703,0.0,0.0,0.0
4591,-1.099400520324707,1,0.13742506504058838,0.0,0.0,0.0
4592,-3.0,1,0.12595048546791077,0.0,0.0,0.0
4593,-1757.6726570129395,1265,0.13055381678309835,0.1233201581027668,0.0,0.0
4594,-2.2138538360595703,1,0.2767317295074463,0.0,0.0,0.0
4595,-1.9976222515106201,1,0.24970278143882751,0.0,0.0,0.0
4596,-2.9688823223114014,1,0.12111029028892517,0.0,0.0,0.0
4597,-3.0,1,0.15568780899047852,0.0,0.0,0.0
4598,-0.11932373046875,1,0.01491546630859375,1.0,0.0,0.0
4599,-0.989283561706543,1,0.12366044521331787,0.0,0.0,0.0
4600,-1.333083152770996,1,0.1666353940963745,0.0,0.0,0.0
4601,-2.784174919128418,1,0.09802186489105225,0.0,0.0,0.0
4602,-2.6919105052948,1,0.08648881316184998,0.0,0.0,0.0
4603,-1.0585229396820068,1,0.13231536746025085,0.0,0.0,0.0
4604,-3.0,1,0.1903705596923828,0.0,0.0,0.0
4605,-2.377915143966675,1,0.04723939299583435,0.0,0.0,0.0
4606,-3.0,1,0.24559855461120605,0.0,0.0,0.0
4607,-0.3006598949432373,1,0.03758248686790466,0.0,0.0,0.0
4608,-1.0347156524658203,1,0.12933945655822754,0.0,0.0,0.0
4609,-1655.2082047462463,1265,0.10025347313390891,0.09644268774703557,0.0,0.0
4610,-0.6085805892944336,1,0.0760725736618042,0.0,0.0,0.0
4611,-0.08232545852661133,1,0.010290682315826416,1.0,0.0,0.0
4612,-1.1364636421203613,1,0.14205795526504517,0.0,0.0,0.0
4613,-1.8323698043823242,1,0.22904622554779053,0.0,0.0,0.0
4614,-1.3093905448913574,1,0.16367381811141968,0.0,0.0,0.0
4615,-0.8870251178741455,1,0.11087813973426819,0.0,0.0,0.0
4616,-0.12404966354370117,1,0.015506207942962646,1.0,0.0,0.0
4617,-1.0123436450958252,1,0.12654295563697815,0.0,0.0,0.0
4618,-0.8757686614990234,1,0.10947108268737793,0.0,0.0,0.0
4619,-0.8545162677764893,1,0.10681453347206116,0.0,0.0,0.0
4620,-0.4494624137878418,1,0.056182801723480225,0.0,0.0,0.0
4621,-1.4282598495483398,1,0.17853248119354248,0.0,0.0,0.0
4622,-2.381052017211914,1,0.04763150215148926,0.0,0.0,0.0
4623,-2.2518625259399414,1,0.031482815742492676,0.0,0.0,0.0
4624,-0.19922161102294922,1,0.024902701377868652,1.0,0.0,0.0
4625,-1558.4488306045532,1265,0.09457868766407722,0.15810276679841898,0.0,0.0
4626,-0.2232377529144287,1,0.02790471911430359,1.0,0.0,0.0
4627,-2.5552003383636475,1,0.06940004229545593,0.0,0.0,0.0
4628,1.8789968490600586,1,0.015125393867492676,1.0,0.0,0.0
4629,-2.3865761756896973,1,0.04832202196121216,0.0,0.0,0.0
4630,1.8331470489501953,1,0.020856618881225586,1.0,0.0,0.0
4631,-3.0,1,0.12674587965011597,0.0,0.0,0.0
4632,-1.5946626663208008,1,0.1993328332901001,0.0,0.0,0.0
4633,-0.913233757019043,1,0.11415421962738037,0.0,0.0,0.0
4634,-0.2736854553222656,1,0.0342106819152832,0.0,0.0,0.0
4635,-2.555255889892578,1,0.06940698623657227,0.0,0.0,0.0
4636,-0.4426155090332031,1,0.05532693862915039,0.0,0.0,0.0
4637,-2.766679048538208,1,0.095834881067276,0.0,0.0,0.0
4638,1.8253483772277832,1,0.0218314528465271,1.0,0.0,0.0
4639,-1.3288073539733887,1,0.16610091924667358,0.0,0.0,0.0
4640,-2.659606695175171,1,0.08245083689689636,0.0,0.0,0.0
4641,-1515.5367147922516,1265,0.11637636114486122,0.1383399209486166,0.0,0.0
4642,-0.5933127403259277,1,0.07416409254074097,0.0,0.0,0.0
4643,-0.1557018756866455,1,0.01946273446083069,1.0,0.0,0.0
4644,-2.967369556427002,1,0.12092119455337524,0.0,0.0,0.0
4645,-0.06731319427490234,1,0.008414149284362793,1.0,0.0,0.0
4646,-2.358874559402466,1,0.04485931992530823,0.0,0.0,0.0
4647,-2.7659997940063477,1,0.09574997425079346,0.0,0.0,0.0
4648,-2.045654058456421,1,0.2557067573070526,0.0,0.0,0.0
4649,-0.05412554740905762,1,0.006765693426132202,1.0,0.0,0.0
4650,-2.7136335372924805,1,0.08920419216156006,0.0,0.0,0.0
4651,-0.7214798927307129,1,0.09018498659133911,0.0,0.0,0.0
4652,-1.1718289852142334,1,0.14647862315177917,0.0,0.0,0.0
4653,-2.514289617538452,1,0.06428620219230652,0.0,0.0,0.0
4654,-2.5629115104675293,1,0.32036393880844116,0.0,0.0,0.0
4655,-2.9878382682800293,1,0.12347978353500366,0.0,0.0,0.0
4656,-2.1799845695495605,1,0.27249807119369507,0.0,0.0,0.0
4657,-1588.6921062469482,1265,0.11192854056245254,0.14624505928853754,0.0,0.0
4658,-0.42297816276550293,1,0.052872270345687866,0.0,0.0,0.0
4659,-0.9113869667053223,1,0.11392337083816528,0.0,0.0,0.0
4660,-2.4474945068359375,1,0.05593681335449219,0.0,0.0,0.0
4661,1.8151044845581055,1,0.023111939430236816,1.0,0.0,0.0
4662,-1.3765912055969238,1,0.17207390069961548,0.0,0.0,0.0
4663,1.7694814205169678,1,0.02881482243537903,1.0,0.0,0.0
4664,-2.8548684120178223,1,0.10685855150222778,0.0,0.0,0.0
4665,-3.0,1,0.1543930470943451,0.0,0.0,0.0
4666,-0.3737220764160156,1,0.04671525955200195,0.0,0.0,0.0
4667,-2.639444351196289,1,0.07993054389953613,0.0,0.0,0.0
4668,-3.0,1,0.1585695743560791,0.0,0.0,0.0
4669,-2.673982620239258,1,0.08424782752990723,0.0,0.0,0.0
4670,-3.0,1,0.3018309772014618,0.0,0.0,0.0
4671,-1.5858447551727295,1,0.1982305943965912,0.0,0.0,0.0
4672,-3.0,1,0.24223589897155762,0.0,0.0,0.0
4673,-1522.1696033477783,1265,0.09624741016169311,0.1225296442687747,0.0,0.0
4674,-2.9957218170166016,1,0.1244652271270752,0.0,0.0,0.0
4675,-0.8090345859527588,1,0.10112932324409485,0.0,0.0,0.0
4676,-1.22666335105896,1,0.15333291888237,0.0,0.0,0.0
4677,-1.0484280586242676,1,0.13105350732803345,0.0,0.0,0.0
4678,1.9151761531829834,1,0.010602980852127075,1.0,0.0,0.0
4679,-0.6925122737884521,1,0.08656403422355652,0.0,0.0,0.0
4680,-0.5164573192596436,1,0.06455716490745544,0.0,0.0,0.0
4681,-0.4093046188354492,1,0.05116307735443115,0.0,0.0,0.0
4682,-0.23618268966674805,1,0.029522836208343506,1.0,0.0,0.0
4683,-2.5376312732696533,1,0.06720390915870667,0.0,0.0,0.0
4684,-0.8404948711395264,1,0.1050618588924408,0.0,0.0,0.0
4685,-2.2953648567199707,1,0.03692060708999634,0.0,0.0,0.0
4686,-2.175344944000244,1,0.2719181180000305,0.0,0.0,0.0
4687,-3.0,1,0.13620826601982117,0.0,0.0,0.0
4688,-0.26066160202026367,1,0.03258270025253296,0.0,0.0,0.0
4689,-1438.3079571723938,1265,0.10592611535735752,0.11857707509881422,0.0,0.0
4690,-0.2885112762451172,1,0.03606390953063965,0.0,0.0,0.0
4691,-2.4199106693267822,1,0.05248883366584778,0.0,0.0,0.0
4692,-1.7651214599609375,1,0.2206401824951172,0.0,0.0,0.0
4693,-1.4429881572723389,1,0.18037351965904236,0.0,0.0,0.0
4694,-3.0,1,0.3082530200481415,0.0,0.0,0.0
4695,-2.9114487171173096,1,0.1139310896396637,0.0,0.0,0.0
4696,-1.965080738067627,1,0.24563509225845337,0.0,0.0,0.0
4697,-0.5223715305328369,1,0.06529644131660461,0.0,0.0,0.0
4698,-1.2072536945343018,1,0.15090671181678772,0.0,0.0,0.0
4699,-0.697880744934082,1,0.08723509311676025,0.0,0.0,0.0
4700,-2.8573110103607178,1,0.10716387629508972,0.0,0.0,0.0
4701,-0.7530007362365723,1,0.09412509202957153,0.0,0.0,0.0
4702,-0.2918579578399658,1,0.03648224472999573,0.0,0.0,0.0
4703,-0.0786597728729248,1,0.0098324716091156,1.0,0.0,0.0
4704,-0.4791738986968994,1,0.05989673733711243,0.0,0.0,0.0
4705,-1263.9721865653992,1265,0.08286813471628272,0.233201581027668,0.0,0.0
4706,-2.863187789916992,1,0.10789847373962402,0.0,0.0,0.0
4707,-3.0,1,0.1480405628681183,0.0,0.0,0.0
4708,-2.4358298778533936,1,0.054478734731674194,0.0,0.0,0.0
4709,-0.34212684631347656,1,0.04276585578918457,0.0,0.0,0.0
4710,-2.8125410079956055,1,0.10156762599945068,0.0,0.0,0.0
4711,-1.060323715209961,1,0.13254046440124512,0.0,0.0,0.0
4712,1.8901641368865967,1,0.013729482889175415,1.0,0.0,0.0
4713,-0.23940277099609375,1,0.02992534637451172,1.0,0.0,0.0
4714,-2.3774895668029785,1,0.047186195850372314,0.0,0.0,0.0
4715,1.8093209266662598,1,0.02383488416671753,1.0,0.0,0.0
4716,-2.5683233737945557,1,0.07104042172431946,0.0,0.0,0.0
4717,-2.0810394287109375,1,0.2601299285888672,0.0,0.0,0.0
4718,-2.9766948223114014,1,0.12208685278892517,0.0,0.0,0.0
4719,1.8673253059387207,1,0.016584336757659912,1.0,0.0,0.0
4720,-1.1291227340698242,1,0.14114034175872803,0.0,0.0,0.0
4721,-1912.0977547168732,1265,0.11681941415481417,0.08142292490118577,0.0,0.0
4722,-0.9106132984161377,1,0.11382666230201721,0.0,0.0,0.0
4723,-0.12456393241882324,1,0.015570491552352905,1.0,0.0,0.0
4724,-3.0,1,0.14749068021774292,0.0,0.0,0.0
4725,-1.268873929977417,1,0.15860924124717712,0.0,0.0,0.0
4726,-2.5824790000915527,1,0.07280987501144409,0.0,0.0,0.0
4727,-0.8391256332397461,1,0.10489070415496826,0.0,0.0,0.0
4728,-3.0,1,0.13341808319091797,0.0,0.0,0.0
4729,-0.8798885345458984,1,0.1099860668182373,0.0,0.0,0.0
4730,-2.413161277770996,1,0.05164515972137451,0.0,0.0,0.0
4731,-3.0,1,0.2707311809062958,0.0,0.0,0.0
4732,-1.1423633098602295,1,0.1427954137325287,0.0,0.0,0.0
4733,-2.409648895263672,1,0.051206111907958984,0.0,0.0,0.0
4734,-1.9791536331176758,1,0.24739420413970947,0.0,0.0,0.0
4735,-1.190514087677002,1,0.14881426095962524,0.0,0.0,0.0
4736,-2.6607892513275146,1,0.08259865641593933,0.0,0.0,0.0
4737,-1697.8175554275513,1265,0.0990321695804596,0.14861660079051384,0.0,0.0
4738,-2.939419984817505,1,0.11742749810218811,0.0,0.0,0.0
4739,-2.861966133117676,1,0.10774576663970947,0.0,0.0,0.0
4740,-2.548340320587158,1,0.06854254007339478,0.0,0.0,0.0
4741,-2.1021177768707275,1,0.26276472210884094,0.0,0.0,0.0
4742,-0.2201550006866455,1,0.02751937508583069,1.0,0.0,0.0
4743,-0.28160810470581055,1,0.03520101308822632,0.0,0.0,0.0
4744,-1.857269048690796,1,0.2321586310863495,0.0,0.0,0.0
4745,-1.2175195217132568,1,0.1521899402141571,0.0,0.0,0.0
4746,-1.5459706783294678,1,0.19324633479118347,0.0,0.0,0.0
4747,-0.6835193634033203,1,0.08543992042541504,0.0,0.0,0.0
4748,-0.9759464263916016,1,0.1219933032989502,0.0,0.0,0.0
4749,-0.24399375915527344,1,0.03049921989440918,0.0,0.0,0.0
4750,-3.0,1,0.14888200163841248,0.0,0.0,0.0
4751,-2.9480838775634766,1,0.11851048469543457,0.0,0.0,0.0
4752,-2.7642951011657715,1,0.09553688764572144,0.0,0.0,0.0
4753,-1713.280121088028,1265,0.12949348530279317,0.16363636363636364,0.0,0.0
4754,-0.15604496002197266,1,0.019505620002746582,1.0,0.0,0.0
4755,-0.009822368621826172,1,0.0012277960777282715,1.0,0.0,0.0
4756,-2.928722858428955,1,0.11609035730361938,0.0,0.0,0.0
4757,-2.6109890937805176,1,0.0763736367225647,0.0,0.0,0.0
4758,-0.7070968151092529,1,0.08838710188865662,0.0,0.0,0.0
4759,-0.3569951057434082,1,0.044624388217926025,0.0,0.0,0.0
4760,-1.780691385269165,1,0.22258642315864563,0.0,0.0,0.0
4761,-2.8540518283843994,1,0.10675647854804993,0.0,0.0,0.0
4762,-1.845635175704956,1,0.2307043969631195,0.0,0.0,0.0
4763,-0.5136363506317139,1,0.06420454382896423,0.0,0.0,0.0
4764,-1.5738706588745117,1,0.19673383235931396,0.0,0.0,0.0
4765,-2.4188928604125977,1,0.05236160755157471,0.0,0.0,0.0
4766,-0.41788768768310547,1,0.052235960960388184,0.0,0.0,0.0
4767,-3.0,1,0.14227735996246338,0.0,0.0,0.0
4768,-0.3662562370300293,1,0.04578202962875366,0.0,0.0,0.0
4769,-1529.2715246677399,1265,0.1111916998393922,0.1691699604743083,0.0,0.0
4770,-1.3398113250732422,1,0.16747641563415527,0.0,0.0,0.0
4771,-0.7823097705841064,1,0.0977887213230133,0.0,0.0,0.0
4772,-1.8653926849365234,1,0.23317408561706543,0.0,0.0,0.0
4773,-1.1338694095611572,1,0.14173367619514465,0.0,0.0,0.0
4774,-0.6809706687927246,1,0.08512133359909058,0.0,0.0,0.0
4775,-1.013869047164917,1,0.12673363089561462,0.0,0.0,0.0
4776,1.8547656536102295,1,0.018154293298721313,1.0,0.0,0.0
4777,-2.315915107727051,1,0.03948938846588135,0.0,0.0,0.0
4778,-0.32491564750671387,1,0.04061445593833923,0.0,0.0,0.0
4779,-0.09815025329589844,1,0.012268781661987305,1.0,0.0,0.0
4780,-2.39487624168396,1,0.049359530210494995,0.0,0.0,0.0
4781,-3.0,1,0.13650557398796082,0.0,0.0,0.0
4782,-0.5970335006713867,1,0.07462918758392334,0.0,0.0,0.0
4783,-0.9819176197052002,1,0.12273970246315002,0.0,0.0,0.0
4784,-3.0,1,0.28946560621261597,0.0,0.0,0.0
4785,-1680.9819250106812,1265,0.09872359044467037,0.1241106719367589,0.0,0.0
4786,-0.9293477535247803,1,0.11616846919059753,0.0,0.0,0.0
4787,1.9903597831726074,1,0.0012050271034240723,1.0,0.0,0.0
4788,-2.84942889213562,1,0.10617861151695251,0.0,0.0,0.0
4789,-2.467122793197632,1,0.05839034914970398,0.0,0.0,0.0
4790,-0.6371803283691406,1,0.07964754104614258,0.0,0.0,0.0
4791,-2.300183057785034,1,0.03752288222312927,0.0,0.0,0.0
4792,-0.8412299156188965,1,0.10515373945236206,0.0,0.0,0.0
4793,-0.9870359897613525,1,0.12337949872016907,0.0,0.0,0.0
4794,-2.456490993499756,1,0.05706137418746948,0.0,0.0,0.0
4795,-3.0,1,0.12731698155403137,0.0,0.0,0.0
4796,-2.958181858062744,1,0.11977273225784302,0.0,0.0,0.0
4797,-3.0,1,0.24217930436134338,0.0,0.0,0.0
4798,-2.147026538848877,1,0.2683783173561096,0.0,0.0,0.0
4799,-3.0,1,0.2785351276397705,0.0,0.0,0.0
4800,-0.8718304634094238,1,0.10897880792617798,0.0,0.0,0.0
4801,-1511.8195555210114,1265,0.0990112722155605,0.17707509881422925,0.0,0.0
4802,1.8782801628112793,1,0.015214979648590088,1.0,0.0,0.0
4803,-2.392744541168213,1,0.04909306764602661,0.0,0.0,0.0
4804,-1.0427165031433105,1,0.13033956289291382,0.0,0.0,0.0
4805,-0.5485661029815674,1,0.06857076287269592,0.0,0.0,0.0
4806,1.7856650352478027,1,0.026791870594024658,1.0,0.0,0.0
4807,-0.867811918258667,1,0.10847648978233337,0.0,0.0,0.0
4808,-0.6155869960784912,1,0.0769483745098114,0.0,0.0,0.0
4809,-0.3661060333251953,1,0.045763254165649414,0.0,0.0,0.0
4810,-0.7996609210968018,1,0.09995761513710022,0.0,0.0,0.0
4811,-3.0,1,0.19244498014450073,0.0,0.0,0.0
4812,-1.8785834312438965,1,0.23482292890548706,0.0,0.0,0.0
4813,-2.694334030151367,1,0.0867917537689209,0.0,0.0,0.0
4814,-0.5277364253997803,1,0.06596705317497253,0.0,0.0,0.0
4815,-2.7505297660827637,1,0.09381622076034546,0.0,0.0,0.0
4816,1.9096612930297852,1,0.011292338371276855,1.0,0.0,0.0
4817,-1110.380791425705,1265,0.09518814685316425,0.21422924901185772,0.0,0.0
4818,-1.0656979084014893,1,0.13321223855018616,0.0,0.0,0.0
4819,-0.7073523998260498,1,0.08841904997825623,0.0,0.0,0.0
4820,-3.0,1,0.21964097023010254,0.0,0.0,0.0
4821,1.906158685684204,1,0.011730164289474487,1.0,0.0,0.0
4822,-1.4531254768371582,1,0.18164068460464478,0.0,0.0,0.0
4823,-0.6858065128326416,1,0.0857258141040802,0.0,0.0,0.0
4824,-0.5942628383636475,1,0.07428285479545593,0.0,0.0,0.0
4825,1.8005633354187012,1,0.024929583072662354,1.0,0.0,0.0
4826,-3.0,1,0.1733880639076233,0.0,0.0,0.0
4827,-1.2162821292877197,1,0.15203526616096497,0.0,0.0,0.0
4828,1.964735507965088,1,0.004408061504364014,1.0,0.0,0.0
4829,-0.968517541885376,1,0.121064692735672,0.0,0.0,0.0
4830,-3.0,1,0.13559681177139282,0.0,0.0,0.0
4831,-0.9979753494262695,1,0.12474691867828369,0.0,0.0,0.0
4832,-1.206618070602417,1,0.15082725882530212,0.0,0.0,0.0
4833,-1321.1672673225403,1265,0.08549541225546434,0.1841897233201581,0.0,0.0
4834,-0.2812347412109375,1,0.03515434265136719,0.0,0.0,0.0
4835,-2.926870107650757,1,0.1158587634563446,0.0,0.0,0.0
4836,-2.8658061027526855,1,0.1082257628440857,0.0,0.0,0.0
4837,-3.0,1,0.19421592354774475,0.0,0.0,0.0
4838,-2.3479690551757812,1,0.043496131896972656,0.0,0.0,0.0
4839,-0.2244434356689453,1,0.028055429458618164,1.0,0.0,0.0
4840,-1.0155136585235596,1,0.12693920731544495,0.0,0.0,0.0
4841,-0.7691826820373535,1,0.09614783525466919,0.0,0.0,0.0
4842,-1.114220380783081,1,0.13927754759788513,0.0,0.0,0.0
4843,-0.9366664886474609,1,0.11708331108093262,0.0,0.0,0.0
4844,1.8448026180267334,1,0.019399672746658325,1.0,0.0,0.0
4845,-0.8319730758666992,1,0.1039966344833374,0.0,0.0,0.0
4846,-0.7535948753356934,1,0.09419935941696167,0.0,0.0,0.0
4847,-0.5439844131469727,1,0.06799805164337158,0.0,0.0,0.0
4848,-0.5640006065368652,1,0.07050007581710815,0.0,0.0,0.0
4849,-803.3942477703094,1265,0.07913847973224203,0.2964426877470356,0.0,0.0
4850,-0.43273448944091797,1,0.054091811180114746,0.0,0.0,0.0
4851,-2.2372794151306152,1,0.2796599268913269,0.0,0.0,0.0
4852,-0.05205535888671875,1,0.006506919860839844,1.0,0.0,0.0
4853,1.9964418411254883,1,0.00044476985931396484,1.0,0.0,0.0
4854,-2.3760595321655273,1,0.04700744152069092,0.0,0.0,0.0
4855,-0.10336112976074219,1,0.012920141220092773,1.0,0.0,0.0
4856,-0.6492443084716797,1,0.08115553855895996,0.0,0.0,0.0
4857,-0.26233625411987305,1,0.03279203176498413,0.0,0.0,0.0
4858,-2.5805201530456543,1,0.3225650191307068,0.0,0.0,0.0
4859,-0.7274765968322754,1,0.09093457460403442,0.0,0.0,0.0
4860,-2.2488863468170166,1,0.031110793352127075,0.0,0.0,0.0
4861,-0.7344295978546143,1,0.09180369973182678,0.0,0.0,0.0
4862,1.7868494987487793,1,0.026643812656402588,1.0,0.0,0.0
4863,-2.429476022720337,1,0.053684502840042114,0.0,0.0,0.0
4864,-2.441499710083008,1,0.05518746376037598,0.0,0.0,0.0
4865,-1233.7354710102081,1265,0.083972671969606,0.29881422924901185,0.0,0.0
4866,-0.14305472373962402,1,0.017881840467453003,1.0,0.0,0.0
4867,1.8632776737213135,1,0.017090290784835815,1.0,0.0,0.0
4868,-2.2541191577911377,1,0.03176489472389221,0.0,0.0,0.0
4869,-2.593888759613037,1,0.07423609495162964,0.0,0.0,0.0
4870,1.7813911437988281,1,0.027326107025146484,1.0,0.0,0.0
4871,-0.8742778301239014,1,0.10928472876548767,0.0,0.0,0.0
4872,-1.7801682949066162,1,0.22252103686332703,0.0,0.0,0.0
4873,-3.0,1,0.15512773394584656,0.0,0.0,0.0
4874,-0.1104586124420166,1,0.013807326555252075,1.0,0.0,0.0
4875,-0.208892822265625,1,0.026111602783203125,1.0,0.0,0.0
4876,-3.0,1,0.1819862723350525,0.0,0.0,0.0
4877,-1.103334665298462,1,0.13791683316230774,0.0,0.0,0.0
4878,-1.2041027545928955,1,0.15051284432411194,0.0,0.0,0.0
4879,1.7600317001342773,1,0.029996037483215332,1.0,0.0,0.0
4880,1.8418874740600586,1,0.019764065742492676,1.0,0.0,0.0
4881,-1422.609090089798,1265,0.10883943195870742,0.183399209486166,0.0,0.0
4882,-2.3125905990600586,1,0.039073824882507324,0.0,0.0,0.0
4883,-0.7762725353240967,1,0.09703406691551208,0.0,0.0,0.0
4884,-1.7281901836395264,1,0.2160237729549408,0.0,0.0,0.0
4885,-2.195549726486206,1,0.27444371581077576,0.0,0.0,0.0
4886,1.778196096420288,1,0.02772548794746399,1.0,0.0,0.0
4887,-0.9497742652893066,1,0.11872178316116333,0.0,0.0,0.0
4888,-1.6856935024261475,1,0.21071168780326843,0.0,0.0,0.0
4889,-3.0,1,0.2624865472316742,0.0,0.0,0.0
4890,-2.241499185562134,1,0.2801873981952667,0.0,0.0,0.0
4891,-1.716139554977417,1,0.21451744437217712,0.0,0.0,0.0
4892,1.8879551887512207,1,0.014005601406097412,1.0,0.0,0.0
4893,-0.07045197486877441,1,0.008806496858596802,1.0,0.0,0.0
4894,1.9233009815216064,1,0.009587377309799194,1.0,0.0,0.0
4895,-2.6137306690216064,1,0.0767163336277008,0.0,0.0,0.0
4896,-0.820004940032959,1,0.10250061750411987,0.0,0.0,0.0
4897,-1598.6152510643005,1265,0.09300769499168095,0.13359683794466404,0.0,0.0
4898,-0.44901108741760254,1,0.05612638592720032,0.0,0.0,0.0
4899,-0.7028374671936035,1,0.08785468339920044,0.0,0.0,0.0
4900,-2.3862171173095703,1,0.04827713966369629,0.0,0.0,0.0
4901,-2.3306167125701904,1,0.041327089071273804,0.0,0.0,0.0
4902,-0.6759350299835205,1,0.08449187874794006,0.0,0.0,0.0
4903,-2.245272159576416,1,0.030659019947052002,0.0,0.0,0.0
4904,-2.699493408203125,1,0.08743667602539062,0.0,0.0,0.0
4905,-0.5786874294281006,1,0.07233592867851257,0.0,0.0,0.0
4906,-1.0123317241668701,1,0.12654146552085876,0.0,0.0,0.0
4907,-0.4172062873840332,1,0.05215078592300415,0.0,0.0,0.0
4908,-0.9389712810516357,1,0.11737141013145447,0.0,0.0,0.0
4909,-2.809147596359253,1,0.10114344954490662,0.0,0.0,0.0
4910,-0.5399746894836426,1,0.06749683618545532,0.0,0.0,0.0
4911,-0.33235764503479004,1,0.041544705629348755,0.0,0.0,0.0
4912,-1.9136464595794678,1,0.23920580744743347,0.0,0.0,0.0
4913,-1463.951073884964,1265,0.10306724404157858,0.17470355731225296,0.0,0.0
4914,-2.6046252250671387,1,0.32557815313339233,0.0,0.0,0.0
4915,-0.32602834701538086,1,0.04075354337692261,0.0,0.0,0.0
4916,-1.0883376598358154,1,0.13604220747947693,0.0,0.0,0.0
4917,-1.2194275856018066,1,0.15242844820022583,0.0,0.0,0.0
4918,1.7904887199401855,1,0.026188910007476807,1.0,0.0,0.0
4919,-3.0,1,0.2891378104686737,0.0,0.0,0.0
4920,-0.3506312370300293,1,0.04382890462875366,0.0,0.0,0.0
4921,-1.2198128700256348,1,0.15247660875320435,0.0,0.0,0.0
4922,-1.468726396560669,1,0.18359079957008362,0.0,0.0,0.0
4923,-1.6095874309539795,1,0.20119842886924744,0.0,0.0,0.0
4924,-0.2695932388305664,1,0.0336991548538208,0.0,0.0,0.0
4925,-3.0,1,0.14503496885299683,0.0,0.0,0.0
4926,-3.0,1,0.13828611373901367,0.0,0.0,0.0
4927,-2.697462797164917,1,0.08718284964561462,0.0,0.0,0.0
4928,-0.1085505485534668,1,0.01356881856918335,1.0,0.0,0.0
4929,-1419.4975318908691,1265,0.09342930505398234,0.2308300395256917,0.0,0.0
4930,-1.0928306579589844,1,0.13660383224487305,0.0,0.0,0.0
4931,-0.17581510543823242,1,0.021976888179779053,1.0,0.0,0.0
4932,-0.6356256008148193,1,0.07945320010185242,0.0,0.0,0.0
4933,-0.48862409591674805,1,0.061078011989593506,0.0,0.0,0.0
4934,1.9452264308929443,1,0.006846696138381958,1.0,0.0,0.0
4935,-3.0,1,0.16324907541275024,0.0,0.0,0.0
4936,-0.16034436225891113,1,0.02004304528236389,1.0,0.0,0.0
4937,-3.0,1,0.2341664433479309,0.0,0.0,0.0
4938,-0.4240684509277344,1,0.0530085563659668,0.0,0.0,0.0
4939,-0.1425011157989502,1,0.017812639474868774,1.0,0.0,0.0
4940,-2.3591532707214355,1,0.04489415884017944,0.0,0.0,0.0
4941,1.8067145347595215,1,0.024160683155059814,1.0,0.0,0.0
4942,-0.7242679595947266,1,0.09053349494934082,0.0,0.0,0.0
4943,-2.4872236251831055,1,0.060902953147888184,0.0,0.0,0.0
4944,-3.0,1,0.1553623080253601,0.0,0.0,0.0
4945,-1316.6691694259644,1265,0.08952171665877692,0.12648221343873517,0.0,0.0
4946,-0.32242321968078613,1,0.04030290246009827,0.0,0.0,0.0
4947,-0.6157131195068359,1,0.07696413993835449,0.0,0.0,0.0
4948,-1.145904779434204,1,0.1432380974292755,0.0,0.0,0.0
4949,-2.9689712524414062,1,0.12112140655517578,0.0,0.0,0.0
4950,-2.2545666694641113,1,0.031820833683013916,0.0,0.0,0.0
4951,-0.37965822219848633,1,0.04745727777481079,0.0,0.0,0.0
4952,-1.2811763286590576,1,0.1601470410823822,0.0,0.0,0.0
4953,-0.838935136795044,1,0.1048668920993805,0.0,0.0,0.0
4954,1.8533861637115479,1,0.01832672953605652,1.0,0.0,0.0
4955,-0.5023565292358398,1,0.06279456615447998,0.0,0.0,0.0
4956,1.914022445678711,1,0.010747194290161133,1.0,0.0,0.0
4957,-3.0,1,0.15136301517486572,0.0,0.0,0.0
4958,-3.0,1,0.24532121419906616,0.0,0.0,0.0
4959,-2.3334717750549316,1,0.041683971881866455,0.0,0.0,0.0
4960,-0.8177201747894287,1,0.10221502184867859,0.0,0.0,0.0
4961,-1657.2989654541016,1265,0.12103333906693892,0.11146245059288537,0.0,0.0
4962,-2.560817003250122,1,0.07010212540626526,0.0,0.0,0.0
4963,-3.0,1,0.17414313554763794,0.0,0.0,0.0
4964,-1.97532320022583,1,0.24691540002822876,0.0,0.0,0.0
4965,-3.0,1,0.13489657640457153,0.0,0.0,0.0
4966,-1.0264873504638672,1,0.1283109188079834,0.0,0.0,0.0
4967,-2.599694013595581,1,0.07496175169944763,0.0,0.0,0.0
4968,-0.4025611877441406,1,0.05032014846801758,0.0,0.0,0.0
4969,1.903470516204834,1,0.012066185474395752,1.0,0.0,0.0
4970,-1.3515558242797852,1,0.16894447803497314,0.0,0.0,0.0
4971,-0.011911869049072266,1,0.0014889836311340332,1.0,0.0,0.0
4972,-2.6539130210876465,1,0.3317391276359558,0.0,0.0,0.0
4973,-0.3326420783996582,1,0.041580259799957275,0.0,0.0,0.0
4974,1.8351783752441406,1,0.020602703094482422,1.0,0.0,0.0
4975,-2.008666753768921,1,0.2510833442211151,0.0,0.0,0.0
4976,-0.2071382999420166,1,0.025892287492752075,1.0,0.0,0.0
4977,-1164.3795714378357,1265,0.08796628979826163,0.22292490118577074,0.0,0.0
4978,-0.6607410907745361,1,0.08259263634681702,0.0,0.0,0.0
4979,-0.440579891204834,1,0.05507248640060425,0.0,0.0,0.0
4980,-0.5075139999389648,1,0.0634392499923706,0.0,0.0,0.0
4981,-0.6637437343597412,1,0.08296796679496765,0.0,0.0,0.0
4982,-0.2549400329589844,1,0.03186750411987305,0.0,0.0,0.0
4983,-2.2136566638946533,1,0.27670708298683167,0.0,0.0,0.0
4984,-2.543485164642334,1,0.06793564558029175,0.0,0.0,0.0
4985,-0.803187370300293,1,0.10039842128753662,0.0,0.0,0.0
4986,-1.012488842010498,1,0.12656110525131226,0.0,0.0,0.0
4987,-0.8425655364990234,1,0.10532069206237793,0.0,0.0,0.0
4988,-0.9155135154724121,1,0.11443918943405151,0.0,0.0,0.0
4989,-0.004529476165771484,1,0.0005661845207214355,1.0,0.0,0.0
4990,-1.111405611038208,1,0.138925701379776,0.0,0.0,0.0
4991,-2.8545403480529785,1,0.10681754350662231,0.0,0.0,0.0
4992,-1.5544047355651855,1,0.1943005919456482,0.0,0.0,0.0
4993,-1480.1917400360107,1265,0.09109731316566468,0.1715415019762846,0.0,0.0
4994,-2.4599804878234863,1,0.05749756097793579,0.0,0.0,0.0
4995,1.7705235481262207,1,0.028684556484222412,1.0,0.0,0.0
4996,-0.9623918533325195,1,0.12029898166656494,0.0,0.0,0.0
4997,-2.310415744781494,1,0.03880196809768677,0.0,0.0,0.0
4998,-0.5354135036468506,1,0.06692668795585632,0.0,0.0,0.0
4999,-0.47623682022094727,1,0.05952960252761841,0.0,0.0,0.0
5000,-3.0,1,0.15857306122779846,0.0,0.0,0.0
5001,-0.7433891296386719,1,0.09292364120483398,0.0,0.0,0.0
5002,-1.6581377983093262,1,0.20726722478866577,0.0,0.0,0.0
5003,-3.0,1,0.13478389382362366,0.0,0.0,0.0
5004,-2.285311460494995,1,0.03566393256187439,0.0,0.0,0.0
5005,-3.0,1,0.15282896161079407,0.0,0.0,0.0
5006,-2.9286129474639893,1,0.11607661843299866,0.0,0.0,0.0
5007,-1.1653430461883545,1,0.1456678807735443,0.0,0.0,0.0
5008,-1.7642669677734375,1,0.2205333709716797,0.0,0.0,0.0
5009,-1198.698090314865,1265,0.08927012462860982,0.2189723320158103,0.0,0.0
5010,-2.1548449993133545,1,0.2693556249141693,0.0,0.0,0.0
5011,1.8513643741607666,1,0.018579453229904175,1.0,0.0,0.0
5012,-2.9469990730285645,1,0.11837488412857056,0.0,0.0,0.0
5013,-1.0507714748382568,1,0.1313464343547821,0.0,0.0,0.0
5014,-0.41667747497558594,1,0.05208468437194824,0.0,0.0,0.0
5015,-1.3847856521606445,1,0.17309820652008057,0.0,0.0,0.0
5016,-1.1045372486114502,1,0.13806715607643127,0.0,0.0,0.0
5017,1.8046398162841797,1,0.02442002296447754,1.0,0.0,0.0
5018,1.826202154159546,1,0.021724730730056763,1.0,0.0,0.0
5019,-2.570194721221924,1,0.07127434015274048,0.0,0.0,0.0
5020,-0.5194087028503418,1,0.06492608785629272,0.0,0.0,0.0
5021,-2.2305705547332764,1,0.27882131934165955,0.0,0.0,0.0
5022,-0.8343288898468018,1,0.10429111123085022,0.0,0.0,0.0
5023,-1.6745898723602295,1,0.2093237340450287,0.0,0.0,0.0
5024,-3.0,1,0.15603786706924438,0.0,0.0,0.0
5025,-1166.4668321609497,1265,0.09891650525948747,0.2545454545454545,0.0,0.0
5026,-0.7997524738311768,1,0.0999690592288971,0.0,0.0,0.0
5027,-0.3941774368286133,1,0.04927217960357666,0.0,0.0,0.0
5028,1.9488790035247803,1,0.006390124559402466,1.0,0.0,0.0
5029,-0.38262391090393066,1,0.04782798886299133,0.0,0.0,0.0
5030,-0.27194786071777344,1,0.03399348258972168,0.0,0.0,0.0
5031,-2.824687957763672,1,0.10308599472045898,0.0,0.0,0.0
5032,-0.43430376052856445,1,0.05428797006607056,0.0,0.0,0.0
5033,-2.9919700622558594,1,0.12399625778198242,0.0,0.0,0.0
5034,-3.0,1,0.3208461403846741,0.0,0.0,0.0
5035,-1.638007640838623,1,0.20475095510482788,0.0,0.0,0.0
5036,-2.936579942703247,1,0.11707249283790588,0.0,0.0,0.0
5037,1.8240571022033691,1,0.021992862224578857,1.0,0.0,0.0
5038,-1.9055962562561035,1,0.23819953203201294,0.0,0.0,0.0
5039,-0.2692248821258545,1,0.03365311026573181,0.0,0.0,0.0
5040,-0.7079827785491943,1,0.08849784731864929,0.0,0.0,0.0
5041,-1629.0239589214325,1265,0.10372006290043767,0.15810276679841898,0.0,0.0
5042,1.8117928504943848,1,0.023525893688201904,1.0,0.0,0.0
5043,-2.496731758117676,1,0.06209146976470947,0.0,0.0,0.0
5044,-0.4586362838745117,1,0.057329535484313965,0.0,0.0,0.0
5045,-0.8830323219299316,1,0.11037904024124146,0.0,0.0,0.0
5046,-1.0576684474945068,1,0.13220855593681335,0.0,0.0,0.0
5047,-3.0,1,0.29198703169822693,0.0,0.0,0.0
5048,-1.5407342910766602,1,0.19259178638458252,0.0,0.0,0.0
5049,-1.7098901271820068,1,0.21373626589775085,0.0,0.0,0.0
5050,-0.3446195125579834,1,0.043077439069747925,0.0,0.0,0.0
5051,-0.7694032192230225,1,0.09617540240287781,0.0,0.0,0.0
5052,-0.7480862140655518,1,0.09351077675819397,0.0,0.0,0.0
5053,-0.1892375946044922,1,0.023654699325561523,1.0,0.0,0.0
5054,-2.454254150390625,1,0.056781768798828125,0.0,0.0,0.0
5055,-2.908604383468628,1,0.11357554793357849,0.0,0.0,0.0
5056,-2.5607638359069824,1,0.0700954794883728,0.0,0.0,0.0
5057,-1624.8974287509918,1265,0.10282562068799739,0.10197628458498023,0.0,0.0
5058,-3.0,1,0.23451915383338928,0.0,0.0,0.0
5059,-1.6751387119293213,1,0.20939233899116516,0.0,0.0,0.0
5060,-2.9228038787841797,1,0.11535048484802246,0.0,0.0,0.0
5061,-0.889613151550293,1,0.11120164394378662,0.0,0.0,0.0
5062,-2.4420056343078613,1,0.055250704288482666,0.0,0.0,0.0
5063,-3.0,1,0.15769696235656738,0.0,0.0,0.0
5064,-3.0,1,0.24182593822479248,0.0,0.0,0.0
5065,-1.0887336730957031,1,0.1360917091369629,0.0,0.0,0.0
5066,-0.6229989528656006,1,0.07787486910820007,0.0,0.0,0.0
5067,-2.8614115715026855,1,0.1076764464378357,0.0,0.0,0.0
5068,-0.05939650535583496,1,0.00742456316947937,1.0,0.0,0.0
5069,1.815354585647583,1,0.023080676794052124,1.0,0.0,0.0
5070,-0.7632672786712646,1,0.09540840983390808,0.0,0.0,0.0
5071,-0.8184287548065186,1,0.10230359435081482,0.0,0.0,0.0
5072,-0.7768745422363281,1,0.09710931777954102,0.0,0.0,0.0
5073,-1641.0247912406921,1265,0.09369395672097036,0.17786561264822134,0.0,0.0
5074,-2.676541566848755,1,0.08456769585609436,0.0,0.0,0.0
5075,-3.0,1,0.14520663022994995,0.0,0.0,0.0
5076,-0.1591472625732422,1,0.019893407821655273,1.0,0.0,0.0
5077,-0.2225480079650879,1,0.027818500995635986,1.0,0.0,0.0
5078,-0.31410717964172363,1,0.039263397455215454,0.0,0.0,0.0
5079,-0.38239216804504395,1,0.04779902100563049,0.0,0.0,0.0
5080,-2.3528053760528564,1,0.044100672006607056,0.0,0.0,0.0
5081,-0.7179150581359863,1,0.08973938226699829,0.0,0.0,0.0
5082,-2.903520345687866,1,0.11294004321098328,0.0,0.0,0.0
5083,-3.0,1,0.13243022561073303,0.0,0.0,0.0
5084,-1.0904736518859863,1,0.1363092064857483,0.0,0.0,0.0
5085,1.977085828781128,1,0.002864271402359009,1.0,0.0,0.0
5086,-3.0,1,0.3245968222618103,0.0,0.0,0.0
5087,-2.77923321723938,1,0.09740415215492249,0.0,0.0,0.0
5088,-2.5829365253448486,1,0.07286706566810608,0.0,0.0,0.0
5089,-1702.9291999340057,1265,0.10166664846801005,0.1067193675889328,0.0,0.0
5090,-2.7699103355407715,1,0.09623879194259644,0.0,0.0,0.0
5091,-2.9824938774108887,1,0.12281173467636108,0.0,0.0,0.0
5092,-2.9559197425842285,1,0.11948996782302856,0.0,0.0,0.0
5093,-0.6052136421203613,1,0.07565170526504517,0.0,0.0,0.0
5094,-0.011491775512695312,1,0.001436471939086914,1.0,0.0,0.0
5095,-0.27650952339172363,1,0.034563690423965454,0.0,0.0,0.0
5096,-3.0,1,0.1701834499835968,0.0,0.0,0.0
5097,-3.0,1,0.22563794255256653,0.0,0.0,0.0
5098,-2.286947727203369,1,0.03586846590042114,0.0,0.0,0.0
5099,-2.6339664459228516,1,0.07924580574035645,0.0,0.0,0.0
5100,-2.271868944168091,1,0.03398361802101135,0.0,0.0,0.0
5101,-0.5627560615539551,1,0.07034450769424438,0.0,0.0,0.0
5102,-0.7342967987060547,1,0.09178709983825684,0.0,0.0,0.0
5103,-0.7519354820251465,1,0.09399193525314331,0.0,0.0,0.0
5104,-2.3347134590148926,1,0.04183918237686157,0.0,0.0,0.0
5105,-1500.1338105201721,1265,0.10878824144012843,0.15573122529644268,0.0,0.0
5106,-2.236599922180176,1,0.279574990272522,0.0,0.0,0.0
5107,-2.2938272953033447,1,0.03672841191291809,0.0,0.0,0.0
5108,-0.43192005157470703,1,0.05399000644683838,0.0,0.0,0.0
5109,-0.17364811897277832,1,0.02170601487159729,1.0,0.0,0.0
5110,-0.7713611125946045,1,0.09642013907432556,0.0,0.0,0.0
5111,-0.8919494152069092,1,0.11149367690086365,0.0,0.0,0.0
5112,-0.6791610717773438,1,0.08489513397216797,0.0,0.0,0.0
5113,1.7815003395080566,1,0.02731245756149292,1.0,0.0,0.0
5114,1.8041019439697266,1,0.02448725700378418,1.0,0.0,0.0
5115,-0.8439540863037109,1,0.10549426078796387,0.0,0.0,0.0
5116,-1.1961209774017334,1,0.14951512217521667,0.0,0.0,0.0
5117,-0.027170419692993164,1,0.0033963024616241455,1.0,0.0,0.0
5118,-1.675194263458252,1,0.2093992829322815,0.0,0.0,0.0
5119,-2.44016170501709,1,0.05502021312713623,0.0,0.0,0.0
5120,-2.0807554721832275,1,0.26009443402290344,0.0,0.0,0.0
5121,-1170.6429090499878,1265,0.08796807381475395,0.17786561264822134,0.0,0.0
5122,-0.27533769607543945,1,0.03441721200942993,0.0,0.0,0.0
5123,1.9743199348449707,1,0.003210008144378662,1.0,0.0,0.0
5124,1.7837319374084473,1,0.027033507823944092,1.0,0.0,0.0
5125,-3.0,1,0.21890118718147278,0.0,0.0,0.0
5126,-0.40684938430786133,1,0.050856173038482666,0.0,0.0,0.0
5127,-2.662379741668701,1,0.08279746770858765,0.0,0.0,0.0
5128,-0.6975100040435791,1,0.08718875050544739,0.0,0.0,0.0
5129,-2.673830270767212,1,0.08422878384590149,0.0,0.0,0.0
5130,-3.0,1,0.13609886169433594,0.0,0.0,0.0
5131,1.9116535186767578,1,0.011043310165405273,1.0,0.0,0.0
5132,-1.7054121494293213,1,0.21317651867866516,0.0,0.0,0.0
5133,-3.0,1,0.15482234954833984,0.0,0.0,0.0
5134,-1.4987194538116455,1,0.1873399317264557,0.0,0.0,0.0
5135,-0.5613677501678467,1,0.07017096877098083,0.0,0.0,0.0
5136,-0.23467302322387695,1,0.02933412790298462,1.0,0.0,0.0
5137,-1714.9097385406494,1265,0.10813500174420625,0.14308300395256918,0.0,0.0
5138,1.8682997226715088,1,0.0164625346660614,1.0,0.0,0.0
5139,-1.9499413967132568,1,0.2437426745891571,0.0,0.0,0.0
5140,-0.5878829956054688,1,0.0734853744506836,0.0,0.0,0.0
5141,-0.7613482475280762,1,0.09516853094100952,0.0,0.0,0.0
5142,-3.0,1,0.19547083973884583,0.0,0.0,0.0
5143,-1.6339750289916992,1,0.2042468786239624,0.0,0.0,0.0
5144,-1.152082920074463,1,0.14401036500930786,0.0,0.0,0.0
5145,-0.4243032932281494,1,0.05303791165351868,0.0,0.0,0.0
5146,-2.968161106109619,1,0.12102013826370239,0.0,0.0,0.0
5147,1.859238624572754,1,0.01759517192840576,1.0,0.0,0.0
5148,-0.9716641902923584,1,0.1214580237865448,0.0,0.0,0.0
5149,-0.847559928894043,1,0.10594499111175537,0.0,0.0,0.0
5150,-3.0,1,0.15970540046691895,0.0,0.0,0.0
5151,-2.8243491649627686,1,0.10304364562034607,0.0,0.0,0.0
5152,-0.22394657135009766,1,0.027993321418762207,1.0,0.0,0.0
5153,-1194.2552525997162,1265,0.08268934349297535,0.20711462450592885,0.0,0.0
5154,1.992518424987793,1,0.0009351968765258789,1.0,0.0,0.0
5155,-2.508204698562622,1,0.06352558732032776,0.0,0.0,0.0
5156,-2.7912139892578125,1,0.09890174865722656,0.0,0.0,0.0
5157,-0.8490445613861084,1,0.10613057017326355,0.0,0.0,0.0
5158,-3.0,1,0.15171048045158386,0.0,0.0,0.0
5159,-0.87579345703125,1,0.10947418212890625,0.0,0.0,0.0
5160,-2.4497978687286377,1,0.05622473359107971,0.0,0.0,0.0
5161,-2.576101541519165,1,0.07201269268989563,0.0,0.0,0.0
5162,-0.362335205078125,1,0.045291900634765625,0.0,0.0,0.0
5163,-0.6626420021057129,1,0.08283025026321411,0.0,0.0,0.0
5164,1.9297690391540527,1,0.008778870105743408,1.0,0.0,0.0
5165,-3.0,1,0.14402171969413757,0.0,0.0,0.0
5166,1.9936275482177734,1,0.0007965564727783203,1.0,0.0,0.0
5167,-1.7487049102783203,1,0.21858811378479004,0.0,0.0,0.0
5168,-0.30483365058898926,1,0.03810420632362366,0.0,0.0,0.0
5169,-1362.0359411239624,1265,0.09375567407947284,0.22055335968379447,0.0,0.0
5170,-0.6201074123382568,1,0.0775134265422821,0.0,0.0,0.0
5171,-2.158914089202881,1,0.2698642611503601,0.0,0.0,0.0
5172,-3.0,1,0.13709890842437744,0.0,0.0,0.0
5173,1.8635306358337402,1,0.01705867052078247,1.0,0.0,0.0
5174,-0.3506484031677246,1,0.043831050395965576,0.0,0.0,0.0
5175,-0.43937063217163086,1,0.05492132902145386,0.0,0.0,0.0
5176,-2.4232490062713623,1,0.05290612578392029,0.0,0.0,0.0
5177,-2.6257150173187256,1,0.0782143771648407,0.0,0.0,0.0
5178,1.7903976440429688,1,0.026200294494628906,1.0,0.0,0.0
5179,-0.30822062492370605,1,0.03852757811546326,0.0,0.0,0.0
5180,-1.1402924060821533,1,0.14253655076026917,0.0,0.0,0.0
5181,-2.861060619354248,1,0.107632577419281,0.0,0.0,0.0
5182,-1.591106653213501,1,0.19888833165168762,0.0,0.0,0.0
5183,1.9896490573883057,1,0.001293867826461792,1.0,0.0,0.0
5184,-2.6654419898986816,1,0.0831802487373352,0.0,0.0,0.0
5185,-1507.8248524665833,1265,0.09156262514148306,0.1992094861660079,0.0,0.0
5186,-2.89802622795105,1,0.11225327849388123,0.0,0.0,0.0
5187,-0.03080296516418457,1,0.0038503706455230713,1.0,0.0,0.0
5188,-1.04854154586792,1,0.13106769323349,0.0,0.0,0.0
5189,-2.752695083618164,1,0.09408688545227051,0.0,0.0,0.0
5190,-2.8076465129852295,1,0.10095581412315369,0.0,0.0,0.0
5191,-2.6877238750457764,1,0.08596548438072205,0.0,0.0,0.0
5192,1.8537230491638184,1,0.018284618854522705,1.0,0.0,0.0
5193,-0.39972877502441406,1,0.04996609687805176,0.0,0.0,0.0
5194,-0.5031414031982422,1,0.06289267539978027,0.0,0.0,0.0
5195,1.8652868270874023,1,0.016839146614074707,1.0,0.0,0.0
5196,-2.639988899230957,1,0.07999861240386963,0.0,0.0,0.0
5197,1.851837158203125,1,0.018520355224609375,1.0,0.0,0.0
5198,1.9862546920776367,1,0.0017181634902954102,1.0,0.0,0.0
5199,-1.695286512374878,1,0.21191081404685974,0.0,0.0,0.0
5200,-2.9167802333831787,1,0.11459752917289734,0.0,0.0,0.0
5201,-1448.9964034557343,1265,0.09013823014003015,0.14545454545454545,0.0,0.0
5202,-2.9265716075897217,1,0.11582145094871521,0.0,0.0,0.0
5203,1.8904082775115967,1,0.013698965311050415,1.0,0.0,0.0
5204,-0.8513197898864746,1,0.10641497373580933,0.0,0.0,0.0
5205,1.8800091743469238,1,0.014998853206634521,1.0,0.0,0.0
5206,-2.5575289726257324,1,0.06969112157821655,0.0,0.0,0.0
5207,-2.5232110023498535,1,0.06540137529373169,0.0,0.0,0.0
5208,-1.4987218379974365,1,0.18734022974967957,0.0,0.0,0.0
5209,-0.19490694999694824,1,0.02436336874961853,1.0,0.0,0.0
5210,-2.410073757171631,1,0.05125921964645386,0.0,0.0,0.0
5211,-3.0,1,0.13852086663246155,0.0,0.0,0.0
5212,-0.5127124786376953,1,0.06408905982971191,0.0,0.0,0.0
5213,-0.9799706935882568,1,0.1224963366985321,0.0,0.0,0.0
5214,-3.0,1,0.15085649490356445,0.0,0.0,0.0
5215,-1.0677802562713623,1,0.1334725320339203,0.0,0.0,0.0
5216,-0.1228022575378418,1,0.015350282192230225,1.0,0.0,0.0
5217,-1332.1605279445648,1265,0.10187629923047756,0.18102766798418973,0.0,0.0
5218,-2.4236578941345215,1,0.052957236766815186,0.0,0.0,0.0
5219,-3.0,1,0.18321728706359863,0.0,0.0,0.0
5220,-0.7477812767028809,1,0.09347265958786011,0.0,0.0,0.0
5221,-0.43332362174987793,1,0.05416545271873474,0.0,0.0,0.0
5222,-0.6606576442718506,1,0.08258220553398132,0.0,0.0,0.0
5223,-0.3797593116760254,1,0.047469913959503174,0.0,0.0,0.0
5224,-2.040313720703125,1,0.2550392150878906,0.0,0.0,0.0
5225,-0.9729790687561035,1,0.12162238359451294,0.0,0.0,0.0
5226,-0.7925217151641846,1,0.09906521439552307,0.0,0.0,0.0
5227,1.8252367973327637,1,0.02184540033340454,1.0,0.0,0.0
5228,-0.449049711227417,1,0.056131213903427124,0.0,0.0,0.0
5229,-0.21404123306274414,1,0.026755154132843018,1.0,0.0,0.0
5230,-2.058452844619751,1,0.25730660557746887,0.0,0.0,0.0
5231,-3.0,1,0.19730409979820251,0.0,0.0,0.0
5232,-0.85642409324646,1,0.1070530116558075,0.0,0.0,0.0
5233,-1544.3348717689514,1265,0.10057553839777769,0.1391304347826087,0.0,0.0
5234,-0.5331258773803711,1,0.06664073467254639,0.0,0.0,0.0
5235,-0.9625842571258545,1,0.12032303214073181,0.0,0.0,0.0
5236,1.7707810401916504,1,0.0286523699760437,1.0,0.0,0.0
5237,-1.1580662727355957,1,0.14475828409194946,0.0,0.0,0.0
5238,-0.11506175994873047,1,0.014382719993591309,1.0,0.0,0.0
5239,-0.12748503684997559,1,0.015935629606246948,1.0,0.0,0.0
5240,-1.1067047119140625,1,0.1383380889892578,0.0,0.0,0.0
5241,-0.936486005783081,1,0.11706075072288513,0.0,0.0,0.0
5242,-1.3025994300842285,1,0.16282492876052856,0.0,0.0,0.0
5243,-0.5497782230377197,1,0.06872227787971497,0.0,0.0,0.0
5244,1.7787761688232422,1,0.027652978897094727,1.0,0.0,0.0
5245,-0.9046449661254883,1,0.11308062076568604,0.0,0.0,0.0
5246,1.766798973083496,1,0.02915012836456299,1.0,0.0,0.0
5247,-1.495607614517212,1,0.1869509518146515,0.0,0.0,0.0
5248,-1.1721222400665283,1,0.14651528000831604,0.0,0.0,0.0
5249,-1641.988644361496,1265,0.09960018445851775,0.11620553359683794,0.0,0.0
5250,-1.517049789428711,1,0.18963122367858887,0.0,0.0,0.0
5251,-0.12088871002197266,1,0.015111088752746582,1.0,0.0,0.0
5252,-0.33975934982299805,1,0.042469918727874756,0.0,0.0,0.0
5253,-0.6252336502075195,1,0.07815420627593994,0.0,0.0,0.0
5254,-0.34012651443481445,1,0.04251581430435181,0.0,0.0,0.0
5255,-3.0,1,0.21721690893173218,0.0,0.0,0.0
5256,-2.3809447288513184,1,0.047618091106414795,0.0,0.0,0.0
5257,-3.0,1,0.28271451592445374,0.0,0.0,0.0
5258,-2.783374786376953,1,0.09792184829711914,0.0,0.0,0.0
5259,1.825937271118164,1,0.021757841110229492,1.0,0.0,0.0
5260,-0.771719217300415,1,0.09646490216255188,0.0,0.0,0.0
5261,-0.7072103023529053,1,0.08840128779411316,0.0,0.0,0.0
5262,-3.0,1,0.13962620496749878,0.0,0.0,0.0
5263,-1.2568261623382568,1,0.1571032702922821,0.0,0.0,0.0
5264,-1.7023372650146484,1,0.21279215812683105,0.0,0.0,0.0
5265,-1080.857284784317,1265,0.09034924848748761,0.22055335968379447,0.0,0.0
5266,-2.92803955078125,1,0.11600494384765625,0.0,0.0,0.0
5267,1.7987499237060547,1,0.025156259536743164,1.0,0.0,0.0
5268,1.9215373992919922,1,0.009807825088500977,1.0,0.0,0.0
5269,-0.8094062805175781,1,0.10117578506469727,0.0,0.0,0.0
5270,1.7826769351959229,1,0.027165383100509644,1.0,0.0,0.0
5271,-0.24564003944396973,1,0.030705004930496216,0.0,0.0,0.0
5272,-0.7809047698974609,1,0.09761309623718262,0.0,0.0,0.0
5273,-1.1424098014831543,1,0.1428012251853943,0.0,0.0,0.0
5274,-2.77543306350708,1,0.09692913293838501,0.0,0.0,0.0
5275,-2.6864986419677734,1,0.08581233024597168,0.0,0.0,0.0
5276,-1.8196203708648682,1,0.22745254635810852,0.0,0.0,0.0
5277,-0.8916385173797607,1,0.11145481467247009,0.0,0.0,0.0
5278,1.849195957183838,1,0.018850505352020264,1.0,0.0,0.0
5279,-0.7495360374450684,1,0.09369200468063354,0.0,0.0,0.0
5280,1.8660244941711426,1,0.016746938228607178,1.0,0.0,0.0
5281,-1730.937245130539,1265,0.11775179519483694,0.21106719367588933,0.0,0.0
5282,-0.7885313034057617,1,0.09856641292572021,0.0,0.0,0.0
5283,-2.5863442420959473,1,0.07329303026199341,0.0,0.0,0.0
5284,-2.3371095657348633,1,0.04213869571685791,0.0,0.0,0.0
5285,-1.7975592613220215,1,0.22469490766525269,0.0,0.0,0.0
5286,1.8482556343078613,1,0.018968045711517334,1.0,0.0,0.0
5287,-2.981614112854004,1,0.12270176410675049,0.0,0.0,0.0
5288,-2.432131290435791,1,0.05401641130447388,0.0,0.0,0.0
5289,-2.4373183250427246,1,0.054664790630340576,0.0,0.0,0.0
5290,-2.9856724739074707,1,0.12320905923843384,0.0,0.0,0.0
5291,-1.1555366516113281,1,0.14444208145141602,0.0,0.0,0.0
5292,-2.608931064605713,1,0.3261163830757141,0.0,0.0,0.0
5293,-3.0,1,0.13586699962615967,0.0,0.0,0.0
5294,-0.38256359100341797,1,0.047820448875427246,0.0,0.0,0.0
5295,-1.1105921268463135,1,0.13882401585578918,0.0,0.0,0.0
5296,-2.595367908477783,1,0.3244209885597229,0.0,0.0,0.0
5297,-1246.611893415451,1265,0.09945351000831061,0.24189723320158102,0.0,0.0
5298,-2.8820624351501465,1,0.11025780439376831,0.0,0.0,0.0
5299,-1.4435758590698242,1,0.18044698238372803,0.0,0.0,0.0
5300,-1.337482213973999,1,0.16718527674674988,0.0,0.0,0.0
5301,-2.6659321784973145,1,0.0832415223121643,0.0,0.0,0.0
5302,-3.0,1,0.22162505984306335,0.0,0.0,0.0
5303,-3.0,1,0.13243675231933594,0.0,0.0,0.0
5304,-2.2820003032684326,1,0.03525003790855408,0.0,0.0,0.0
5305,-2.546494722366333,1,0.06831184029579163,0.0,0.0,0.0
5306,-2.8822007179260254,1,0.11027508974075317,0.0,0.0,0.0
5307,-3.0,1,0.159934401512146,0.0,0.0,0.0
5308,-3.0,1,0.1296142041683197,0.0,0.0,0.0
5309,-0.49649572372436523,1,0.062061965465545654,0.0,0.0,0.0
5310,-2.4556522369384766,1,0.05695652961730957,0.0,0.0,0.0
5311,-1.0900626182556152,1,0.1362578272819519,0.0,0.0,0.0
5312,-0.04446148872375488,1,0.00555768609046936,1.0,0.0,0.0
5313,-867.364381313324,1265,0.07971295071213613,0.2782608695652174,0.0,0.0
5314,1.8407719135284424,1,0.019903510808944702,1.0,0.0,0.0
5315,-1.2335376739501953,1,0.15419220924377441,0.0,0.0,0.0
5316,-3.0,1,0.1996537446975708,0.0,0.0,0.0
5317,1.9955286979675293,1,0.0005589127540588379,1.0,0.0,0.0
5318,1.9484615325927734,1,0.00644230842590332,1.0,0.0,0.0
5319,-2.704721689224243,1,0.0880902111530304,0.0,0.0,0.0
5320,-3.0,1,0.138118177652359,0.0,0.0,0.0
5321,-3.0,1,0.15211522579193115,0.0,0.0,0.0
5322,-3.0,1,0.1506595015525818,0.0,0.0,0.0
5323,-2.6755025386810303,1,0.08443781733512878,0.0,0.0,0.0
5324,-1.995774507522583,1,0.24947181344032288,0.0,0.0,0.0
5325,-0.7411007881164551,1,0.09263759851455688,0.0,0.0,0.0
5326,-1.3103084564208984,1,0.1637885570526123,0.0,0.0,0.0
5327,-2.3012070655822754,1,0.037650883197784424,0.0,0.0,0.0
5328,1.9152436256408691,1,0.010594546794891357,1.0,0.0,0.0
5329,-1540.8976547718048,1265,0.10250718025821942,0.16521739130434782,0.0,0.0
5330,-3.0,1,0.2304878532886505,0.0,0.0,0.0
5331,-2.505626916885376,1,0.063203364610672,0.0,0.0,0.0
5332,1.847245454788208,1,0.019094318151474,1.0,0.0,0.0
5333,-0.22285676002502441,1,0.027857095003128052,1.0,0.0,0.0
5334,-3.0,1,0.14119625091552734,0.0,0.0,0.0
5335,-3.0,1,0.1448858678340912,0.0,0.0,0.0
5336,1.8505420684814453,1,0.018682241439819336,1.0,0.0,0.0
5337,-0.8716769218444824,1,0.1089596152305603,0.0,0.0,0.0
5338,-0.7790403366088867,1,0.09738004207611084,0.0,0.0,0.0
5339,-2.6603596210479736,1,0.0825449526309967,0.0,0.0,0.0
5340,1.8197202682495117,1,0.022534966468811035,1.0,0.0,0.0
5341,-0.2978513240814209,1,0.03723141551017761,0.0,0.0,0.0
5342,-1.3665034770965576,1,0.1708129346370697,0.0,0.0,0.0
5343,-2.951606273651123,1,0.11895078420639038,0.0,0.0,0.0
5344,-3.0,1,0.2027536928653717,0.0,0.0,0.0
5345,-1384.1606748104095,1265,0.09790637844164853,0.14624505928853754,0.0,0.0
5346,-0.30820369720458984,1,0.03852546215057373,0.0,0.0,0.0
5347,-2.4391651153564453,1,0.054895639419555664,0.0,0.0,0.0
5348,-0.7869739532470703,1,0.09837174415588379,0.0,0.0,0.0
5349,-1.186244010925293,1,0.14828050136566162,0.0,0.0,0.0
5350,-0.6476917266845703,1,0.08096146583557129,0.0,0.0,0.0
5351,-2.595702886581421,1,0.07446286082267761,0.0,0.0,0.0
5352,-3.0,1,0.12613028287887573,0.0,0.0,0.0
5353,1.949666976928711,1,0.006291627883911133,1.0,0.0,0.0
5354,-0.8932304382324219,1,0.11165380477905273,0.0,0.0,0.0
5355,1.857452392578125,1,0.017818450927734375,1.0,0.0,0.0
5356,-1.200209140777588,1,0.1500261425971985,0.0,0.0,0.0
5357,-0.11131906509399414,1,0.013914883136749268,1.0,0.0,0.0
5358,1.9232239723205566,1,0.00959700345993042,1.0,0.0,0.0
5359,-3.0,1,0.13753727078437805,0.0,0.0,0.0
5360,-3.0,1,0.21936780214309692,0.0,0.0,0.0
5361,-1500.3624494075775,1265,0.10873109738346146,0.15731225296442689,0.0,0.0
5362,-0.9364066123962402,1,0.11705082654953003,0.0,0.0,0.0
5363,-0.19830799102783203,1,0.024788498878479004,1.0,0.0,0.0
5364,-0.8956623077392578,1,0.11195778846740723,0.0,0.0,0.0
5365,-2.262589931488037,1,0.03282374143600464,0.0,0.0,0.0
5366,-0.889946699142456,1,0.111243337392807,0.0,0.0,0.0
5367,-1.825850248336792,1,0.228231281042099,0.0,0.0,0.0
5368,-0.7671804428100586,1,0.09589755535125732,0.0,0.0,0.0
5369,-0.0932474136352539,1,0.011655926704406738,1.0,0.0,0.0
5370,-0.3407411575317383,1,0.042592644691467285,0.0,0.0,0.0
5371,-0.24430608749389648,1,0.03053826093673706,0.0,0.0,0.0
5372,1.9674649238586426,1,0.004066884517669678,1.0,0.0,0.0
5373,-0.780268669128418,1,0.09753358364105225,0.0,0.0,0.0
5374,-0.2797555923461914,1,0.034969449043273926,0.0,0.0,0.0
5375,-1.6229438781738281,1,0.20286798477172852,0.0,0.0,0.0
5376,-0.6463978290557861,1,0.08079972863197327,0.0,0.0,0.0
5377,-1055.146229505539,1265,0.08616942417009074,0.2956521739130435,0.0,0.0
5378,-0.10515499114990234,1,0.013144373893737793,1.0,0.0,0.0
5379,-3.0,1,0.19857507944107056,0.0,0.0,0.0
5380,-1.0686795711517334,1,0.13358494639396667,0.0,0.0,0.0
5381,-1.2970762252807617,1,0.16213452816009521,0.0,0.0,0.0
5382,-2.0353002548217773,1,0.25441253185272217,0.0,0.0,0.0
5383,-2.3948898315429688,1,0.049361228942871094,0.0,0.0,0.0
5384,1.7711646556854248,1,0.0286044180393219,1.0,0.0,0.0
5385,-0.24020051956176758,1,0.030025064945220947,0.0,0.0,0.0
5386,-2.7830252647399902,1,0.09787815809249878,0.0,0.0,0.0
5387,-0.17895984649658203,1,0.022369980812072754,1.0,0.0,0.0
5388,-0.43021273612976074,1,0.05377659201622009,0.0,0.0,0.0
5389,-2.9333879947662354,1,0.11667349934577942,0.0,0.0,0.0
5390,-2.4589102268218994,1,0.05736377835273743,0.0,0.0,0.0
5391,-0.7079451084136963,1,0.08849313855171204,0.0,0.0,0.0
5392,-0.31469202041625977,1,0.03933650255203247,0.0,0.0,0.0
5393,-1595.6487846374512,1265,0.10042004144710043,0.14308300395256918,0.0,0.0
5394,-1.051499605178833,1,0.13143745064735413,0.0,0.0,0.0
5395,-0.28629302978515625,1,0.03578662872314453,0.0,0.0,0.0
5396,1.8700675964355469,1,0.01624155044555664,1.0,0.0,0.0
5397,-0.2126786708831787,1,0.02658483386039734,1.0,0.0,0.0
5398,-1.1338672637939453,1,0.14173340797424316,0.0,0.0,0.0
5399,1.8490715026855469,1,0.01886606216430664,1.0,0.0,0.0
5400,-2.357509136199951,1,0.044688642024993896,0.0,0.0,0.0
5401,1.9266180992126465,1,0.00917273759841919,1.0,0.0,0.0
5402,-0.3749411106109619,1,0.04686763882637024,0.0,0.0,0.0
5403,-0.7542304992675781,1,0.09427881240844727,0.0,0.0,0.0
5404,-0.03940844535827637,1,0.004926055669784546,1.0,0.0,0.0
5405,-0.7179722785949707,1,0.08974653482437134,0.0,0.0,0.0
5406,-0.4914054870605469,1,0.06142568588256836,0.0,0.0,0.0
5407,-1.1076385974884033,1,0.13845482468605042,0.0,0.0,0.0
5408,-1.632866382598877,1,0.20410829782485962,0.0,0.0,0.0
5409,-1352.1608526706696,1265,0.0844263463152256,0.20790513833992094,0.0,0.0
5410,-0.6146092414855957,1,0.07682615518569946,0.0,0.0,0.0
5411,-1.903444528579712,1,0.237930566072464,0.0,0.0,0.0
5412,1.9120593070983887,1,0.010992586612701416,1.0,0.0,0.0
5413,-0.2766387462615967,1,0.034579843282699585,0.0,0.0,0.0
5414,-3.0,1,0.19334858655929565,0.0,0.0,0.0
5415,-2.4201653003692627,1,0.05252066254615784,0.0,0.0,0.0
5416,-0.3445124626159668,1,0.04306405782699585,0.0,0.0,0.0
5417,1.7883145809173584,1,0.0264606773853302,1.0,0.0,0.0
5418,-2.6813979148864746,1,0.08517473936080933,0.0,0.0,0.0
5419,-2.9744062423706055,1,0.12180078029632568,0.0,0.0,0.0
5420,-2.712986469268799,1,0.08912330865859985,0.0,0.0,0.0
5421,-0.22659730911254883,1,0.028324663639068604,1.0,0.0,0.0
5422,-0.2584695816040039,1,0.03230869770050049,0.0,0.0,0.0
5423,-0.6928534507751465,1,0.08660668134689331,0.0,0.0,0.0
5424,-0.07192492485046387,1,0.008990615606307983,1.0,0.0,0.0
5425,-1468.4617109298706,1265,0.08918330947401024,0.1391304347826087,0.0,0.0
5426,-0.35677027702331543,1,0.04459628462791443,0.0,0.0,0.0
5427,-1.662297248840332,1,0.2077871561050415,0.0,0.0,0.0
5428,-0.4333679676055908,1,0.05417099595069885,0.0,0.0,0.0
5429,-0.5818872451782227,1,0.07273590564727783,0.0,0.0,0.0
5430,1.8708713054656982,1,0.01614108681678772,1.0,0.0,0.0
5431,-0.6009805202484131,1,0.07512256503105164,0.0,0.0,0.0
5432,1.794454574584961,1,0.025693178176879883,1.0,0.0,0.0
5433,-0.4211266040802002,1,0.052640825510025024,0.0,0.0,0.0
5434,-0.8222470283508301,1,0.10278087854385376,0.0,0.0,0.0
5435,-0.8244333267211914,1,0.10305416584014893,0.0,0.0,0.0
5436,-2.7640416622161865,1,0.09550520777702332,0.0,0.0,0.0
5437,-0.9507725238800049,1,0.11884656548500061,0.0,0.0,0.0
5438,-2.349459171295166,1,0.04368239641189575,0.0,0.0,0.0
5439,-3.0,1,0.12923920154571533,0.0,0.0,0.0
5440,-1.4749345779418945,1,0.18436682224273682,0.0,0.0,0.0
5441,-1444.5293045043945,1265,0.11180401738924471,0.17707509881422925,0.0,0.0
5442,-1.1388351917266846,1,0.14235439896583557,0.0,0.0,0.0
5443,-1.482048749923706,1,0.18525609374046326,0.0,0.0,0.0
5444,-0.6099529266357422,1,0.07624411582946777,0.0,0.0,0.0
5445,-3.0,1,0.13452410697937012,0.0,0.0,0.0
5446,-2.807072877883911,1,0.10088410973548889,0.0,0.0,0.0
5447,-2.9596328735351562,1,0.11995410919189453,0.0,0.0,0.0
5448,-0.42775988578796387,1,0.05346998572349548,0.0,0.0,0.0
5449,-2.9384517669677734,1,0.11730647087097168,0.0,0.0,0.0
5450,1.776808261871338,1,0.027898967266082764,1.0,0.0,0.0
5451,1.7661311626434326,1,0.029233604669570923,1.0,0.0,0.0
5452,-2.0111865997314453,1,0.25139832496643066,0.0,0.0,0.0
5453,-0.634852409362793,1,0.07935655117034912,0.0,0.0,0.0
5454,-1.471473217010498,1,0.18393415212631226,0.0,0.0,0.0
5455,-0.378265380859375,1,0.047283172607421875,0.0,0.0,0.0
5456,-0.7103133201599121,1,0.08878916501998901,0.0,0.0,0.0
5457,-1666.2272691726685,1265,0.108465682093805,0.12094861660079051,0.0,0.0
5458,-2.987656354904175,1,0.12345704436302185,0.0,0.0,0.0
5459,-0.7672615051269531,1,0.09590768814086914,0.0,0.0,0.0
5460,1.968278408050537,1,0.003965198993682861,1.0,0.0,0.0
5461,-3.0,1,0.3184870183467865,0.0,0.0,0.0
5462,-1.1117849349975586,1,0.13897311687469482,0.0,0.0,0.0
5463,-0.5624747276306152,1,0.0703093409538269,0.0,0.0,0.0
5464,1.9365918636322021,1,0.007926017045974731,1.0,0.0,0.0
5465,-2.356665849685669,1,0.04458323121070862,0.0,0.0,0.0
5466,-2.8687751293182373,1,0.10859689116477966,0.0,0.0,0.0
5467,-1.3537466526031494,1,0.16921833157539368,0.0,0.0,0.0
5468,-0.28259968757629395,1,0.03532496094703674,0.0,0.0,0.0
5469,-0.955782413482666,1,0.11947280168533325,0.0,0.0,0.0
5470,-0.9253780841827393,1,0.11567226052284241,0.0,0.0,0.0
5471,-2.651613235473633,1,0.0814516544342041,0.0,0.0,0.0
5472,-2.9266676902770996,1,0.11583346128463745,0.0,0.0,0.0
5473,-1545.4107415676117,1265,0.10454646301834951,0.1865612648221344,0.0,0.0
5474,-0.7566802501678467,1,0.09458503127098083,0.0,0.0,0.0
5475,-3.0,1,0.13349753618240356,0.0,0.0,0.0
5476,-0.34423398971557617,1,0.04302924871444702,0.0,0.0,0.0
5477,-0.3095114231109619,1,0.03868892788887024,0.0,0.0,0.0
5478,1.771780014038086,1,0.028527498245239258,1.0,0.0,0.0
5479,-2.320948362350464,1,0.04011854529380798,0.0,0.0,0.0
5480,-0.23418235778808594,1,0.029272794723510742,1.0,0.0,0.0
5481,-2.410458564758301,1,0.0513073205947876,0.0,0.0,0.0
5482,-3.0,1,0.17477285861968994,0.0,0.0,0.0
5483,-3.0,1,0.1439444124698639,0.0,0.0,0.0
5484,-1.1979777812957764,1,0.14974722266197205,0.0,0.0,0.0
5485,-0.5530185699462891,1,0.06912732124328613,0.0,0.0,0.0
5486,1.7664942741394043,1,0.029188215732574463,1.0,0.0,0.0
5487,-1.1066648960113525,1,0.13833311200141907,0.0,0.0,0.0
5488,1.8158152103424072,1,0.023023098707199097,1.0,0.0,0.0
5489,-1205.6075463294983,1265,0.09709283853236865,0.2339920948616601,0.0,0.0
5490,-0.33196234703063965,1,0.041495293378829956,0.0,0.0,0.0
5491,-0.030063152313232422,1,0.0037578940391540527,1.0,0.0,0.0
5492,-0.4976637363433838,1,0.062207967042922974,0.0,0.0,0.0
5493,-1.693788766860962,1,0.21172359585762024,0.0,0.0,0.0
5494,-3.0,1,0.14945849776268005,0.0,0.0,0.0
5495,-2.784651279449463,1,0.09808140993118286,0.0,0.0,0.0
5496,-1.260925531387329,1,0.15761569142341614,0.0,0.0,0.0
5497,-1.1993920803070068,1,0.14992401003837585,0.0,0.0,0.0
5498,-3.0,1,0.2165164351463318,0.0,0.0,0.0
5499,-2.8027708530426025,1,0.10034635663032532,0.0,0.0,0.0
5500,-0.3685307502746582,1,0.046066343784332275,0.0,0.0,0.0
5501,-0.5404167175292969,1,0.06755208969116211,0.0,0.0,0.0
5502,1.8642404079437256,1,0.016969949007034302,1.0,0.0,0.0
5503,-0.6383445262908936,1,0.0797930657863617,0.0,0.0,0.0
5504,-0.8069343566894531,1,0.10086679458618164,0.0,0.0,0.0
5505,-1008.480274438858,1265,0.08248970129273155,0.20553359683794467,0.0,0.0
5506,-2.8895907402038574,1,0.11119884252548218,0.0,0.0,0.0
5507,-2.6493735313415527,1,0.08117169141769409,0.0,0.0,0.0
5508,-0.3143284320831299,1,0.039291054010391235,0.0,0.0,0.0
5509,-3.0,1,0.2318095564842224,0.0,0.0,0.0
5510,-3.0,1,0.1987467110157013,0.0,0.0,0.0
5511,-0.2957770824432373,1,0.03697213530540466,0.0,0.0,0.0
5512,-3.0,1,0.24462413787841797,0.0,0.0,0.0
5513,1.847792387008667,1,0.019025951623916626,1.0,0.0,0.0
5514,-0.9218165874481201,1,0.11522707343101501,0.0,0.0,0.0
5515,-0.6172103881835938,1,0.07715129852294922,0.0,0.0,0.0
5516,-1.8270397186279297,1,0.2283799648284912,0.0,0.0,0.0
5517,-2.7712488174438477,1,0.09640610218048096,0.0,0.0,0.0
5518,-2.061760187149048,1,0.257720023393631,0.0,0.0,0.0
5519,-0.22556757926940918,1,0.028195947408676147,1.0,0.0,0.0
5520,-2.6666131019592285,1,0.08332663774490356,0.0,0.0,0.0
5521,-1575.9785268306732,1265,0.08523666474658981,0.21422924901185772,0.0,0.0
5522,-2.664311170578003,1,0.08303889632225037,0.0,0.0,0.0
5523,-2.5290157794952393,1,0.06612697243690491,0.0,0.0,0.0
5524,-1.0487637519836426,1,0.13109546899795532,0.0,0.0,0.0
5525,-1.0164680480957031,1,0.1270585060119629,0.0,0.0,0.0
5526,-0.40686750411987305,1,0.05085843801498413,0.0,0.0,0.0
5527,-2.7075350284576416,1,0.0884418785572052,0.0,0.0,0.0
5528,-0.6700363159179688,1,0.0837545394897461,0.0,0.0,0.0
5529,-2.939556121826172,1,0.11744451522827148,0.0,0.0,0.0
5530,-0.8049345016479492,1,0.10061681270599365,0.0,0.0,0.0
5531,-2.926741361618042,1,0.11584267020225525,0.0,0.0,0.0
5532,-0.5016653537750244,1,0.06270816922187805,0.0,0.0,0.0
5533,-0.1505281925201416,1,0.0188160240650177,1.0,0.0,0.0
5534,-1.2292914390563965,1,0.15366142988204956,0.0,0.0,0.0
5535,-3.0,1,0.14422857761383057,0.0,0.0,0.0
5536,-1.1672813892364502,1,0.14591017365455627,0.0,0.0,0.0
5537,-1535.919409751892,1265,0.10815129977441117,0.1857707509881423,0.0,0.0
5538,-2.6066250801086426,1,0.07582813501358032,0.0,0.0,0.0
5539,-2.4572157859802246,1,0.057151973247528076,0.0,0.0,0.0
5540,-1.224639892578125,1,0.15307998657226562,0.0,0.0,0.0
5541,-1.055755376815796,1,0.1319694221019745,0.0,0.0,0.0
5542,-0.3302922248840332,1,0.04128652811050415,0.0,0.0,0.0
5543,-1.7767448425292969,1,0.2220931053161621,0.0,0.0,0.0
5544,-3.0,1,0.22168296575546265,0.0,0.0,0.0
5545,-0.881852388381958,1,0.11023154854774475,0.0,0.0,0.0
5546,1.8658621311187744,1,0.016767233610153198,1.0,0.0,0.0
5547,1.9393527507781982,1,0.00758090615272522,1.0,0.0,0.0
5548,1.82539963722229,1,0.021825045347213745,1.0,0.0,0.0
5549,-0.5868260860443115,1,0.07335326075553894,0.0,0.0,0.0
5550,-3.0,1,0.1286846399307251,0.0,0.0,0.0
5551,-0.3964555263519287,1,0.04955694079399109,0.0,0.0,0.0
5552,-2.400683641433716,1,0.05008545517921448,0.0,0.0,0.0
5553,-1323.3339653015137,1265,0.07738630283962597,0.2545454545454545,0.0,0.0
5554,-0.10285830497741699,1,0.012857288122177124,1.0,0.0,0.0
5555,-3.0,1,0.1505693793296814,0.0,0.0,0.0
5556,-2.9127559661865234,1,0.11409449577331543,0.0,0.0,0.0
5557,-0.5868785381317139,1,0.07335981726646423,0.0,0.0,0.0
5558,-2.7578492164611816,1,0.0947311520576477,0.0,0.0,0.0
5559,-0.26976919174194336,1,0.03372114896774292,0.0,0.0,0.0
5560,-0.717928409576416,1,0.089741051197052,0.0,0.0,0.0
5561,-1.0649759769439697,1,0.13312199711799622,0.0,0.0,0.0
5562,-3.0,1,0.15220287442207336,0.0,0.0,0.0
5563,-2.2749197483062744,1,0.0343649685382843,0.0,0.0,0.0
5564,-0.5539407730102539,1,0.06924259662628174,0.0,0.0,0.0
5565,-2.8231470584869385,1,0.10289338231086731,0.0,0.0,0.0
5566,-3.0,1,0.14099028706550598,0.0,0.0,0.0
5567,-0.2593109607696533,1,0.032413870096206665,0.0,0.0,0.0
5568,-2.4756531715393066,1,0.05945664644241333,0.0,0.0,0.0
5569,-1121.1781866550446,1265,0.08462143328350052,0.20474308300395258,0.0,0.0
5570,-1.2715439796447754,1,0.15894299745559692,0.0,0.0,0.0
5571,-1.3426775932312012,1,0.16783469915390015,0.0,0.0,0.0
5572,-0.8437955379486084,1,0.10547444224357605,0.0,0.0,0.0
5573,-0.9376504421234131,1,0.11720630526542664,0.0,0.0,0.0
5574,-0.7870054244995117,1,0.09837567806243896,0.0,0.0,0.0
5575,-0.31754207611083984,1,0.03969275951385498,0.0,0.0,0.0
5576,-2.8430027961730957,1,0.10537534952163696,0.0,0.0,0.0
5577,-0.9817938804626465,1,0.12272423505783081,0.0,0.0,0.0
5578,-2.947580099105835,1,0.11844751238822937,0.0,0.0,0.0
5579,-0.06464481353759766,1,0.008080601692199707,1.0,0.0,0.0
5580,-0.3213787078857422,1,0.04017233848571777,0.0,0.0,0.0
5581,-2.775484085083008,1,0.09693551063537598,0.0,0.0,0.0
5582,-0.5833237171173096,1,0.0729154646396637,0.0,0.0,0.0
5583,1.910649299621582,1,0.011168837547302246,1.0,0.0,0.0
5584,-0.4368412494659424,1,0.0546051561832428,0.0,0.0,0.0
5585,-1622.6060979366302,1265,0.10718433550695186,0.17786561264822134,0.0,0.0
5586,-1.0867712497711182,1,0.13584640622138977,0.0,0.0,0.0
5587,-0.49677038192749023,1,0.06209629774093628,0.0,0.0,0.0
5588,1.774986982345581,1,0.028126627206802368,1.0,0.0,0.0
5589,-2.8690097332000732,1,0.10862621665000916,0.0,0.0,0.0
5590,-2.7117488384246826,1,0.08896860480308533,0.0,0.0,0.0
5591,1.8531980514526367,1,0.01835024356842041,1.0,0.0,0.0
5592,-1.8374807834625244,1,0.22968509793281555,0.0,0.0,0.0
5593,-2.4935693740844727,1,0.06169617176055908,0.0,0.0,0.0
5594,-1.9822039604187012,1,0.24777549505233765,0.0,0.0,0.0
5595,-0.7791807651519775,1,0.09739759564399719,0.0,0.0,0.0
5596,-0.872018575668335,1,0.10900232195854187,0.0,0.0,0.0
5597,-1.5918974876403809,1,0.1989871859550476,0.0,0.0,0.0
5598,-0.5548152923583984,1,0.0693519115447998,0.0,0.0,0.0
5599,-3.0,1,0.18744978308677673,0.0,0.0,0.0
5600,-2.816279888153076,1,0.10203498601913452,0.0,0.0,0.0
5601,-1421.4049277305603,1265,0.09377151946776469,0.14466403162055336,0.0,0.0
5602,-0.6645779609680176,1,0.0830722451210022,0.0,0.0,0.0
5603,-2.952453136444092,1,0.11905664205551147,0.0,0.0,0.0
5604,-3.0,1,0.14933711290359497,0.0,0.0,0.0
5605,-3.0,1,0.1530819535255432,0.0,0.0,0.0
5606,-2.998617649078369,1,0.12482720613479614,0.0,0.0,0.0
5607,-0.04107379913330078,1,0.005134224891662598,1.0,0.0,0.0
5608,-0.32451963424682617,1,0.04056495428085327,0.0,0.0,0.0
5609,-2.712221622467041,1,0.08902770280838013,0.0,0.0,0.0
5610,1.8641672134399414,1,0.016979098320007324,1.0,0.0,0.0
5611,-0.6955785751342773,1,0.08694732189178467,0.0,0.0,0.0
5612,-0.5313811302185059,1,0.06642264127731323,0.0,0.0,0.0
5613,-0.7573542594909668,1,0.09466928243637085,0.0,0.0,0.0
5614,-0.9678053855895996,1,0.12097567319869995,0.0,0.0,0.0
5615,-1.3276095390319824,1,0.1659511923789978,0.0,0.0,0.0
5616,-2.207124710083008,1,0.275890588760376,0.0,0.0,0.0
5617,-1415.858631849289,1265,0.10218613425733544,0.18102766798418973,0.0,0.0
5618,1.7944409847259521,1,0.02569487690925598,1.0,0.0,0.0
5619,-2.6181745529174805,1,0.07727181911468506,0.0,0.0,0.0
5620,-1.3903625011444092,1,0.17379531264305115,0.0,0.0,0.0
5621,-0.8967418670654297,1,0.11209273338317871,0.0,0.0,0.0
5622,-1.4810659885406494,1,0.18513324856758118,0.0,0.0,0.0
5623,-0.5272743701934814,1,0.06590929627418518,0.0,0.0,0.0
5624,-2.457416534423828,1,0.057177066802978516,0.0,0.0,0.0
5625,-2.1722939014434814,1,0.2715367376804352,0.0,0.0,0.0
5626,-0.6316788196563721,1,0.07895985245704651,0.0,0.0,0.0
5627,-2.652726173400879,1,0.08159077167510986,0.0,0.0,0.0
5628,-3.0,1,0.16009408235549927,0.0,0.0,0.0
5629,-1.9839129447937012,1,0.24798911809921265,0.0,0.0,0.0
5630,-1.6019539833068848,1,0.2002442479133606,0.0,0.0,0.0
5631,-2.548475503921509,1,0.0685594379901886,0.0,0.0,0.0
5632,-2.609546184539795,1,0.07619327306747437,0.0,0.0,0.0
5633,-1585.1846978664398,1265,0.0961851765044593,0.17233201581027668,0.0,0.0
5634,-0.7348775863647461,1,0.09185969829559326,0.0,0.0,0.0
5635,-0.6766371726989746,1,0.08457964658737183,0.0,0.0,0.0
5636,-0.9660937786102295,1,0.12076172232627869,0.0,0.0,0.0
5637,-2.353036642074585,1,0.04412958025932312,0.0,0.0,0.0
5638,-0.07682681083679199,1,0.009603351354598999,1.0,0.0,0.0
5639,-0.42534637451171875,1,0.053168296813964844,0.0,0.0,0.0
5640,-0.8593287467956543,1,0.10741609334945679,0.0,0.0,0.0
5641,1.9463543891906738,1,0.0067057013511657715,1.0,0.0,0.0
5642,1.9445688724517822,1,0.006928890943527222,1.0,0.0,0.0
5643,-1.2192723751068115,1,0.15240904688835144,0.0,0.0,0.0
5644,-0.6828241348266602,1,0.08535301685333252,0.0,0.0,0.0
5645,-2.852910280227661,1,0.10661378502845764,0.0,0.0,0.0
5646,-0.05660247802734375,1,0.007075309753417969,1.0,0.0,0.0
5647,-2.521804094314575,1,0.0652255117893219,0.0,0.0,0.0
5648,-2.3524413108825684,1,0.044055163860321045,0.0,0.0,0.0
5649,-1523.079515695572,1265,0.10100731571672462,0.17470355731225296,0.0,0.0
5650,-0.2535989284515381,1,0.03169986605644226,0.0,0.0,0.0
5651,-1.3822193145751953,1,0.17277741432189941,0.0,0.0,0.0
5652,-3.0,1,0.2889459729194641,0.0,0.0,0.0
5653,-3.0,1,0.14416280388832092,0.0,0.0,0.0
5654,-0.4372444152832031,1,0.05465555191040039,0.0,0.0,0.0
5655,-3.0,1,0.13118693232536316,0.0,0.0,0.0
5656,-0.6607933044433594,1,0.08259916305541992,0.0,0.0,0.0
5657,-2.3942065238952637,1,0.04927581548690796,0.0,0.0,0.0
5658,-3.0,1,0.12859484553337097,0.0,0.0,0.0
5659,-2.431105613708496,1,0.05388820171356201,0.0,0.0,0.0
5660,-3.0,1,0.12651580572128296,0.0,0.0,0.0
5661,-0.5058231353759766,1,0.06322789192199707,0.0,0.0,0.0
5662,-3.0,1,0.17694219946861267,0.0,0.0,0.0
5663,-2.78635311126709,1,0.09829413890838623,0.0,0.0,0.0
5664,-0.9372546672821045,1,0.11715683341026306,0.0,0.0,0.0
5665,-1669.8927266597748,1265,0.11244425436724788,0.1391304347826087,0.0,0.0
5666,-3.0,1,0.2148526906967163,0.0,0.0,0.0
5667,-2.063192844390869,1,0.25789910554885864,0.0,0.0,0.0
5668,-0.29449915885925293,1,0.036812394857406616,0.0,0.0,0.0
5669,-0.7071559429168701,1,0.08839449286460876,0.0,0.0,0.0
5670,-1.4626057147979736,1,0.1828257143497467,0.0,0.0,0.0
5671,-0.37973618507385254,1,0.04746702313423157,0.0,0.0,0.0
5672,-0.09379434585571289,1,0.011724293231964111,1.0,0.0,0.0
5673,1.81132173538208,1,0.02358478307723999,1.0,0.0,0.0
5674,1.8693122863769531,1,0.01633596420288086,1.0,0.0,0.0
5675,-1.999427318572998,1,0.24992841482162476,0.0,0.0,0.0
5676,-2.726567268371582,1,0.09082090854644775,0.0,0.0,0.0
5677,-2.308675527572632,1,0.03858444094657898,0.0,0.0,0.0
5678,1.8298265933990479,1,0.02127167582511902,1.0,0.0,0.0
5679,-1.2711818218231201,1,0.15889772772789001,0.0,0.0,0.0
5680,-0.21841120719909668,1,0.027301400899887085,1.0,0.0,0.0
5681,-1176.1571383476257,1265,0.07563918060936005,0.23952569169960475,0.0,0.0
5682,-2.4248106479644775,1,0.05310133099555969,0.0,0.0,0.0
5683,-2.6969573497772217,1,0.08711966872215271,0.0,0.0,0.0
5684,-0.3025388717651367,1,0.03781735897064209,0.0,0.0,0.0
5685,-3.0,1,0.15374499559402466,0.0,0.0,0.0
5686,-0.019122838973999023,1,0.002390354871749878,1.0,0.0,0.0
5687,-0.21756434440612793,1,0.02719554305076599,1.0,0.0,0.0
5688,-1.0668368339538574,1,0.13335460424423218,0.0,0.0,0.0
5689,-0.0006282329559326172,1,7.852911949157715e-05,1.0,0.0,0.0
5690,-0.5970413684844971,1,0.07463017106056213,0.0,0.0,0.0
5691,-0.7787768840789795,1,0.09734711050987244,0.0,0.0,0.0
5692,-2.9258627891540527,1,0.11573284864425659,0.0,0.0,0.0
5693,-2.8556885719299316,1,0.10696107149124146,0.0,0.0,0.0
5694,-0.46858978271484375,1,0.05857372283935547,0.0,0.0,0.0
5695,-0.8609881401062012,1,0.10762351751327515,0.0,0.0,0.0
5696,-0.3884100914001465,1,0.04855126142501831,0.0,0.0,0.0
5697,-1974.1370260715485,1265,0.12059885009004194,0.0766798418972332,0.0,0.0
5698,-2.3855271339416504,1,0.0481908917427063,0.0,0.0,0.0
5699,-3.0,1,0.16391727328300476,0.0,0.0,0.0
5700,-3.0,1,0.1588507890701294,0.0,0.0,0.0
5701,-2.179856538772583,1,0.2724820673465729,0.0,0.0,0.0
5702,-0.2737584114074707,1,0.03421980142593384,0.0,0.0,0.0
5703,-3.0,1,0.1348075270652771,0.0,0.0,0.0
5704,-3.0,1,0.17690813541412354,0.0,0.0,0.0
5705,-0.6582133769989014,1,0.08227667212486267,0.0,0.0,0.0
5706,-3.0,1,0.18099701404571533,0.0,0.0,0.0
5707,-2.5598716735839844,1,0.06998395919799805,0.0,0.0,0.0
5708,-3.0,1,0.14430290460586548,0.0,0.0,0.0
5709,-0.736727237701416,1,0.092090904712677,0.0,0.0,0.0
5710,-0.9864699840545654,1,0.12330874800682068,0.0,0.0,0.0
5711,1.8968267440795898,1,0.01289665699005127,1.0,0.0,0.0
5712,-0.4270772933959961,1,0.05338466167449951,0.0,0.0,0.0
5713,-1234.47478556633,1265,0.09288070644785765,0.2134387351778656,0.0,0.0
5714,-0.83758544921875,1,0.10469818115234375,0.0,0.0,0.0
5715,-3.0,1,0.16737213730812073,0.0,0.0,0.0
5716,1.8591609001159668,1,0.01760488748550415,1.0,0.0,0.0
5717,-0.006762266159057617,1,0.0008452832698822021,1.0,0.0,0.0
5718,-1.7096314430236816,1,0.2137039303779602,0.0,0.0,0.0
5719,-0.43912410736083984,1,0.05489051342010498,0.0,0.0,0.0
5720,-1.3400564193725586,1,0.16750705242156982,0.0,0.0,0.0
5721,1.9236483573913574,1,0.009543955326080322,1.0,0.0,0.0
5722,-0.6520657539367676,1,0.08150821924209595,0.0,0.0,0.0
5723,-2.803452491760254,1,0.10043156147003174,0.0,0.0,0.0
5724,-0.0006542205810546875,1,8.177757263183594e-05,1.0,0.0,0.0
5725,-0.136474609375,1,0.017059326171875,1.0,0.0,0.0
5726,-3.0,1,0.13030627369880676,0.0,0.0,0.0
5727,-0.752009391784668,1,0.0940011739730835,0.0,0.0,0.0
5728,-0.3516263961791992,1,0.0439532995223999,0.0,0.0,0.0
5729,-1422.434600353241,1265,0.1070305624969392,0.12885375494071147,0.0,0.0
5730,-3.0,1,0.13074460625648499,0.0,0.0,0.0
5731,1.8787884712219238,1,0.015151441097259521,1.0,0.0,0.0
5732,-1.2151708602905273,1,0.15189635753631592,0.0,0.0,0.0
5733,-2.2629570960998535,1,0.03286963701248169,0.0,0.0,0.0
5734,-0.47860002517700195,1,0.059825003147125244,0.0,0.0,0.0
5735,1.8578453063964844,1,0.017769336700439453,1.0,0.0,0.0
5736,-1.003922939300537,1,0.12549036741256714,0.0,0.0,0.0
5737,-3.0,1,0.1651846468448639,0.0,0.0,0.0
5738,1.9578008651733398,1,0.0052748918533325195,1.0,0.0,0.0
5739,-2.3238978385925293,1,0.04048722982406616,0.0,0.0,0.0
5740,-0.7355749607086182,1,0.09194687008857727,0.0,0.0,0.0
5741,-1.105576753616333,1,0.13819709420204163,0.0,0.0,0.0
5742,-2.9788084030151367,1,0.12235105037689209,0.0,0.0,0.0
5743,-0.33756494522094727,1,0.04219561815261841,0.0,0.0,0.0
5744,-0.8182201385498047,1,0.10227751731872559,0.0,0.0,0.0
5745,-1550.6660690307617,1265,0.09873635003218066,0.17391304347826086,0.0,0.0
5746,-0.7433242797851562,1,0.09291553497314453,0.0,0.0,0.0
5747,-1.4975321292877197,1,0.18719151616096497,0.0,0.0,0.0
5748,-3.0,1,0.1493438184261322,0.0,0.0,0.0
5749,-2.462409019470215,1,0.057801127433776855,0.0,0.0,0.0
5750,-3.0,1,0.26017650961875916,0.0,0.0,0.0
5751,-0.6587867736816406,1,0.08234834671020508,0.0,0.0,0.0
5752,-2.713721513748169,1,0.08921518921852112,0.0,0.0,0.0
5753,-1.2939825057983398,1,0.16174781322479248,0.0,0.0,0.0
5754,-0.7261173725128174,1,0.09076467156410217,0.0,0.0,0.0
5755,-0.16275596618652344,1,0.02034449577331543,1.0,0.0,0.0
5756,-0.7141172885894775,1,0.08926466107368469,0.0,0.0,0.0
5757,-3.0,1,0.15783435106277466,0.0,0.0,0.0
5758,-0.6998028755187988,1,0.08747535943984985,0.0,0.0,0.0
5759,-1.8551461696624756,1,0.23189327120780945,0.0,0.0,0.0
5760,-0.08346414566040039,1,0.010433018207550049,1.0,0.0,0.0
5761,-1296.291808128357,1265,0.09616521568637591,0.20790513833992094,0.0,0.0
5762,-1.6937329769134521,1,0.21171662211418152,0.0,0.0,0.0
5763,-2.7519493103027344,1,0.0939936637878418,0.0,0.0,0.0
5764,-2.9488320350646973,1,0.11860400438308716,0.0,0.0,0.0
5765,-1.7755687236785889,1,0.2219460904598236,0.0,0.0,0.0
5766,-1.4873368740081787,1,0.18591710925102234,0.0,0.0,0.0
5767,1.9239528179168701,1,0.009505897760391235,1.0,0.0,0.0
5768,-2.8437414169311523,1,0.10546767711639404,0.0,0.0,0.0
5769,-0.09974789619445801,1,0.012468487024307251,1.0,0.0,0.0
5770,-0.5974514484405518,1,0.07468143105506897,0.0,0.0,0.0
5771,-2.5658962726593018,1,0.07073703408241272,0.0,0.0,0.0
5772,1.7805166244506836,1,0.02743542194366455,1.0,0.0,0.0
5773,-0.6039495468139648,1,0.0754936933517456,0.0,0.0,0.0
5774,-0.6777248382568359,1,0.08471560478210449,0.0,0.0,0.0
5775,-0.31494569778442383,1,0.03936821222305298,0.0,0.0,0.0
5776,-0.17161846160888672,1,0.02145230770111084,1.0,0.0,0.0
5777,-1542.1012046337128,1265,0.1076634816737043,0.16996047430830039,0.0,0.0
5778,1.8873281478881836,1,0.01408398151397705,1.0,0.0,0.0
5779,-0.0957803726196289,1,0.011972546577453613,1.0,0.0,0.0
5780,-1.5934197902679443,1,0.19917747378349304,0.0,0.0,0.0
5781,-1.1561007499694824,1,0.1445125937461853,0.0,0.0,0.0
5782,-3.0,1,0.12827491760253906,0.0,0.0,0.0
5783,-0.17149877548217773,1,0.021437346935272217,1.0,0.0,0.0
5784,-0.5256810188293457,1,0.06571012735366821,0.0,0.0,0.0
5785,-1.269254446029663,1,0.15865680575370789,0.0,0.0,0.0
5786,1.874438762664795,1,0.015695154666900635,1.0,0.0,0.0
5787,-1.436110496520996,1,0.1795138120651245,0.0,0.0,0.0
5788,-1.4381599426269531,1,0.17976999282836914,0.0,0.0,0.0
5789,-0.04016399383544922,1,0.005020499229431152,1.0,0.0,0.0
5790,-0.9013643264770508,1,0.11267054080963135,0.0,0.0,0.0
5791,-0.9849395751953125,1,0.12311744689941406,0.0,0.0,0.0
5792,-0.835674524307251,1,0.10445931553840637,0.0,0.0,0.0
5793,-1032.4431250095367,1265,0.09047722547892996,0.26956521739130435,0.0,0.0
5794,1.9012236595153809,1,0.012347042560577393,1.0,0.0,0.0
5795,-0.5526728630065918,1,0.06908410787582397,0.0,0.0,0.0
5796,-1.1553964614868164,1,0.14442455768585205,0.0,0.0,0.0
5797,-0.9890711307525635,1,0.12363389134407043,0.0,0.0,0.0
5798,-1.361969232559204,1,0.1702461540699005,0.0,0.0,0.0
5799,-1.0759711265563965,1,0.13449639081954956,0.0,0.0,0.0
5800,-2.6807315349578857,1,0.08509144186973572,0.0,0.0,0.0
5801,-0.13584232330322266,1,0.016980290412902832,1.0,0.0,0.0
5802,-0.31720876693725586,1,0.03965109586715698,0.0,0.0,0.0
5803,-1.2760648727416992,1,0.1595081090927124,0.0,0.0,0.0
5804,-1.1420724391937256,1,0.1427590548992157,0.0,0.0,0.0
5805,-1.2474143505096436,1,0.15592679381370544,0.0,0.0,0.0
5806,1.8453593254089355,1,0.019330084323883057,1.0,0.0,0.0
5807,1.8182716369628906,1,0.022716045379638672,1.0,0.0,0.0
5808,-0.4373507499694824,1,0.0546688437461853,0.0,0.0,0.0
5809,-1209.0056428909302,1265,0.08950621551675758,0.17549407114624507,0.0,0.0
5810,-0.6050858497619629,1,0.07563573122024536,0.0,0.0,0.0
5811,-2.714439630508423,1,0.08930495381355286,0.0,0.0,0.0
5812,-1.2343862056732178,1,0.15429827570915222,0.0,0.0,0.0
5813,-1.1052350997924805,1,0.13815438747406006,0.0,0.0,0.0
5814,-2.5521461963653564,1,0.06901827454566956,0.0,0.0,0.0
5815,-0.9294705390930176,1,0.1161838173866272,0.0,0.0,0.0
5816,-1.6494178771972656,1,0.2061772346496582,0.0,0.0,0.0
5817,-0.9674408435821533,1,0.12093010544776917,0.0,0.0,0.0
5818,-0.2754511833190918,1,0.034431397914886475,0.0,0.0,0.0
5819,1.8472673892974854,1,0.01909157633781433,1.0,0.0,0.0
5820,-0.603224515914917,1,0.07540306448936462,0.0,0.0,0.0
5821,-1.2471680641174316,1,0.15589600801467896,0.0,0.0,0.0
5822,-2.4873907566070557,1,0.06092384457588196,0.0,0.0,0.0
5823,-0.32981181144714355,1,0.041226476430892944,0.0,0.0,0.0
5824,-2.9819536209106445,1,0.12274420261383057,0.0,0.0,0.0
5825,-1188.6579575538635,1265,0.1065019522731012,0.23794466403162054,0.0,0.0
5826,-0.4258842468261719,1,0.053235530853271484,0.0,0.0,0.0
5827,-2.720684289932251,1,0.09008553624153137,0.0,0.0,0.0
5828,-2.31081485748291,1,0.03885185718536377,0.0,0.0,0.0
5829,-1.1360399723052979,1,0.14200499653816223,0.0,0.0,0.0
5830,-2.826317548751831,1,0.10328969359397888,0.0,0.0,0.0
5831,-1.309819221496582,1,0.16372740268707275,0.0,0.0,0.0
5832,-1.5387821197509766,1,0.19234776496887207,0.0,0.0,0.0
5833,1.772383213043213,1,0.02845209836959839,1.0,0.0,0.0
5834,-2.4610660076141357,1,0.05763325095176697,0.0,0.0,0.0
5835,-1.109703540802002,1,0.13871294260025024,0.0,0.0,0.0
5836,-2.383599042892456,1,0.04794988036155701,0.0,0.0,0.0
5837,-3.0,1,0.2868092656135559,0.0,0.0,0.0
5838,-2.8940181732177734,1,0.11175227165222168,0.0,0.0,0.0
5839,-3.0,1,0.23099911212921143,0.0,0.0,0.0
5840,-0.447268009185791,1,0.05590850114822388,0.0,0.0,0.0
5841,-1662.873304605484,1265,0.10421070741570514,0.11620553359683794,0.0,0.0
5842,-0.852755069732666,1,0.10659438371658325,0.0,0.0,0.0
5843,-1.2876214981079102,1,0.16095268726348877,0.0,0.0,0.0
5844,-1.7341372966766357,1,0.21676716208457947,0.0,0.0,0.0
5845,-2.715118885040283,1,0.0893898606300354,0.0,0.0,0.0
5846,-0.515017032623291,1,0.06437712907791138,0.0,0.0,0.0
5847,-2.6672184467315674,1,0.08340230584144592,0.0,0.0,0.0
5848,-2.1257803440093994,1,0.2657225430011749,0.0,0.0,0.0
5849,-2.2615180015563965,1,0.03268975019454956,0.0,0.0,0.0
5850,-2.6545605659484863,1,0.08182007074356079,0.0,0.0,0.0
5851,-2.264136791229248,1,0.033017098903656006,0.0,0.0,0.0
5852,1.8089909553527832,1,0.0238761305809021,1.0,0.0,0.0
5853,-2.791552782058716,1,0.09894409775733948,0.0,0.0,0.0
5854,-0.37935829162597656,1,0.04741978645324707,0.0,0.0,0.0
5855,-3.0,1,0.1803346872329712,0.0,0.0,0.0
5856,-0.549102783203125,1,0.06863784790039062,0.0,0.0,0.0
5857,-1357.3192749023438,1265,0.08557118455411888,0.23241106719367588,0.0,0.0
5858,-0.8978719711303711,1,0.11223399639129639,0.0,0.0,0.0
5859,-2.5893025398254395,1,0.07366281747817993,0.0,0.0,0.0
5860,-3.0,1,0.12592104077339172,0.0,0.0,0.0
5861,-0.7869176864624023,1,0.09836471080780029,0.0,0.0,0.0
5862,1.8861918449401855,1,0.014226019382476807,1.0,0.0,0.0
5863,-0.2912583351135254,1,0.036407291889190674,0.0,0.0,0.0
5864,-0.32663893699645996,1,0.040829867124557495,0.0,0.0,0.0
5865,-3.0,1,0.15647101402282715,0.0,0.0,0.0
5866,-0.5730559825897217,1,0.07163199782371521,0.0,0.0,0.0
5867,-2.5087947845458984,1,0.0635993480682373,0.0,0.0,0.0
5868,-0.8353173732757568,1,0.1044146716594696,0.0,0.0,0.0
5869,1.9494647979736328,1,0.0063169002532958984,1.0,0.0,0.0
5870,-2.4541475772857666,1,0.056768447160720825,0.0,0.0,0.0
5871,-2.386277675628662,1,0.048284709453582764,0.0,0.0,0.0
5872,-2.325174331665039,1,0.04064679145812988,0.0,0.0,0.0
5873,-1473.0066673755646,1265,0.09379554718379447,0.17312252964426877,0.0,0.0
5874,-0.3583943843841553,1,0.04479929804801941,0.0,0.0,0.0
5875,-3.0,1,0.14921638369560242,0.0,0.0,0.0
5876,-1.4145593643188477,1,0.17681992053985596,0.0,0.0,0.0
5877,-0.273068904876709,1,0.03413361310958862,0.0,0.0,0.0
5878,-1.1549556255340576,1,0.1443694531917572,0.0,0.0,0.0
5879,-0.9022166728973389,1,0.11277708411216736,0.0,0.0,0.0
5880,-2.726081609725952,1,0.09076020121574402,0.0,0.0,0.0
5881,-1.4511263370513916,1,0.18139079213142395,0.0,0.0,0.0
5882,-2.4116268157958984,1,0.051453351974487305,0.0,0.0,0.0
5883,-0.7309467792510986,1,0.09136834740638733,0.0,0.0,0.0
5884,1.982454776763916,1,0.002193152904510498,1.0,0.0,0.0
5885,-3.0,1,0.1562587022781372,0.0,0.0,0.0
5886,-1.0303785800933838,1,0.12879732251167297,0.0,0.0,0.0
5887,-0.7530252933502197,1,0.09412816166877747,0.0,0.0,0.0
5888,-3.0,1,0.13951250910758972,0.0,0.0,0.0
5889,-1455.7512810230255,1265,0.11045339295986613,0.18102766798418973,0.0,0.0
5890,-0.8866784572601318,1,0.11083480715751648,0.0,0.0,0.0
5891,-1.9310274124145508,1,0.24137842655181885,0.0,0.0,0.0
5892,1.8167643547058105,1,0.02290445566177368,1.0,0.0,0.0
5893,-1.2558491230010986,1,0.15698114037513733,0.0,0.0,0.0
5894,-2.966383934020996,1,0.12079799175262451,0.0,0.0,0.0
5895,-0.26775455474853516,1,0.033469319343566895,0.0,0.0,0.0
5896,-1.2808585166931152,1,0.1601073145866394,0.0,0.0,0.0
5897,-0.23212265968322754,1,0.029015332460403442,1.0,0.0,0.0
5898,-0.04587984085083008,1,0.00573498010635376,1.0,0.0,0.0
5899,-0.6667623519897461,1,0.08334529399871826,0.0,0.0,0.0
5900,-1.1594245433807373,1,0.14492806792259216,0.0,0.0,0.0
5901,1.861844539642334,1,0.017269432544708252,1.0,0.0,0.0
5902,-1.6328887939453125,1,0.20411109924316406,0.0,0.0,0.0
5903,-3.0,1,0.26055246591567993,0.0,0.0,0.0
5904,-0.7941803932189941,1,0.09927254915237427,0.0,0.0,0.0
5905,-1629.5541319847107,1265,0.11108526848992811,0.13043478260869565,0.0,0.0
5906,-3.0,1,0.3097324073314667,0.0,0.0,0.0
5907,-1.2474884986877441,1,0.15593606233596802,0.0,0.0,0.0
5908,-0.6174118518829346,1,0.07717648148536682,0.0,0.0,0.0
5909,-1.3531913757324219,1,0.16914892196655273,0.0,0.0,0.0
5910,-0.24402165412902832,1,0.03050270676612854,0.0,0.0,0.0
5911,-3.0,1,0.15714865922927856,0.0,0.0,0.0
5912,-0.5789432525634766,1,0.07236790657043457,0.0,0.0,0.0
5913,-0.6858065128326416,1,0.0857258141040802,0.0,0.0,0.0
5914,-2.6205947399139404,1,0.07757434248924255,0.0,0.0,0.0
5915,-3.0,1,0.15265607833862305,0.0,0.0,0.0
5916,-2.7879037857055664,1,0.0984879732131958,0.0,0.0,0.0
5917,-0.9087724685668945,1,0.11359655857086182,0.0,0.0,0.0
5918,-3.0,1,0.2751717269420624,0.0,0.0,0.0
5919,-2.5457682609558105,1,0.06822103261947632,0.0,0.0,0.0
5920,-2.3072407245635986,1,0.03840509057044983,0.0,0.0,0.0
5921,-1676.080063343048,1265,0.10999826909053938,0.17470355731225296,0.0,0.0
5922,-1.4260010719299316,1,0.17825013399124146,0.0,0.0,0.0
5923,-1.8834211826324463,1,0.2354276478290558,0.0,0.0,0.0
5924,-2.651175022125244,1,0.08139687776565552,0.0,0.0,0.0
5925,-1.508244276046753,1,0.18853053450584412,0.0,0.0,0.0
5926,-2.8146932125091553,1,0.10183665156364441,0.0,0.0,0.0
5927,-1.6406497955322266,1,0.20508122444152832,0.0,0.0,0.0
5928,-0.6007418632507324,1,0.07509273290634155,0.0,0.0,0.0
5929,-2.467257261276245,1,0.05840715765953064,0.0,0.0,0.0
5930,-3.0,1,0.15189659595489502,0.0,0.0,0.0
5931,-0.26006174087524414,1,0.03250771760940552,0.0,0.0,0.0
5932,-2.243443489074707,1,0.03043043613433838,0.0,0.0,0.0
5933,-0.08588194847106934,1,0.010735243558883667,1.0,0.0,0.0
5934,-2.729710102081299,1,0.09121376276016235,0.0,0.0,0.0
5935,1.858443260192871,1,0.017694592475891113,1.0,0.0,0.0
5936,-1.739952802658081,1,0.21749410033226013,0.0,0.0,0.0
5937,-1589.2445907592773,1265,0.10657688530066267,0.1841897233201581,0.0,0.0
5938,-0.7754249572753906,1,0.09692811965942383,0.0,0.0,0.0
5939,-3.0,1,0.12801799178123474,0.0,0.0,0.0
5940,-0.14842748641967773,1,0.018553435802459717,1.0,0.0,0.0
5941,-0.09432077407836914,1,0.011790096759796143,1.0,0.0,0.0
5942,-2.3010642528533936,1,0.037633031606674194,0.0,0.0,0.0
5943,-2.5010409355163574,1,0.06263011693954468,0.0,0.0,0.0
5944,-1.1210930347442627,1,0.14013662934303284,0.0,0.0,0.0
5945,-0.7533507347106934,1,0.09416884183883667,0.0,0.0,0.0
5946,-0.42551469802856445,1,0.05318933725357056,0.0,0.0,0.0
5947,-1.3465275764465332,1,0.16831594705581665,0.0,0.0,0.0
5948,-0.3407907485961914,1,0.042598843574523926,0.0,0.0,0.0
5949,-0.1245265007019043,1,0.015565812587738037,1.0,0.0,0.0
5950,-1.7426016330718994,1,0.21782520413398743,0.0,0.0,0.0
5951,-3.0,1,0.15160217881202698,0.0,0.0,0.0
5952,1.8932156562805176,1,0.013348042964935303,1.0,0.0,0.0
5953,-1455.635922908783,1265,0.10210759602045354,0.1715415019762846,0.0,0.0
5954,-1.4927189350128174,1,0.18658986687660217,0.0,0.0,0.0
5955,-2.048715353012085,1,0.2560894191265106,0.0,0.0,0.0
5956,-0.45114803314208984,1,0.05639350414276123,0.0,0.0,0.0
5957,-0.12269878387451172,1,0.015337347984313965,1.0,0.0,0.0
5958,-2.7251994609832764,1,0.34064993262290955,0.0,0.0,0.0
5959,-2.8764729499816895,1,0.10955911874771118,0.0,0.0,0.0
5960,-0.5008304119110107,1,0.06260380148887634,0.0,0.0,0.0
5961,-2.0083866119384766,1,0.25104832649230957,0.0,0.0,0.0
5962,-2.416609287261963,1,0.05207616090774536,0.0,0.0,0.0
5963,-3.0,1,0.1304241418838501,0.0,0.0,0.0
5964,-2.8353941440582275,1,0.10442426800727844,0.0,0.0,0.0
5965,1.9939565658569336,1,0.0007554292678833008,1.0,0.0,0.0
5966,1.8080432415008545,1,0.02399459481239319,1.0,0.0,0.0
5967,-0.44610023498535156,1,0.055762529373168945,0.0,0.0,0.0
5968,-0.14699339866638184,1,0.01837417483329773,1.0,0.0,0.0
5969,-1195.178237915039,1265,0.09996239686671925,0.24031620553359684,0.0,0.0
5970,-3.0,1,0.2622838020324707,0.0,0.0,0.0
5971,-2.4160094261169434,1,0.05200117826461792,0.0,0.0,0.0
5972,-1.3576970100402832,1,0.1697121262550354,0.0,0.0,0.0
5973,-0.2712688446044922,1,0.03390860557556152,0.0,0.0,0.0
5974,-0.6454160213470459,1,0.08067700266838074,0.0,0.0,0.0
5975,-3.0,1,0.237076073884964,0.0,0.0,0.0
5976,-0.2170720100402832,1,0.0271340012550354,1.0,0.0,0.0
5977,-1.247617244720459,1,0.15595215559005737,0.0,0.0,0.0
5978,-1.3431940078735352,1,0.1678992509841919,0.0,0.0,0.0
5979,-0.9295721054077148,1,0.11619651317596436,0.0,0.0,0.0
5980,-0.7420814037322998,1,0.09276017546653748,0.0,0.0,0.0
5981,1.8810205459594727,1,0.014872431755065918,1.0,0.0,0.0
5982,1.972416877746582,1,0.003447890281677246,1.0,0.0,0.0
5983,-1.552260160446167,1,0.19403252005577087,0.0,0.0,0.0
5984,-2.3409016132354736,1,0.042612701654434204,0.0,0.0,0.0
5985,-1665.7009716033936,1265,0.09999636616631459,0.12648221343873517,0.0,0.0
5986,1.8676214218139648,1,0.016547322273254395,1.0,0.0,0.0
5987,-0.5057744979858398,1,0.06322181224822998,0.0,0.0,0.0
5988,-0.46708083152770996,1,0.058385103940963745,0.0,0.0,0.0
5989,-0.7523834705352783,1,0.09404793381690979,0.0,0.0,0.0
5990,-1.2587130069732666,1,0.15733912587165833,0.0,0.0,0.0
5991,-2.99804949760437,1,0.12475618720054626,0.0,0.0,0.0
5992,-1.3468232154846191,1,0.1683529019355774,0.0,0.0,0.0
5993,-1.5608227252960205,1,0.19510284066200256,0.0,0.0,0.0
5994,-2.6331279277801514,1,0.07914099097251892,0.0,0.0,0.0
5995,-1.7279694080352783,1,0.2159961760044098,0.0,0.0,0.0
5996,-1.1766657829284668,1,0.14708322286605835,0.0,0.0,0.0
5997,1.930079460144043,1,0.008740067481994629,1.0,0.0,0.0
5998,-0.832047700881958,1,0.10400596261024475,0.0,0.0,0.0
5999,-2.3500123023986816,1,0.043751537799835205,0.0,0.0,0.0
6000,-1.1658029556274414,1,0.14572536945343018,0.0,0.0,0.0
6001,-1410.6008813381195,1265,0.090413830002306,0.19288537549407114,0.0,0.0
6002,-0.4995689392089844,1,0.06244611740112305,0.0,0.0,0.0
6003,-0.6026439666748047,1,0.07533049583435059,0.0,0.0,0.0
6004,-1.5861504077911377,1,0.1982688009738922,0.0,0.0,0.0
6005,-2.6705691814422607,1,0.08382114768028259,0.0,0.0,0.0
6006,-2.919145107269287,1,0.11489313840866089,0.0,0.0,0.0
6007,-0.8105735778808594,1,0.10132169723510742,0.0,0.0,0.0
6008,-1.2706868648529053,1,0.15883585810661316,0.0,0.0,0.0
6009,-0.7881662845611572,1,0.09852078557014465,0.0,0.0,0.0
6010,1.934617280960083,1,0.008172839879989624,1.0,0.0,0.0
6011,1.9388389587402344,1,0.007645130157470703,1.0,0.0,0.0
6012,-0.10957598686218262,1,0.013696998357772827,1.0,0.0,0.0
6013,-0.767326831817627,1,0.09591585397720337,0.0,0.0,0.0
6014,-1.4202313423156738,1,0.17752891778945923,0.0,0.0,0.0
6015,-0.710242748260498,1,0.08878034353256226,0.0,0.0,0.0
6016,-1.135798692703247,1,0.14197483658790588,0.0,0.0,0.0
6017,-1462.7896354198456,1265,0.09671216984040182,0.15889328063241107,0.0,0.0
6018,-0.49402618408203125,1,0.061753273010253906,0.0,0.0,0.0
6019,-0.21494674682617188,1,0.026868343353271484,1.0,0.0,0.0
6020,-2.5244088172912598,1,0.06555110216140747,0.0,0.0,0.0
6021,-1.6025145053863525,1,0.20031431317329407,0.0,0.0,0.0
6022,-0.9357016086578369,1,0.11696270108222961,0.0,0.0,0.0
6023,-0.8544037342071533,1,0.10680046677589417,0.0,0.0,0.0
6024,-0.6482911109924316,1,0.08103638887405396,0.0,0.0,0.0
6025,-3.0,1,0.1595853865146637,0.0,0.0,0.0
6026,-1.9684815406799316,1,0.24606019258499146,0.0,0.0,0.0
6027,-3.0,1,0.1348302662372589,0.0,0.0,0.0
6028,-1.144197940826416,1,0.143024742603302,0.0,0.0,0.0
6029,-0.2551538944244385,1,0.03189423680305481,0.0,0.0,0.0
6030,-2.3962016105651855,1,0.04952520132064819,0.0,0.0,0.0
6031,1.8578686714172363,1,0.01776641607284546,1.0,0.0,0.0
6032,-3.0,1,0.2137315571308136,0.0,0.0,0.0
6033,-1560.8251242637634,1265,0.10714586919004267,0.13359683794466404,0.0,0.0
6034,-0.8726611137390137,1,0.10908263921737671,0.0,0.0,0.0
6035,-1.0196776390075684,1,0.12745970487594604,0.0,0.0,0.0
6036,-2.2928919792175293,1,0.28661149740219116,0.0,0.0,0.0
6037,-1.817063808441162,1,0.22713297605514526,0.0,0.0,0.0
6038,1.9497854709625244,1,0.006276816129684448,1.0,0.0,0.0
6039,1.8782894611358643,1,0.015213817358016968,1.0,0.0,0.0
6040,-1.8304181098937988,1,0.22880226373672485,0.0,0.0,0.0
6041,-1.5523817539215088,1,0.1940477192401886,0.0,0.0,0.0
6042,-1.1204562187194824,1,0.1400570273399353,0.0,0.0,0.0
6043,-2.465625524520874,1,0.05820319056510925,0.0,0.0,0.0
6044,-2.417840003967285,1,0.052230000495910645,0.0,0.0,0.0
6045,-2.6527533531188965,1,0.08159416913986206,0.0,0.0,0.0
6046,-3.0,1,0.21154406666755676,0.0,0.0,0.0
6047,-3.0,1,0.136580228805542,0.0,0.0,0.0
6048,-2.7701563835144043,1,0.09626954793930054,0.0,0.0,0.0
6049,-1679.2843976020813,1265,0.12462918520444938,0.1565217391304348,0.0,0.0
6050,-3.0,1,0.1291104257106781,0.0,0.0,0.0
6051,-0.13100385665893555,1,0.016375482082366943,1.0,0.0,0.0
6052,-3.0,1,0.13877218961715698,0.0,0.0,0.0
6053,-1.1917505264282227,1,0.14896881580352783,0.0,0.0,0.0
6054,-1.3878076076507568,1,0.1734759509563446,0.0,0.0,0.0
6055,-0.305417537689209,1,0.03817719221115112,0.0,0.0,0.0
6056,-1.4212307929992676,1,0.17765384912490845,0.0,0.0,0.0
6057,1.8342053890228271,1,0.020724326372146606,1.0,0.0,0.0
6058,-1.325000524520874,1,0.16562506556510925,0.0,0.0,0.0
6059,-0.14695262908935547,1,0.018369078636169434,1.0,0.0,0.0
6060,-0.8868985176086426,1,0.11086231470108032,0.0,0.0,0.0
6061,-0.01796865463256836,1,0.002246081829071045,1.0,0.0,0.0
6062,-0.9066998958587646,1,0.11333748698234558,0.0,0.0,0.0
6063,1.819817066192627,1,0.02252286672592163,1.0,0.0,0.0
6064,-3.0,1,0.21502026915550232,0.0,0.0,0.0
6065,-1095.2714340686798,1265,0.08941511575412374,0.2648221343873518,0.0,0.0
6066,-0.05349922180175781,1,0.0066874027252197266,1.0,0.0,0.0
6067,-0.6869673728942871,1,0.08587092161178589,0.0,0.0,0.0
6068,-0.7662525177001953,1,0.09578156471252441,0.0,0.0,0.0
6069,1.8643333911895752,1,0.0169583261013031,1.0,0.0,0.0
6070,1.9944016933441162,1,0.0006997883319854736,1.0,0.0,0.0
6071,-1.5244760513305664,1,0.1905595064163208,0.0,0.0,0.0
6072,-0.38417506217956543,1,0.04802188277244568,0.0,0.0,0.0
6073,-0.9119150638580322,1,0.11398938298225403,0.0,0.0,0.0
6074,-2.693950891494751,1,0.08674386143684387,0.0,0.0,0.0
6075,-2.9344310760498047,1,0.11680388450622559,0.0,0.0,0.0
6076,1.9892339706420898,1,0.0013457536697387695,1.0,0.0,0.0
6077,-3.0,1,0.14725354313850403,0.0,0.0,0.0
6078,1.7845745086669922,1,0.026928186416625977,1.0,0.0,0.0
6079,-0.5429210662841797,1,0.06786513328552246,0.0,0.0,0.0
6080,-3.0,1,0.2933918237686157,0.0,0.0,0.0
6081,-1603.070151090622,1265,0.10056342541464704,0.13122529644268774,0.0,0.0
6082,-2.258060932159424,1,0.03225761651992798,0.0,0.0,0.0
6083,-2.362163782119751,1,0.04527047276496887,0.0,0.0,0.0
6084,-0.2758939266204834,1,0.034486740827560425,0.0,0.0,0.0
6085,-0.9151713848114014,1,0.11439642310142517,0.0,0.0,0.0
6086,-3.0,1,0.17755457758903503,0.0,0.0,0.0
6087,-0.17304253578186035,1,0.021630316972732544,1.0,0.0,0.0
6088,-0.5134634971618652,1,0.06418293714523315,0.0,0.0,0.0
6089,-0.31965041160583496,1,0.03995630145072937,0.0,0.0,0.0
6090,-2.570981979370117,1,0.07137274742126465,0.0,0.0,0.0
6091,-3.0,1,0.15009722113609314,0.0,0.0,0.0
6092,-2.569221258163452,1,0.07115265727043152,0.0,0.0,0.0
6093,-1.5912704467773438,1,0.19890880584716797,0.0,0.0,0.0
6094,-0.7181401252746582,1,0.08976751565933228,0.0,0.0,0.0
6095,-0.8004474639892578,1,0.10005593299865723,0.0,0.0,0.0
6096,-0.11375689506530762,1,0.014219611883163452,1.0,0.0,0.0
6097,-1420.32705616951,1265,0.11812966965403952,0.1683794466403162,0.0,0.0
6098,-2.04430890083313,1,0.25553861260414124,0.0,0.0,0.0
6099,-0.9863922595977783,1,0.12329903244972229,0.0,0.0,0.0
6100,-0.2646911144256592,1,0.0330863893032074,0.0,0.0,0.0
6101,-0.9757132530212402,1,0.12196415662765503,0.0,0.0,0.0
6102,-2.802842140197754,1,0.10035526752471924,0.0,0.0,0.0
6103,1.9876174926757812,1,0.0015478134155273438,1.0,0.0,0.0
6104,1.8875231742858887,1,0.014059603214263916,1.0,0.0,0.0
6105,-1.424426794052124,1,0.1780533492565155,0.0,0.0,0.0
6106,-2.741612672805786,1,0.09270158410072327,0.0,0.0,0.0
6107,-3.0,1,0.22018074989318848,0.0,0.0,0.0
6108,-1.1065592765808105,1,0.13831990957260132,0.0,0.0,0.0
6109,-1.28531813621521,1,0.16066476702690125,0.0,0.0,0.0
6110,-1.7448487281799316,1,0.21810609102249146,0.0,0.0,0.0
6111,-0.46545934677124023,1,0.05818241834640503,0.0,0.0,0.0
6112,-2.399794578552246,1,0.04997432231903076,0.0,0.0,0.0
6113,-1475.2234454154968,1265,0.11662810082020966,0.14071146245059288,0.0,0.0
6114,-3.0,1,0.16719090938568115,0.0,0.0,0.0
6115,-1.4990134239196777,1,0.18737667798995972,0.0,0.0,0.0
6116,-0.3538503646850586,1,0.044231295585632324,0.0,0.0,0.0
6117,-3.0,1,0.15224039554595947,0.0,0.0,0.0
6118,-2.0631167888641357,1,0.25788959860801697,0.0,0.0,0.0
6119,-3.0,1,0.18702685832977295,0.0,0.0,0.0
6120,-1.0902996063232422,1,0.13628745079040527,0.0,0.0,0.0
6121,-1.074854850769043,1,0.13435685634613037,0.0,0.0,0.0
6122,-2.5182666778564453,1,0.06478333473205566,0.0,0.0,0.0
6123,-1.6388003826141357,1,0.20485004782676697,0.0,0.0,0.0
6124,-0.6854844093322754,1,0.08568555116653442,0.0,0.0,0.0
6125,1.884695053100586,1,0.014413118362426758,1.0,0.0,0.0
6126,-0.8391773700714111,1,0.10489717125892639,0.0,0.0,0.0
6127,-0.8375682830810547,1,0.10469603538513184,0.0,0.0,0.0
6128,-1.8158328533172607,1,0.2269791066646576,0.0,0.0,0.0
6129,-1637.383288383484,1265,0.09277617818282055,0.16047430830039525,0.0,0.0
6130,1.9896690845489502,1,0.0012913644313812256,1.0,0.0,0.0
6131,1.8095886707305908,1,0.023801416158676147,1.0,0.0,0.0
6132,1.8183972835540771,1,0.022700339555740356,1.0,0.0,0.0
6133,-1.2919104099273682,1,0.16148880124092102,0.0,0.0,0.0
6134,-0.04680776596069336,1,0.00585097074508667,1.0,0.0,0.0
6135,-0.3330192565917969,1,0.04162740707397461,0.0,0.0,0.0
6136,-1.9965429306030273,1,0.24956786632537842,0.0,0.0,0.0
6137,-2.244128942489624,1,0.030516117811203003,0.0,0.0,0.0
6138,-0.6190335750579834,1,0.07737919688224792,0.0,0.0,0.0
6139,1.9584383964538574,1,0.005195200443267822,1.0,0.0,0.0
6140,1.856001853942871,1,0.017999768257141113,1.0,0.0,0.0
6141,1.9287950992584229,1,0.008900612592697144,1.0,0.0,0.0
6142,-2.896073818206787,1,0.11200922727584839,0.0,0.0,0.0
6143,-2.739682197570801,1,0.0924602746963501,0.0,0.0,0.0
6144,-0.15491223335266113,1,0.01936402916908264,1.0,0.0,0.0
6145,-1572.2930023670197,1265,0.10033273906575832,0.18893280632411066,0.0,0.0
6146,-1.9051322937011719,1,0.23814153671264648,0.0,0.0,0.0
6147,-2.5931577682495117,1,0.07414472103118896,0.0,0.0,0.0
6148,-0.7844116687774658,1,0.09805145859718323,0.0,0.0,0.0
6149,-1.0667386054992676,1,0.13334232568740845,0.0,0.0,0.0
6150,-2.5292534828186035,1,0.06615668535232544,0.0,0.0,0.0
6151,-0.021782398223876953,1,0.002722799777984619,1.0,0.0,0.0
6152,-0.6817424297332764,1,0.08521780371665955,0.0,0.0,0.0
6153,-1.5928616523742676,1,0.19910770654678345,0.0,0.0,0.0
6154,-0.8738164901733398,1,0.10922706127166748,0.0,0.0,0.0
6155,1.8938097953796387,1,0.013273775577545166,1.0,0.0,0.0
6156,-0.13861298561096191,1,0.01732662320137024,1.0,0.0,0.0
6157,-2.299222946166992,1,0.03740286827087402,0.0,0.0,0.0
6158,-2.795661211013794,1,0.09945765137672424,0.0,0.0,0.0
6159,-1.4813895225524902,1,0.18517369031906128,0.0,0.0,0.0
6160,-2.590580940246582,1,0.07382261753082275,0.0,0.0,0.0
6161,-1161.0357484817505,1265,0.10133803267723958,0.2490118577075099,0.0,0.0
6162,1.875581979751587,1,0.015552252531051636,1.0,0.0,0.0
6163,-2.657090187072754,1,0.08213627338409424,0.0,0.0,0.0
6164,-2.79856014251709,1,0.09982001781463623,0.0,0.0,0.0
6165,-1.7830111980438232,1,0.2228763997554779,0.0,0.0,0.0
6166,-1.8118290901184082,1,0.22647863626480103,0.0,0.0,0.0
6167,-0.7821061611175537,1,0.09776327013969421,0.0,0.0,0.0
6168,-3.0,1,0.29386425018310547,0.0,0.0,0.0
6169,-2.33343768119812,1,0.041679710149765015,0.0,0.0,0.0
6170,-3.0,1,0.23063135147094727,0.0,0.0,0.0
6171,-2.3492794036865234,1,0.29365992546081543,0.0,0.0,0.0
6172,-2.8287463188171387,1,0.10359328985214233,0.0,0.0,0.0
6173,1.987320899963379,1,0.0015848875045776367,1.0,0.0,0.0
6174,-0.6249833106994629,1,0.07812291383743286,0.0,0.0,0.0
6175,-1.235039234161377,1,0.15437990427017212,0.0,0.0,0.0
6176,-3.0,1,0.19040417671203613,0.0,0.0,0.0
6177,-1857.7422478199005,1265,0.11075035764765834,0.1225296442687747,0.0,0.0
6178,-1.3732876777648926,1,0.17166095972061157,0.0,0.0,0.0
6179,-0.14045953750610352,1,0.01755744218826294,1.0,0.0,0.0
6180,-0.9143612384796143,1,0.11429515480995178,0.0,0.0,0.0
6181,-3.0,1,0.2126607894897461,0.0,0.0,0.0
6182,-0.7498974800109863,1,0.09373718500137329,0.0,0.0,0.0
6183,-3.0,1,0.13417240977287292,0.0,0.0,0.0
6184,-0.7758703231811523,1,0.09698379039764404,0.0,0.0,0.0
6185,-3.0,1,0.14375734329223633,0.0,0.0,0.0
6186,-1.3399684429168701,1,0.16749605536460876,0.0,0.0,0.0
6187,-3.0,1,0.13730072975158691,0.0,0.0,0.0
6188,1.845198154449463,1,0.01935023069381714,1.0,0.0,0.0
6189,-1.068180799484253,1,0.13352259993553162,0.0,0.0,0.0
6190,-0.49963998794555664,1,0.06245499849319458,0.0,0.0,0.0
6191,-3.0,1,0.14204490184783936,0.0,0.0,0.0
6192,-2.538519859313965,1,0.0673149824142456,0.0,0.0,0.0
6193,-1654.5627753734589,1265,0.12239220938663709,0.14782608695652175,0.0,0.0
6194,-2.0026535987854004,1,0.25033169984817505,0.0,0.0,0.0
6195,-0.28439807891845703,1,0.03554975986480713,0.0,0.0,0.0
6196,-3.0,1,0.2421782910823822,0.0,0.0,0.0
6197,-0.37622737884521484,1,0.047028422355651855,0.0,0.0,0.0
6198,-0.14734935760498047,1,0.01841866970062256,1.0,0.0,0.0
6199,-2.159923791885376,1,0.269990473985672,0.0,0.0,0.0
6200,-2.533097267150879,1,0.06663715839385986,0.0,0.0,0.0
6201,-1.6968843936920166,1,0.21211054921150208,0.0,0.0,0.0
6202,-3.0,1,0.14688408374786377,0.0,0.0,0.0
6203,-0.061205387115478516,1,0.0076506733894348145,1.0,0.0,0.0
6204,-2.9114866256713867,1,0.11393582820892334,0.0,0.0,0.0
6205,-2.5476279258728027,1,0.06845349073410034,0.0,0.0,0.0
6206,-0.33742284774780273,1,0.04217785596847534,0.0,0.0,0.0
6207,-0.9191436767578125,1,0.11489295959472656,0.0,0.0,0.0
6208,-3.0,1,0.16531404852867126,0.0,0.0,0.0
6209,-1854.762559890747,1265,0.1065318279115579,0.09249011857707509,0.0,0.0
6210,-2.7796857357025146,1,0.09746071696281433,0.0,0.0,0.0
6211,-0.19864130020141602,1,0.024830162525177002,1.0,0.0,0.0
6212,-2.442380428314209,1,0.05529755353927612,0.0,0.0,0.0
6213,-2.554269790649414,1,0.06928372383117676,0.0,0.0,0.0
6214,-1.6800291538238525,1,0.21000364422798157,0.0,0.0,0.0
6215,-1.3434622287750244,1,0.16793277859687805,0.0,0.0,0.0
6216,-0.6252250671386719,1,0.07815313339233398,0.0,0.0,0.0
6217,-2.914605140686035,1,0.1143256425857544,0.0,0.0,0.0
6218,-0.8371667861938477,1,0.10464584827423096,0.0,0.0,0.0
6219,-2.2751243114471436,1,0.034390538930892944,0.0,0.0,0.0
6220,-1.6784884929656982,1,0.20981106162071228,0.0,0.0,0.0
6221,-0.7204029560089111,1,0.09005036950111389,0.0,0.0,0.0
6222,-0.7692980766296387,1,0.09616225957870483,0.0,0.0,0.0
6223,1.9411506652832031,1,0.007356166839599609,1.0,0.0,0.0
6224,-0.4986252784729004,1,0.06232815980911255,0.0,0.0,0.0
6225,-1304.8257422447205,1265,0.10232040745467537,0.19367588932806323,0.0,0.0
6226,-1.8534932136535645,1,0.23168665170669556,0.0,0.0,0.0
6227,-1.5763623714447021,1,0.19704529643058777,0.0,0.0,0.0
6228,-0.30141496658325195,1,0.037676870822906494,0.0,0.0,0.0
6229,-3.0,1,0.15460658073425293,0.0,0.0,0.0
6230,-2.419278860092163,1,0.052409857511520386,0.0,0.0,0.0
6231,-2.2522382736206055,1,0.031529784202575684,0.0,0.0,0.0
6232,-1.229863166809082,1,0.15373289585113525,0.0,0.0,0.0
6233,-3.0,1,0.15167498588562012,0.0,0.0,0.0
6234,-2.6043612957000732,1,0.07554516196250916,0.0,0.0,0.0
6235,-1.46116042137146,1,0.1826450526714325,0.0,0.0,0.0
6236,-2.336132526397705,1,0.042016565799713135,0.0,0.0,0.0
6237,-0.790053129196167,1,0.09875664114952087,0.0,0.0,0.0
6238,-3.0,1,0.17518192529678345,0.0,0.0,0.0
6239,-0.3225235939025879,1,0.040315449237823486,0.0,0.0,0.0
6240,-0.491945743560791,1,0.06149321794509888,0.0,0.0,0.0
6241,-1236.4993340969086,1265,0.08585239620547992,0.19683794466403162,0.0,0.0
6242,-1.052074670791626,1,0.13150933384895325,0.0,0.0,0.0
6243,-1.6257743835449219,1,0.20322179794311523,0.0,0.0,0.0
6244,-2.825026035308838,1,0.10312825441360474,0.0,0.0,0.0
6245,-2.9927313327789307,1,0.12409141659736633,0.0,0.0,0.0
6246,-0.5740835666656494,1,0.07176044583320618,0.0,0.0,0.0
6247,-2.659611225128174,1,0.08245140314102173,0.0,0.0,0.0
6248,-1.197984218597412,1,0.1497480273246765,0.0,0.0,0.0
6249,-1.483905553817749,1,0.18548819422721863,0.0,0.0,0.0
6250,-0.8789024353027344,1,0.1098628044128418,0.0,0.0,0.0
6251,1.8310141563415527,1,0.021123230457305908,1.0,0.0,0.0
6252,-0.47263002395629883,1,0.059078752994537354,0.0,0.0,0.0
6253,-0.4939756393432617,1,0.061746954917907715,0.0,0.0,0.0
6254,-1.034886121749878,1,0.12936076521873474,0.0,0.0,0.0
6255,-0.7646622657775879,1,0.09558278322219849,0.0,0.0,0.0
6256,-2.7926292419433594,1,0.09907865524291992,0.0,0.0,0.0
6257,-1701.929362297058,1265,0.10203870082561206,0.09960474308300395,0.0,0.0
6258,1.8609631061553955,1,0.01737961173057556,1.0,0.0,0.0
6259,-3.0,1,0.2186700999736786,0.0,0.0,0.0
6260,1.8483448028564453,1,0.018956899642944336,1.0,0.0,0.0
6261,-3.0,1,0.14194923639297485,0.0,0.0,0.0
6262,-0.8220736980438232,1,0.1027592122554779,0.0,0.0,0.0
6263,-0.014528751373291016,1,0.001816093921661377,1.0,0.0,0.0
6264,-2.9507975578308105,1,0.11884969472885132,0.0,0.0,0.0
6265,-0.44129085540771484,1,0.055161356925964355,0.0,0.0,0.0
6266,-0.6964292526245117,1,0.08705365657806396,0.0,0.0,0.0
6267,-1.215181589126587,1,0.15189769864082336,0.0,0.0,0.0
6268,-1.1015796661376953,1,0.13769745826721191,0.0,0.0,0.0
6269,-2.8027637004852295,1,0.10034546256065369,0.0,0.0,0.0
6270,-2.943615674972534,1,0.11795195937156677,0.0,0.0,0.0
6271,-0.1792316436767578,1,0.022403955459594727,1.0,0.0,0.0
6272,-3.0,1,0.21509692072868347,0.0,0.0,0.0
6273,-1682.194347858429,1265,0.11063541096189748,0.16284584980237155,0.0,0.0
6274,1.8769102096557617,1,0.015386223793029785,1.0,0.0,0.0
6275,-0.7536754608154297,1,0.09420943260192871,0.0,0.0,0.0
6276,-2.7466800212860107,1,0.09333500266075134,0.0,0.0,0.0
6277,-2.342067241668701,1,0.042758405208587646,0.0,0.0,0.0
6278,-0.5611193180084229,1,0.07013991475105286,0.0,0.0,0.0
6279,-1.4718356132507324,1,0.18397945165634155,0.0,0.0,0.0
6280,-0.7506306171417236,1,0.09382882714271545,0.0,0.0,0.0
6281,-0.8278427124023438,1,0.10348033905029297,0.0,0.0,0.0
6282,-2.671647071838379,1,0.08395588397979736,0.0,0.0,0.0
6283,-2.2689759731292725,1,0.03362199664115906,0.0,0.0,0.0
6284,-2.6131768226623535,1,0.07664710283279419,0.0,0.0,0.0
6285,-3.0,1,0.14069673418998718,0.0,0.0,0.0
6286,-0.35947084426879883,1,0.044933855533599854,0.0,0.0,0.0
6287,-1.6431972980499268,1,0.20539966225624084,0.0,0.0,0.0
6288,-0.330524206161499,1,0.04131552577018738,0.0,0.0,0.0
6289,-1154.6070172786713,1265,0.08735288511151852,0.27430830039525694,0.0,0.0
6290,-3.0,1,0.2031269669532776,0.0,0.0,0.0
6291,-1.1254191398620605,1,0.14067739248275757,0.0,0.0,0.0
6292,-2.376462936401367,1,0.0470578670501709,0.0,0.0,0.0
6293,-2.973191261291504,1,0.12164890766143799,0.0,0.0,0.0
6294,-2.91802978515625,1,0.11475372314453125,0.0,0.0,0.0
6295,-0.2675602436065674,1,0.03344503045082092,0.0,0.0,0.0
6296,-1.8570053577423096,1,0.2321256697177887,0.0,0.0,0.0
6297,-2.324251651763916,1,0.0405314564704895,0.0,0.0,0.0
6298,-0.27834248542785645,1,0.034792810678482056,0.0,0.0,0.0
6299,-0.15344905853271484,1,0.019181132316589355,1.0,0.0,0.0
6300,-3.0,1,0.13762083649635315,0.0,0.0,0.0
6301,-3.0,1,0.18929004669189453,0.0,0.0,0.0
6302,-0.34590840339660645,1,0.043238550424575806,0.0,0.0,0.0
6303,-3.0,1,0.14336824417114258,0.0,0.0,0.0
6304,-3.0,1,0.20638394355773926,0.0,0.0,0.0
6305,-1528.414190530777,1265,0.10458711289134422,0.16047430830039525,0.0,0.0
6306,1.9085907936096191,1,0.011426150798797607,1.0,0.0,0.0
6307,-1.1912925243377686,1,0.14891156554222107,0.0,0.0,0.0
6308,-0.5845954418182373,1,0.07307443022727966,0.0,0.0,0.0
6309,-3.0,1,0.12786170840263367,0.0,0.0,0.0
6310,-2.8909225463867188,1,0.11136531829833984,0.0,0.0,0.0
6311,-0.8755991458892822,1,0.10944989323616028,0.0,0.0,0.0
6312,-0.13560152053833008,1,0.01695019006729126,1.0,0.0,0.0
6313,-0.642768383026123,1,0.08034604787826538,0.0,0.0,0.0
6314,-0.9700877666473389,1,0.12126097083091736,0.0,0.0,0.0
6315,-0.44640159606933594,1,0.05580019950866699,0.0,0.0,0.0
6316,-2.5492053031921387,1,0.06865066289901733,0.0,0.0,0.0
6317,-0.31864356994628906,1,0.03983044624328613,0.0,0.0,0.0
6318,-3.0,1,0.18467745184898376,0.0,0.0,0.0
6319,-0.8302221298217773,1,0.10377776622772217,0.0,0.0,0.0
6320,-1.1488442420959473,1,0.1436055302619934,0.0,0.0,0.0
6321,-1367.0873749256134,1265,0.08779692037303458,0.20790513833992094,0.0,0.0
6322,-2.245229482650757,1,0.030653685331344604,0.0,0.0,0.0
6323,-3.0,1,0.14918357133865356,0.0,0.0,0.0
6324,-0.09586620330810547,1,0.011983275413513184,1.0,0.0,0.0
6325,-0.9610931873321533,1,0.12013664841651917,0.0,0.0,0.0
6326,-2.4063303470611572,1,0.05079129338264465,0.0,0.0,0.0
6327,-3.0,1,0.19208258390426636,0.0,0.0,0.0
6328,-3.0,1,0.1365610957145691,0.0,0.0,0.0
6329,-0.6721086502075195,1,0.08401358127593994,0.0,0.0,0.0
6330,1.9434149265289307,1,0.007073134183883667,1.0,0.0,0.0
6331,-0.9369518756866455,1,0.11711898446083069,0.0,0.0,0.0
6332,1.867234230041504,1,0.01659572124481201,1.0,0.0,0.0
6333,1.9219942092895508,1,0.009750723838806152,1.0,0.0,0.0
6334,-3.0,1,0.15139266848564148,0.0,0.0,0.0
6335,-0.7684750556945801,1,0.09605938196182251,0.0,0.0,0.0
6336,-2.3920998573303223,1,0.04901248216629028,0.0,0.0,0.0
6337,-987.8123846054077,1265,0.08191358263313535,0.3241106719367589,0.0,0.0
6338,-0.9126675128936768,1,0.1140834391117096,0.0,0.0,0.0
6339,-2.315687417984009,1,0.0394609272480011,0.0,0.0,0.0
6340,-2.1294825077056885,1,0.26618531346321106,0.0,0.0,0.0
6341,-0.1255030632019043,1,0.015687882900238037,1.0,0.0,0.0
6342,-0.599219560623169,1,0.07490244507789612,0.0,0.0,0.0
6343,-0.5565700531005859,1,0.06957125663757324,0.0,0.0,0.0
6344,-2.4298200607299805,1,0.05372750759124756,0.0,0.0,0.0
6345,-1.4901628494262695,1,0.1862703561782837,0.0,0.0,0.0
6346,-2.92970871925354,1,0.1162135899066925,0.0,0.0,0.0
6347,-2.7173871994018555,1,0.08967339992523193,0.0,0.0,0.0
6348,1.7745070457458496,1,0.0281866192817688,1.0,0.0,0.0
6349,-0.33751559257507324,1,0.042189449071884155,0.0,0.0,0.0
6350,1.8442697525024414,1,0.019466280937194824,1.0,0.0,0.0
6351,1.8953158855438232,1,0.013085514307022095,1.0,0.0,0.0
6352,-2.496424674987793,1,0.06205308437347412,0.0,0.0,0.0
6353,-1443.744865655899,1265,0.10541184148769604,0.18735177865612648,0.0,0.0
6354,-3.0,1,0.13505655527114868,0.0,0.0,0.0
6355,-1.7852826118469238,1,0.22316032648086548,0.0,0.0,0.0
6356,-3.0,1,0.2533075511455536,0.0,0.0,0.0
6357,-0.494037389755249,1,0.06175467371940613,0.0,0.0,0.0
6358,-2.72525954246521,1,0.09065744280815125,0.0,0.0,0.0
6359,-0.3196296691894531,1,0.03995370864868164,0.0,0.0,0.0
6360,1.8041274547576904,1,0.024484068155288696,1.0,0.0,0.0
6361,-0.6989104747772217,1,0.08736380934715271,0.0,0.0,0.0
6362,-2.026175022125244,1,0.2532718777656555,0.0,0.0,0.0
6363,1.9978442192077637,1,0.000269472599029541,1.0,0.0,0.0
6364,-0.3153717517852783,1,0.03942146897315979,0.0,0.0,0.0
6365,-1.231637954711914,1,0.15395474433898926,0.0,0.0,0.0
6366,-0.8636500835418701,1,0.10795626044273376,0.0,0.0,0.0
6367,-0.5621013641357422,1,0.07026267051696777,0.0,0.0,0.0
6368,-0.15476012229919434,1,0.019345015287399292,1.0,0.0,0.0
6369,-1524.7357506752014,1265,0.0940050261058355,0.14150197628458497,0.0,0.0
6370,-2.9952621459960938,1,0.12440776824951172,0.0,0.0,0.0
6371,-1.4506816864013672,1,0.1813352108001709,0.0,0.0,0.0
6372,-0.06402778625488281,1,0.008003473281860352,1.0,0.0,0.0
6373,-2.398015022277832,1,0.049751877784729004,0.0,0.0,0.0
6374,-2.4274425506591797,1,0.05343031883239746,0.0,0.0,0.0
6375,-0.7141342163085938,1,0.08926677703857422,0.0,0.0,0.0
6376,-2.9716482162475586,1,0.12145602703094482,0.0,0.0,0.0
6377,-0.35568952560424805,1,0.044461190700531006,0.0,0.0,0.0
6378,-0.7014708518981934,1,0.08768385648727417,0.0,0.0,0.0
6379,1.913419246673584,1,0.010822594165802002,1.0,0.0,0.0
6380,-1.1881682872772217,1,0.1485210359096527,0.0,0.0,0.0
6381,-1.4857206344604492,1,0.18571507930755615,0.0,0.0,0.0
6382,-2.2789146900177,1,0.034864336252212524,0.0,0.0,0.0
6383,-1.482391357421875,1,0.18529891967773438,0.0,0.0,0.0
6384,-3.0,1,0.14048928022384644,0.0,0.0,0.0
6385,-1328.5677874088287,1265,0.11326865160418122,0.2339920948616601,0.0,0.0
6386,-0.6399576663970947,1,0.07999470829963684,0.0,0.0,0.0
6387,-0.3532094955444336,1,0.0441511869430542,0.0,0.0,0.0
6388,-2.0614352226257324,1,0.25767940282821655,0.0,0.0,0.0
6389,1.7940382957458496,1,0.0257452130317688,1.0,0.0,0.0
6390,-0.2588968276977539,1,0.03236210346221924,0.0,0.0,0.0
6391,-0.15798425674438477,1,0.019748032093048096,1.0,0.0,0.0
6392,-0.4242720603942871,1,0.05303400754928589,0.0,0.0,0.0
6393,-0.9348587989807129,1,0.11685734987258911,0.0,0.0,0.0
6394,-1.7777669429779053,1,0.22222086787223816,0.0,0.0,0.0
6395,-3.0,1,0.13787654042243958,0.0,0.0,0.0
6396,-2.6464552879333496,1,0.0808069109916687,0.0,0.0,0.0
6397,-2.45700740814209,1,0.05712592601776123,0.0,0.0,0.0
6398,-0.32721638679504395,1,0.04090204834938049,0.0,0.0,0.0
6399,1.811133861541748,1,0.023608267307281494,1.0,0.0,0.0
6400,-0.09386539459228516,1,0.011733174324035645,1.0,0.0,0.0
6401,-1253.958868265152,1265,0.0869222627798088,0.14308300395256918,0.0,0.0
6402,-1.0821738243103027,1,0.13527172803878784,0.0,0.0,0.0
6403,-0.8021767139434814,1,0.10027208924293518,0.0,0.0,0.0
6404,1.8826422691345215,1,0.014669716358184814,1.0,0.0,0.0
6405,-0.6762704849243164,1,0.08453381061553955,0.0,0.0,0.0
6406,1.928884506225586,1,0.008889436721801758,1.0,0.0,0.0
6407,1.7946133613586426,1,0.025673329830169678,1.0,0.0,0.0
6408,-0.9250779151916504,1,0.1156347393989563,0.0,0.0,0.0
6409,-1.4668748378753662,1,0.18335935473442078,0.0,0.0,0.0
6410,-1.0601272583007812,1,0.13251590728759766,0.0,0.0,0.0
6411,-3.0,1,0.1831524670124054,0.0,0.0,0.0
6412,-2.3340842723846436,1,0.041760534048080444,0.0,0.0,0.0
6413,-0.7208828926086426,1,0.09011036157608032,0.0,0.0,0.0
6414,-0.12747693061828613,1,0.015934616327285767,1.0,0.0,0.0
6415,-0.6181623935699463,1,0.07727029919624329,0.0,0.0,0.0
6416,1.831815242767334,1,0.021023094654083252,1.0,0.0,0.0
6417,-1332.589277267456,1265,0.0713904997105655,0.20711462450592885,0.0,0.0
6418,-0.25965380668640137,1,0.03245672583580017,0.0,0.0,0.0
6419,-2.621521234512329,1,0.07769015431404114,0.0,0.0,0.0
6420,-3.0,1,0.13399437069892883,0.0,0.0,0.0
6421,-2.4392879009246826,1,0.05491098761558533,0.0,0.0,0.0
6422,-0.40677499771118164,1,0.050846874713897705,0.0,0.0,0.0
6423,-2.477898120880127,1,0.05973726511001587,0.0,0.0,0.0
6424,-0.09988260269165039,1,0.012485325336456299,1.0,0.0,0.0
6425,-2.4935405254364014,1,0.06169256567955017,0.0,0.0,0.0
6426,-2.7103357315063477,1,0.08879196643829346,0.0,0.0,0.0
6427,-0.45803332328796387,1,0.05725416541099548,0.0,0.0,0.0
6428,-0.1770496368408203,1,0.02213120460510254,1.0,0.0,0.0
6429,-0.38045454025268555,1,0.04755681753158569,0.0,0.0,0.0
6430,-0.015668869018554688,1,0.001958608627319336,1.0,0.0,0.0
6431,-1.1036593914031982,1,0.13795742392539978,0.0,0.0,0.0
6432,-0.0990455150604248,1,0.0123806893825531,1.0,0.0,0.0
6433,-1417.0526986122131,1265,0.09550247889733597,0.16521739130434782,0.0,0.0
6434,1.7970638275146484,1,0.025367021560668945,1.0,0.0,0.0
6435,-1.4721713066101074,1,0.18402141332626343,0.0,0.0,0.0
6436,-3.0,1,0.29295650124549866,0.0,0.0,0.0
6437,-0.08077740669250488,1,0.01009717583656311,1.0,0.0,0.0
6438,-0.6855185031890869,1,0.08568981289863586,0.0,0.0,0.0
6439,-0.9162354469299316,1,0.11452943086624146,0.0,0.0,0.0
6440,-0.6382763385772705,1,0.07978454232215881,0.0,0.0,0.0
6441,-0.8400068283081055,1,0.10500085353851318,0.0,0.0,0.0
6442,1.9561491012573242,1,0.005481362342834473,1.0,0.0,0.0
6443,-0.8198943138122559,1,0.10248678922653198,0.0,0.0,0.0
6444,-2.992036819458008,1,0.12400460243225098,0.0,0.0,0.0
6445,-2.930936098098755,1,0.11636701226234436,0.0,0.0,0.0
6446,-0.7860643863677979,1,0.09825804829597473,0.0,0.0,0.0
6447,-1.2184276580810547,1,0.15230345726013184,0.0,0.0,0.0
6448,-3.0,1,0.1614069640636444,0.0,0.0,0.0
6449,-1440.200850725174,1265,0.10388816199283826,0.18023715415019761,0.0,0.0
6450,-0.9922704696655273,1,0.12403380870819092,0.0,0.0,0.0
6451,-3.0,1,0.15514999628067017,0.0,0.0,0.0
6452,-0.44897937774658203,1,0.056122422218322754,0.0,0.0,0.0
6453,-3.0,1,0.1493196189403534,0.0,0.0,0.0
6454,-0.20272374153137207,1,0.02534046769142151,1.0,0.0,0.0
6455,1.95847749710083,1,0.00519031286239624,1.0,0.0,0.0
6456,-2.657155990600586,1,0.08214449882507324,0.0,0.0,0.0
6457,-0.056437015533447266,1,0.007054626941680908,1.0,0.0,0.0
6458,-2.8279004096984863,1,0.10348755121231079,0.0,0.0,0.0
6459,-0.4720425605773926,1,0.05900532007217407,0.0,0.0,0.0
6460,-2.817558526992798,1,0.10219481587409973,0.0,0.0,0.0
6461,-1.143347978591919,1,0.14291849732398987,0.0,0.0,0.0
6462,-1.5391597747802734,1,0.19239497184753418,0.0,0.0,0.0
6463,-1.209392786026001,1,0.15117409825325012,0.0,0.0,0.0
6464,-3.0,1,0.13832494616508484,0.0,0.0,0.0
6465,-1218.0762794017792,1265,0.09288199972729438,0.258498023715415,0.0,0.0
6466,-3.0,1,0.15332898497581482,0.0,0.0,0.0
6467,-2.5056815147399902,1,0.06321018934249878,0.0,0.0,0.0
6468,-2.4103198051452637,1,0.05128997564315796,0.0,0.0,0.0
6469,-1.1326849460601807,1,0.14158561825752258,0.0,0.0,0.0
6470,1.9601452350616455,1,0.0049818456172943115,1.0,0.0,0.0
6471,-0.006620168685913086,1,0.0008275210857391357,1.0,0.0,0.0
6472,-0.632993221282959,1,0.07912415266036987,0.0,0.0,0.0
6473,-2.4442732334136963,1,0.055534154176712036,0.0,0.0,0.0
6474,-3.0,1,0.13222765922546387,0.0,0.0,0.0
6475,-0.013091087341308594,1,0.0016363859176635742,1.0,0.0,0.0
6476,-0.32793569564819336,1,0.04099196195602417,0.0,0.0,0.0
6477,-3.0,1,0.2897292375564575,0.0,0.0,0.0
6478,-1.8613672256469727,1,0.23267090320587158,0.0,0.0,0.0
6479,-3.0,1,0.19211339950561523,0.0,0.0,0.0
6480,1.973273754119873,1,0.003340780735015869,1.0,0.0,0.0
6481,-1497.2182590961456,1265,0.11170522252561546,0.16363636363636364,0.0,0.0
6482,-2.3443901538848877,1,0.29304876923561096,0.0,0.0,0.0
6483,-0.9372012615203857,1,0.11715015769004822,0.0,0.0,0.0
6484,-1.2020530700683594,1,0.15025663375854492,0.0,0.0,0.0
6485,-0.04863309860229492,1,0.006079137325286865,1.0,0.0,0.0
6486,-2.365689516067505,1,0.04571118950843811,0.0,0.0,0.0
6487,-2.048841714859009,1,0.2561052143573761,0.0,0.0,0.0
6488,-0.7549939155578613,1,0.09437423944473267,0.0,0.0,0.0
6489,-0.6112885475158691,1,0.07641106843948364,0.0,0.0,0.0
6490,-2.5280182361602783,1,0.06600227952003479,0.0,0.0,0.0
6491,-1.3840646743774414,1,0.17300808429718018,0.0,0.0,0.0
6492,-3.0,1,0.1397857666015625,0.0,0.0,0.0
6493,-0.7638702392578125,1,0.09548377990722656,0.0,0.0,0.0
6494,1.99928617477417,1,8.922815322875977e-05,1.0,0.0,0.0
6495,-2.0619919300079346,1,0.2577489912509918,0.0,0.0,0.0
6496,-0.7566237449645996,1,0.09457796812057495,0.0,0.0,0.0
6497,-1344.9845325946808,1265,0.09373587706814641,0.12964426877470356,0.0,0.0
6498,-2.28316593170166,1,0.03539574146270752,0.0,0.0,0.0
6499,-2.5031192302703857,1,0.06288990378379822,0.0,0.0,0.0
6500,-0.24101972579956055,1,0.03012746572494507,0.0,0.0,0.0
6501,-1.1367595195770264,1,0.1420949399471283,0.0,0.0,0.0
6502,-0.602308988571167,1,0.07528862357139587,0.0,0.0,0.0
6503,-2.8321053981781006,1,0.10401317477226257,0.0,0.0,0.0
6504,-1.6566269397735596,1,0.20707836747169495,0.0,0.0,0.0
6505,-0.4924485683441162,1,0.061556071043014526,0.0,0.0,0.0
6506,-2.5004348754882812,1,0.06255435943603516,0.0,0.0,0.0
6507,-3.0,1,0.23851332068443298,0.0,0.0,0.0
6508,-3.0,1,0.20608100295066833,0.0,0.0,0.0
6509,-0.8587634563446045,1,0.10734543204307556,0.0,0.0,0.0
6510,-2.665405035018921,1,0.08317562937736511,0.0,0.0,0.0
6511,-2.961115837097168,1,0.120139479637146,0.0,0.0,0.0
6512,-0.6030185222625732,1,0.07537731528282166,0.0,0.0,0.0
6513,-1251.185331583023,1265,0.09070265684203196,0.24031620553359684,0.0,0.0
6514,-0.45215392112731934,1,0.05651924014091492,0.0,0.0,0.0
6515,-0.8450281620025635,1,0.10562852025032043,0.0,0.0,0.0
6516,-2.3522729873657227,1,0.04403412342071533,0.0,0.0,0.0
6517,-1.1781604290008545,1,0.1472700536251068,0.0,0.0,0.0
6518,-3.0,1,0.15870308876037598,0.0,0.0,0.0
6519,-0.21226167678833008,1,0.02653270959854126,1.0,0.0,0.0
6520,1.963916301727295,1,0.004510462284088135,1.0,0.0,0.0
6521,-1.7655329704284668,1,0.22069162130355835,0.0,0.0,0.0
6522,-1.7236816883087158,1,0.21546021103858948,0.0,0.0,0.0
6523,-0.4140589237213135,1,0.051757365465164185,0.0,0.0,0.0
6524,1.8442771434783936,1,0.019465357065200806,1.0,0.0,0.0
6525,-0.8825831413269043,1,0.11032289266586304,0.0,0.0,0.0
6526,1.8503639698028564,1,0.018704503774642944,1.0,0.0,0.0
6527,-1.0190913677215576,1,0.1273864209651947,0.0,0.0,0.0
6528,-3.0,1,0.1435108482837677,0.0,0.0,0.0
6529,-1695.5216653347015,1265,0.10403968128762227,0.10988142292490119,0.0,0.0
6530,-1.2696971893310547,1,0.15871214866638184,0.0,0.0,0.0
6531,-1.1021089553833008,1,0.1377636194229126,0.0,0.0,0.0
6532,-2.911358594894409,1,0.11391982436180115,0.0,0.0,0.0
6533,-0.4878382682800293,1,0.06097978353500366,0.0,0.0,0.0
6534,-2.4825727939605713,1,0.3103215992450714,0.0,0.0,0.0
6535,-2.9029369354248047,1,0.11286711692810059,0.0,0.0,0.0
6536,-0.4034767150878906,1,0.05043458938598633,0.0,0.0,0.0
6537,-1.41011643409729,1,0.17626455426216125,0.0,0.0,0.0
6538,-1.061044692993164,1,0.1326305866241455,0.0,0.0,0.0
6539,-3.0,1,0.2026761770248413,0.0,0.0,0.0
6540,1.7819921970367432,1,0.027250975370407104,1.0,0.0,0.0
6541,-1.578711748123169,1,0.19733896851539612,0.0,0.0,0.0
6542,-0.7358231544494629,1,0.09197789430618286,0.0,0.0,0.0
6543,-0.7681195735931396,1,0.09601494669914246,0.0,0.0,0.0
6544,-2.523149013519287,1,0.06539362668991089,0.0,0.0,0.0
6545,-1510.1415107250214,1265,0.10271891343734953,0.18814229249011857,0.0,0.0
6546,-0.8123407363891602,1,0.10154259204864502,0.0,0.0,0.0
6547,-0.3793823719024658,1,0.04742279648780823,0.0,0.0,0.0
6548,-0.7638928890228271,1,0.0954866111278534,0.0,0.0,0.0
6549,-2.590435028076172,1,0.07380437850952148,0.0,0.0,0.0
6550,1.943206787109375,1,0.007099151611328125,1.0,0.0,0.0
6551,-2.5562877655029297,1,0.06953597068786621,0.0,0.0,0.0
6552,-3.0,1,0.13594385981559753,0.0,0.0,0.0
6553,-2.7476727962493896,1,0.0934590995311737,0.0,0.0,0.0
6554,1.8847825527191162,1,0.014402180910110474,1.0,0.0,0.0
6555,-0.3132791519165039,1,0.03915989398956299,0.0,0.0,0.0
6556,-0.22632622718811035,1,0.028290778398513794,1.0,0.0,0.0
6557,-1.339179277420044,1,0.1673974096775055,0.0,0.0,0.0
6558,-3.0,1,0.15285038948059082,0.0,0.0,0.0
6559,-1.5880742073059082,1,0.19850927591323853,0.0,0.0,0.0
6560,-0.15000462532043457,1,0.01875057816505432,1.0,0.0,0.0
6561,-1362.2202939987183,1265,0.08874530891184751,0.17786561264822134,0.0,0.0
6562,1.8981895446777344,1,0.012726306915283203,1.0,0.0,0.0
6563,-0.3975701332092285,1,0.049696266651153564,0.0,0.0,0.0
6564,-0.8752913475036621,1,0.10941141843795776,0.0,0.0,0.0
6565,1.8909566402435303,1,0.013630419969558716,1.0,0.0,0.0
6566,-1.3187775611877441,1,0.16484719514846802,0.0,0.0,0.0
6567,-2.351020336151123,1,0.04387754201889038,0.0,0.0,0.0
6568,1.942418098449707,1,0.007197737693786621,1.0,0.0,0.0
6569,-2.2607357501983643,1,0.03259196877479553,0.0,0.0,0.0
6570,-1.1004173755645752,1,0.1375521719455719,0.0,0.0,0.0
6571,-0.3174281120300293,1,0.03967851400375366,0.0,0.0,0.0
6572,-1.1170799732208252,1,0.13963499665260315,0.0,0.0,0.0
6573,-2.8740153312683105,1,0.10925191640853882,0.0,0.0,0.0
6574,-0.4518580436706543,1,0.05648225545883179,0.0,0.0,0.0
6575,-2.642357349395752,1,0.080294668674469,0.0,0.0,0.0
6576,-2.880922555923462,1,0.11011531949043274,0.0,0.0,0.0
6577,-1477.0650796890259,1265,0.09662623235830677,0.19288537549407114,0.0,0.0
6578,1.768101692199707,1,0.02898728847503662,1.0,0.0,0.0
6579,-3.0,1,0.13016805052757263,0.0,0.0,0.0
6580,-2.707021474838257,1,0.0883776843547821,0.0,0.0,0.0
6581,-3.0,1,0.19593220949172974,0.0,0.0,0.0
6582,-1.3892688751220703,1,0.1736586093902588,0.0,0.0,0.0
6583,-1.480144739151001,1,0.18501809239387512,0.0,0.0,0.0
6584,-0.30668115615844727,1,0.03833514451980591,0.0,0.0,0.0
6585,-0.6193032264709473,1,0.07741290330886841,0.0,0.0,0.0
6586,-0.013742446899414062,1,0.0017178058624267578,1.0,0.0,0.0
6587,-1.2302312850952148,1,0.15377891063690186,0.0,0.0,0.0
6588,-2.739206314086914,1,0.09240078926086426,0.0,0.0,0.0
6589,-0.7033107280731201,1,0.08791384100914001,0.0,0.0,0.0
6590,-0.37862586975097656,1,0.04732823371887207,0.0,0.0,0.0
6591,-1.4872422218322754,1,0.18590527772903442,0.0,0.0,0.0
6592,-1.3970777988433838,1,0.17463472485542297,0.0,0.0,0.0
6593,-1618.048058271408,1265,0.11136768382528554,0.16521739130434782,0.0,0.0
6594,-3.0,1,0.15572381019592285,0.0,0.0,0.0
6595,-3.0,1,0.14914381504058838,0.0,0.0,0.0
6596,-0.3439164161682129,1,0.04298955202102661,0.0,0.0,0.0
6597,-1.0652265548706055,1,0.13315331935882568,0.0,0.0,0.0
6598,-0.8991551399230957,1,0.11239439249038696,0.0,0.0,0.0
6599,-0.5601778030395508,1,0.07002222537994385,0.0,0.0,0.0
6600,-0.29271674156188965,1,0.036589592695236206,0.0,0.0,0.0
6601,-2.6372103691101074,1,0.07965129613876343,0.0,0.0,0.0
6602,-2.8911643028259277,1,0.11139553785324097,0.0,0.0,0.0
6603,1.7823784351348877,1,0.027202695608139038,1.0,0.0,0.0
6604,-1.6423194408416748,1,0.20528993010520935,0.0,0.0,0.0
6605,-2.865924596786499,1,0.10824057459831238,0.0,0.0,0.0
6606,-2.551420211791992,1,0.318927526473999,0.0,0.0,0.0
6607,-0.1843278408050537,1,0.023040980100631714,1.0,0.0,0.0
6608,-1.6269211769104004,1,0.20336514711380005,0.0,0.0,0.0
6609,-1502.0876488685608,1265,0.08941440344327994,0.13359683794466404,0.0,0.0
6610,-0.004667043685913086,1,0.0005833804607391357,1.0,0.0,0.0
6611,-0.14055967330932617,1,0.01756995916366577,1.0,0.0,0.0
6612,-0.8799338340759277,1,0.10999172925949097,0.0,0.0,0.0
6613,-0.7881131172180176,1,0.0985141396522522,0.0,0.0,0.0
6614,-1.071455478668213,1,0.1339319348335266,0.0,0.0,0.0
6615,-2.3439996242523193,1,0.04299995303153992,0.0,0.0,0.0
6616,-2.572925090789795,1,0.07161563634872437,0.0,0.0,0.0
6617,-0.21294951438903809,1,0.02661868929862976,1.0,0.0,0.0
6618,1.8959877490997314,1,0.01300153136253357,1.0,0.0,0.0
6619,-3.0,1,0.14560279250144958,0.0,0.0,0.0
6620,-0.7127056121826172,1,0.08908820152282715,0.0,0.0,0.0
6621,-0.7517895698547363,1,0.09397369623184204,0.0,0.0,0.0
6622,-0.003855466842651367,1,0.0004819333553314209,1.0,0.0,0.0
6623,-2.486600160598755,1,0.06082502007484436,0.0,0.0,0.0
6624,-1.3644628524780273,1,0.17055785655975342,0.0,0.0,0.0
6625,-1315.4729611873627,1265,0.09912790031772357,0.2015810276679842,0.0,0.0
6626,-1.3167214393615723,1,0.16459017992019653,0.0,0.0,0.0
6627,-0.2166447639465332,1,0.02708059549331665,1.0,0.0,0.0
6628,-1.121563196182251,1,0.14019539952278137,0.0,0.0,0.0
6629,-0.9332265853881836,1,0.11665332317352295,0.0,0.0,0.0
6630,-0.09535956382751465,1,0.011919945478439331,1.0,0.0,0.0
6631,-2.5520994663238525,1,0.06901243329048157,0.0,0.0,0.0
6632,-1.419922113418579,1,0.1774902641773224,0.0,0.0,0.0
6633,-0.8667802810668945,1,0.10834753513336182,0.0,0.0,0.0
6634,1.927523136138916,1,0.009059607982635498,1.0,0.0,0.0
6635,-3.0,1,0.1970486044883728,0.0,0.0,0.0
6636,-3.0,1,0.13334456086158752,0.0,0.0,0.0
6637,-1.0098977088928223,1,0.12623721361160278,0.0,0.0,0.0
6638,-3.0,1,0.21588680148124695,0.0,0.0,0.0
6639,-1.064743995666504,1,0.133092999458313,0.0,0.0,0.0
6640,-0.9441885948181152,1,0.1180235743522644,0.0,0.0,0.0
6641,-1406.202138185501,1265,0.10285545674708521,0.19683794466403162,0.0,0.0
6642,-1.8176336288452148,1,0.22720420360565186,0.0,0.0,0.0
6643,-0.48947572708129883,1,0.061184465885162354,0.0,0.0,0.0
6644,-1.5845608711242676,1,0.19807010889053345,0.0,0.0,0.0
6645,-0.8677911758422852,1,0.10847389698028564,0.0,0.0,0.0
6646,1.962510347366333,1,0.004686206579208374,1.0,0.0,0.0
6647,-1.0845682621002197,1,0.13557103276252747,0.0,0.0,0.0
6648,-0.9116530418395996,1,0.11395663022994995,0.0,0.0,0.0
6649,1.963794469833374,1,0.004525691270828247,1.0,0.0,0.0
6650,-2.843531608581543,1,0.10544145107269287,0.0,0.0,0.0
6651,-0.5060157775878906,1,0.06325197219848633,0.0,0.0,0.0
6652,-2.0512380599975586,1,0.2564047574996948,0.0,0.0,0.0
6653,-0.6215882301330566,1,0.07769852876663208,0.0,0.0,0.0
6654,-1.8244330883026123,1,0.22805413603782654,0.0,0.0,0.0
6655,-1.0146756172180176,1,0.1268344521522522,0.0,0.0,0.0
6656,-0.7126166820526123,1,0.08907708525657654,0.0,0.0,0.0
